buyer_id,risk_tier,account_age_days,historical_orders,historical_success_rate,consecutive_failed_cods,reliability_score,phone_verified,address_changed_recently
BUYER-00001,LOW_RISK,1489,24,0.951,0,86.4,1,0
BUYER-00002,HIGH_RISK,129,4,0.74,1,43.5,1,1
BUYER-00003,LOW_RISK,1296,21,0.98,0,82.5,1,0
BUYER-00004,LOW_RISK,371,37,0.962,0,91.6,1,1
BUYER-00005,LOW_RISK,1329,35,0.986,0,93.2,1,0
BUYER-00006,LOW_RISK,1039,38,0.972,0,86.5,1,0
BUYER-00007,LOW_RISK,193,30,0.985,0,87.4,1,0
BUYER-00008,MEDIUM_RISK,189,9,0.934,1,63.1,0,0
BUYER-00009,LOW_RISK,369,58,0.955,0,95.6,1,0
BUYER-00010,LOW_RISK,1416,43,0.99,0,93.7,1,0
BUYER-00011,LOW_RISK,1278,25,0.999,0,88.1,1,0
BUYER-00012,HIGH_RISK,297,6,0.758,2,42.5,1,1
BUYER-00013,MEDIUM_RISK,400,21,0.827,0,56.7,1,0
BUYER-00014,LOW_RISK,1534,39,0.989,0,97.8,1,0
BUYER-00015,LOW_RISK,656,22,0.969,0,89.3,1,0
BUYER-00016,LOW_RISK,927,30,0.969,0,85.4,1,1
BUYER-00017,LOW_RISK,726,19,0.98,0,84.7,1,0
BUYER-00018,LOW_RISK,1673,41,0.958,0,88.1,1,0
BUYER-00019,LOW_RISK,1490,38,0.984,0,95.5,1,0
BUYER-00020,LOW_RISK,1769,17,0.961,0,82.5,1,0
BUYER-00021,LOW_RISK,826,61,0.963,0,85.4,1,0
BUYER-00022,LOW_RISK,1341,50,0.961,0,90.0,1,0
BUYER-00023,LOW_RISK,1496,68,0.957,0,84.2,1,0
BUYER-00024,LOW_RISK,1705,78,0.963,0,91.4,1,0
BUYER-00025,LOW_RISK,1375,61,0.968,0,98.0,1,0
BUYER-00026,LOW_RISK,463,75,0.975,0,94.1,1,0
BUYER-00027,LOW_RISK,404,29,0.981,0,94.7,1,0
BUYER-00028,LOW_RISK,1044,18,0.969,0,91.5,1,0
BUYER-00029,LOW_RISK,1138,77,0.963,0,90.9,1,0
BUYER-00030,LOW_RISK,203,24,0.984,0,90.6,1,0
BUYER-00031,LOW_RISK,726,53,0.956,0,89.0,1,0
BUYER-00032,LOW_RISK,1109,10,0.998,0,96.0,1,0
BUYER-00033,LOW_RISK,719,74,0.988,0,90.1,1,0
BUYER-00034,HIGH_RISK,69,15,0.719,1,46.3,0,0
BUYER-00035,HIGH_RISK,274,11,0.638,2,38.4,1,0
BUYER-00036,LOW_RISK,510,79,0.998,0,96.8,1,1
BUYER-00037,LOW_RISK,181,51,0.974,0,83.8,1,0
BUYER-00038,LOW_RISK,923,49,0.962,0,85.9,1,0
BUYER-00039,LOW_RISK,1341,20,0.954,0,89.8,1,0
BUYER-00040,LOW_RISK,321,78,0.988,0,84.1,1,0
BUYER-00041,LOW_RISK,1153,80,0.958,0,90.4,1,0
BUYER-00042,LOW_RISK,1422,64,0.998,0,96.9,1,0
BUYER-00043,LOW_RISK,1726,35,0.986,0,88.4,1,0
BUYER-00044,MEDIUM_RISK,695,14,0.861,0,67.4,1,0
BUYER-00045,LOW_RISK,427,41,0.961,0,87.4,1,0
BUYER-00046,LOW_RISK,1384,80,0.962,0,85.5,1,0
BUYER-00047,LOW_RISK,325,17,0.961,0,96.5,1,1
BUYER-00048,LOW_RISK,856,19,0.976,0,86.5,1,0
BUYER-00049,LOW_RISK,1174,37,0.977,0,93.6,1,0
BUYER-00050,LOW_RISK,1349,70,0.962,0,89.6,1,0
BUYER-00051,HIGH_RISK,223,5,0.618,2,43.2,1,0
BUYER-00052,LOW_RISK,905,64,0.971,0,95.8,1,1
BUYER-00053,MEDIUM_RISK,85,24,0.891,1,70.5,1,0
BUYER-00054,MEDIUM_RISK,92,15,0.902,0,74.2,1,1
BUYER-00055,LOW_RISK,403,41,0.96,0,90.6,1,0
BUYER-00056,MEDIUM_RISK,173,16,0.826,1,66.1,1,0
BUYER-00057,LOW_RISK,334,66,0.99,0,95.7,1,0
BUYER-00058,LOW_RISK,380,16,0.983,0,90.6,1,0
BUYER-00059,LOW_RISK,210,21,0.996,0,95.6,1,0
BUYER-00060,LOW_RISK,520,62,0.974,0,85.4,1,0
BUYER-00061,LOW_RISK,1001,17,0.958,0,82.0,1,0
BUYER-00062,LOW_RISK,979,43,0.996,0,94.6,1,0
BUYER-00063,MEDIUM_RISK,322,16,0.898,0,72.5,1,0
BUYER-00064,LOW_RISK,1784,72,0.958,0,86.7,1,0
BUYER-00065,LOW_RISK,299,79,0.953,0,87.0,1,0
BUYER-00066,LOW_RISK,282,71,0.975,0,95.6,1,0
BUYER-00067,LOW_RISK,502,17,0.998,0,83.3,1,0
BUYER-00068,LOW_RISK,560,18,0.98,0,92.8,1,0
BUYER-00069,LOW_RISK,661,61,0.956,0,96.2,1,0
BUYER-00070,REPEATED_HIGH_RISK,70,2,0.435,6,21.1,0,1
BUYER-00071,LOW_RISK,1337,76,0.966,0,86.2,1,0
BUYER-00072,LOW_RISK,1551,50,0.962,0,88.3,1,0
BUYER-00073,LOW_RISK,1555,48,0.973,0,96.9,1,0
BUYER-00074,LOW_RISK,328,11,0.973,0,98.0,1,0
BUYER-00075,LOW_RISK,384,19,0.977,0,90.1,1,0
BUYER-00076,LOW_RISK,451,54,0.994,0,96.1,1,0
BUYER-00077,LOW_RISK,936,46,0.958,0,95.3,1,0
BUYER-00078,LOW_RISK,1620,48,0.981,0,97.8,1,1
BUYER-00079,LOW_RISK,1519,77,0.95,0,95.1,1,0
BUYER-00080,LOW_RISK,793,23,0.997,0,84.1,1,0
BUYER-00081,MEDIUM_RISK,148,6,0.904,1,58.7,1,0
BUYER-00082,LOW_RISK,757,36,0.986,0,85.3,1,0
BUYER-00083,LOW_RISK,1478,43,0.975,0,86.0,1,0
BUYER-00084,LOW_RISK,284,21,0.982,0,95.3,1,0
BUYER-00085,LOW_RISK,270,10,0.967,0,84.1,1,0
BUYER-00086,LOW_RISK,716,30,0.987,0,90.8,1,0
BUYER-00087,LOW_RISK,1055,11,0.956,0,97.1,1,0
BUYER-00088,LOW_RISK,1595,29,0.977,0,95.4,1,1
BUYER-00089,MEDIUM_RISK,626,20,0.821,0,58.1,1,1
BUYER-00090,LOW_RISK,811,56,0.995,0,94.7,1,0
BUYER-00091,LOW_RISK,261,55,0.961,0,86.0,1,0
BUYER-00092,LOW_RISK,390,55,0.989,0,96.1,1,0
BUYER-00093,LOW_RISK,1012,29,0.996,0,85.8,1,0
BUYER-00094,LOW_RISK,512,32,0.994,0,82.4,1,0
BUYER-00095,LOW_RISK,1688,52,0.989,0,88.6,1,1
BUYER-00096,LOW_RISK,1551,41,0.963,0,94.6,1,0
BUYER-00097,LOW_RISK,401,58,0.994,0,95.7,1,1
BUYER-00098,LOW_RISK,635,35,0.991,0,89.4,1,0
BUYER-00099,LOW_RISK,805,39,0.961,0,92.6,1,1
BUYER-00100,LOW_RISK,996,52,0.964,0,83.1,1,0
BUYER-00101,LOW_RISK,1763,45,0.968,0,90.2,1,0
BUYER-00102,LOW_RISK,1571,78,0.967,0,82.4,1,0
BUYER-00103,LOW_RISK,714,32,0.979,0,97.7,1,0
BUYER-00104,LOW_RISK,258,23,0.98,0,87.5,1,0
BUYER-00105,MEDIUM_RISK,351,16,0.885,0,67.3,1,0
BUYER-00106,LOW_RISK,968,34,0.963,0,93.3,1,0
BUYER-00107,LOW_RISK,183,76,0.996,0,90.6,1,0
BUYER-00108,LOW_RISK,1653,35,0.968,0,83.1,1,0
BUYER-00109,LOW_RISK,1540,52,0.981,0,92.6,1,0
BUYER-00110,LOW_RISK,435,48,0.975,0,92.7,1,0
BUYER-00111,LOW_RISK,848,61,0.985,0,90.9,1,1
BUYER-00112,LOW_RISK,572,63,0.983,0,88.1,1,0
BUYER-00113,MEDIUM_RISK,208,22,0.88,0,64.7,1,0
BUYER-00114,LOW_RISK,180,48,0.964,0,88.9,1,0
BUYER-00115,LOW_RISK,1367,51,0.973,0,89.1,1,0
BUYER-00116,MEDIUM_RISK,248,19,0.866,0,76.6,1,0
BUYER-00117,LOW_RISK,1687,31,0.983,0,86.5,1,0
BUYER-00118,LOW_RISK,1539,52,0.955,0,97.2,1,0
BUYER-00119,MEDIUM_RISK,270,24,0.843,0,74.4,1,0
BUYER-00120,LOW_RISK,481,13,0.952,0,97.7,1,0
BUYER-00121,LOW_RISK,1431,19,0.973,0,96.2,1,0
BUYER-00122,MEDIUM_RISK,619,9,0.901,0,64.2,1,0
BUYER-00123,LOW_RISK,998,41,0.957,0,93.0,1,0
BUYER-00124,LOW_RISK,1717,23,0.989,0,85.5,1,0
BUYER-00125,LOW_RISK,1605,76,0.973,0,90.9,1,0
BUYER-00126,LOW_RISK,428,68,0.957,0,89.4,1,0
BUYER-00127,LOW_RISK,1267,50,0.998,0,96.3,1,0
BUYER-00128,MEDIUM_RISK,657,19,0.86,1,76.8,1,0
BUYER-00129,LOW_RISK,1093,30,0.987,0,89.6,1,0
BUYER-00130,LOW_RISK,710,41,0.992,0,86.4,1,0
BUYER-00131,LOW_RISK,1772,76,0.974,0,85.8,1,0
BUYER-00132,LOW_RISK,1080,19,0.986,0,85.8,1,0
BUYER-00133,LOW_RISK,867,50,0.995,0,83.3,1,1
BUYER-00134,LOW_RISK,488,39,0.969,0,84.4,1,0
BUYER-00135,HIGH_RISK,124,3,0.679,2,37.6,1,0
BUYER-00136,LOW_RISK,1134,63,0.953,0,95.3,1,0
BUYER-00137,LOW_RISK,977,12,0.993,0,94.2,1,0
BUYER-00138,LOW_RISK,959,71,0.95,0,87.6,1,0
BUYER-00139,LOW_RISK,1723,59,0.993,0,97.3,1,0
BUYER-00140,HIGH_RISK,229,10,0.742,1,41.3,1,0
BUYER-00141,HIGH_RISK,323,5,0.693,2,36.6,0,0
BUYER-00142,LOW_RISK,1174,13,0.969,0,92.7,1,0
BUYER-00143,LOW_RISK,1008,31,0.992,0,96.7,1,0
BUYER-00144,LOW_RISK,1454,78,0.951,0,88.3,1,0
BUYER-00145,LOW_RISK,1335,13,0.954,0,88.9,1,0
BUYER-00146,LOW_RISK,1125,33,0.953,0,88.1,1,1
BUYER-00147,LOW_RISK,613,68,0.966,0,94.2,1,0
BUYER-00148,LOW_RISK,956,45,0.988,0,95.3,1,0
BUYER-00149,LOW_RISK,696,20,0.974,0,94.0,1,0
BUYER-00150,LOW_RISK,286,54,0.961,0,83.1,1,0
BUYER-00151,MEDIUM_RISK,697,4,0.906,0,77.8,1,0
BUYER-00152,LOW_RISK,588,12,0.981,0,85.8,1,0
BUYER-00153,LOW_RISK,1149,24,0.978,0,85.5,1,0
BUYER-00154,LOW_RISK,1612,42,0.988,0,84.7,1,0
BUYER-00155,REPEATED_HIGH_RISK,162,3,0.496,4,27.3,0,0
BUYER-00156,LOW_RISK,401,13,0.996,0,91.2,1,0
BUYER-00157,LOW_RISK,948,60,0.997,0,85.2,1,0
BUYER-00158,LOW_RISK,1392,41,0.955,0,94.4,1,0
BUYER-00159,LOW_RISK,1581,25,0.99,0,91.1,1,0
BUYER-00160,LOW_RISK,264,54,0.977,0,92.6,1,0
BUYER-00161,LOW_RISK,321,74,0.982,0,82.2,1,0
BUYER-00162,LOW_RISK,1040,72,0.955,0,97.4,1,0
BUYER-00163,LOW_RISK,1481,68,0.985,0,89.0,1,1
BUYER-00164,LOW_RISK,1682,76,0.998,0,86.3,1,1
BUYER-00165,LOW_RISK,1282,71,0.973,0,95.2,1,0
BUYER-00166,MEDIUM_RISK,636,11,0.845,0,60.9,1,0
BUYER-00167,LOW_RISK,357,45,0.994,0,85.9,1,0
BUYER-00168,LOW_RISK,1131,58,0.967,0,89.9,1,0
BUYER-00169,LOW_RISK,845,33,0.974,0,87.7,1,0
BUYER-00170,LOW_RISK,709,53,0.964,0,91.5,1,0
BUYER-00171,LOW_RISK,745,11,0.976,0,85.1,1,0
BUYER-00172,LOW_RISK,674,62,0.974,0,94.1,1,0
BUYER-00173,LOW_RISK,1594,70,0.982,0,89.9,1,0
BUYER-00174,LOW_RISK,215,21,0.965,0,88.5,1,0
BUYER-00175,LOW_RISK,678,49,0.983,0,87.9,1,0
BUYER-00176,LOW_RISK,1313,77,0.967,0,97.9,1,0
BUYER-00177,LOW_RISK,1307,52,0.968,0,89.3,1,0
BUYER-00178,LOW_RISK,807,42,0.962,0,93.5,1,0
BUYER-00179,MEDIUM_RISK,353,6,0.904,0,77.8,0,0
BUYER-00180,LOW_RISK,1593,33,0.96,0,93.8,1,0
BUYER-00181,LOW_RISK,746,77,0.98,0,97.7,1,0
BUYER-00182,LOW_RISK,577,47,0.961,0,84.9,1,1
BUYER-00183,MEDIUM_RISK,44,25,0.875,1,61.6,1,0
BUYER-00184,MEDIUM_RISK,85,20,0.841,1,77.7,1,0
BUYER-00185,LOW_RISK,1486,72,0.955,0,82.2,1,0
BUYER-00186,LOW_RISK,762,70,0.974,0,87.5,1,1
BUYER-00187,LOW_RISK,285,42,0.997,0,89.6,1,0
BUYER-00188,LOW_RISK,313,61,0.975,0,91.2,1,0
BUYER-00189,LOW_RISK,1585,16,0.958,0,95.0,1,0
BUYER-00190,LOW_RISK,802,20,1.0,0,83.9,1,0
BUYER-00191,LOW_RISK,1745,63,0.98,0,94.7,1,0
BUYER-00192,MEDIUM_RISK,261,19,0.853,1,76.8,1,0
BUYER-00193,MEDIUM_RISK,334,21,0.939,1,62.3,1,0
BUYER-00194,LOW_RISK,1451,17,0.98,0,93.8,1,0
BUYER-00195,LOW_RISK,1742,36,0.981,0,86.2,1,0
BUYER-00196,LOW_RISK,346,30,0.962,0,90.8,1,0
BUYER-00197,LOW_RISK,500,10,0.97,0,93.0,1,0
BUYER-00198,MEDIUM_RISK,511,12,0.805,1,61.9,0,0
BUYER-00199,MEDIUM_RISK,319,25,0.92,1,56.7,1,0
BUYER-00200,LOW_RISK,658,43,0.989,0,92.0,1,0
BUYER-00201,LOW_RISK,1534,35,0.971,0,90.7,1,0
BUYER-00202,LOW_RISK,1506,29,0.995,0,95.2,1,0
BUYER-00203,LOW_RISK,326,17,0.958,0,86.9,1,0
BUYER-00204,MEDIUM_RISK,612,12,0.861,0,66.2,0,0
BUYER-00205,LOW_RISK,802,61,0.997,0,90.0,1,1
BUYER-00206,LOW_RISK,1191,66,0.954,0,82.6,1,0
BUYER-00207,LOW_RISK,1064,51,0.98,0,82.4,1,0
BUYER-00208,LOW_RISK,648,12,1.0,0,92.8,1,0
BUYER-00209,LOW_RISK,731,15,0.988,0,84.8,1,0
BUYER-00210,LOW_RISK,1242,66,0.996,0,84.9,1,0
BUYER-00211,LOW_RISK,1378,65,0.982,0,89.9,1,0
BUYER-00212,LOW_RISK,366,70,0.967,0,87.3,1,0
BUYER-00213,LOW_RISK,1552,23,0.993,0,87.3,1,0
BUYER-00214,LOW_RISK,1600,73,0.964,0,97.1,1,1
BUYER-00215,LOW_RISK,1737,80,0.952,0,83.4,1,0
BUYER-00216,LOW_RISK,696,51,0.956,0,94.4,1,0
BUYER-00217,LOW_RISK,1233,10,0.983,0,90.7,1,0
BUYER-00218,LOW_RISK,1026,16,0.959,0,87.8,1,0
BUYER-00219,LOW_RISK,1729,73,0.981,0,94.2,1,0
BUYER-00220,MEDIUM_RISK,238,11,0.877,0,77.3,1,0
BUYER-00221,LOW_RISK,1077,72,0.956,0,97.6,1,0
BUYER-00222,LOW_RISK,1426,40,0.985,0,87.0,1,0
BUYER-00223,LOW_RISK,208,80,0.97,0,85.6,1,1
BUYER-00224,LOW_RISK,412,69,0.997,0,92.4,1,0
BUYER-00225,LOW_RISK,495,73,0.997,0,86.7,1,0
BUYER-00226,LOW_RISK,1624,44,0.971,0,89.7,1,0
BUYER-00227,HIGH_RISK,256,5,0.687,1,34.5,1,0
BUYER-00228,LOW_RISK,570,75,0.987,0,84.2,1,0
BUYER-00229,MEDIUM_RISK,101,11,0.908,1,75.5,1,0
BUYER-00230,LOW_RISK,876,74,0.963,0,82.0,1,0
BUYER-00231,LOW_RISK,1666,48,0.992,0,91.3,1,0
BUYER-00232,LOW_RISK,1531,72,0.993,0,89.1,1,0
BUYER-00233,LOW_RISK,1171,54,0.967,0,94.2,1,0
BUYER-00234,LOW_RISK,952,68,0.997,0,95.9,1,1
BUYER-00235,LOW_RISK,1608,40,0.979,0,85.7,1,0
BUYER-00236,LOW_RISK,1768,62,0.952,0,93.9,1,0
BUYER-00237,LOW_RISK,1624,58,0.969,0,92.6,1,0
BUYER-00238,LOW_RISK,1515,29,0.975,0,82.6,1,0
BUYER-00239,LOW_RISK,1208,52,0.993,0,96.0,1,0
BUYER-00240,LOW_RISK,1081,22,0.976,0,89.3,1,0
BUYER-00241,HIGH_RISK,88,8,0.765,2,48.5,1,0
BUYER-00242,HIGH_RISK,53,9,0.748,1,36.5,1,1
BUYER-00243,MEDIUM_RISK,668,25,0.856,0,56.9,0,0
BUYER-00244,LOW_RISK,852,78,0.969,0,87.1,1,0
BUYER-00245,LOW_RISK,1651,72,0.994,0,82.6,1,0
BUYER-00246,MEDIUM_RISK,100,10,0.888,1,77.1,1,0
BUYER-00247,LOW_RISK,645,21,0.972,0,83.6,1,0
BUYER-00248,HIGH_RISK,339,13,0.766,1,39.5,1,1
BUYER-00249,HIGH_RISK,168,2,0.609,2,45.5,0,0
BUYER-00250,MEDIUM_RISK,330,14,0.852,0,58.5,1,0
BUYER-00251,LOW_RISK,1267,62,0.978,0,94.7,1,0
BUYER-00252,LOW_RISK,528,32,0.954,0,95.9,1,0
BUYER-00253,MEDIUM_RISK,664,24,0.834,0,76.9,1,0
BUYER-00254,LOW_RISK,473,39,0.973,0,86.1,1,0
BUYER-00255,LOW_RISK,702,11,0.995,0,89.4,1,0
BUYER-00256,LOW_RISK,769,79,0.958,0,89.1,1,0
BUYER-00257,MEDIUM_RISK,383,21,0.842,0,78.1,1,0
BUYER-00258,LOW_RISK,1593,42,0.973,0,86.8,1,0
BUYER-00259,LOW_RISK,967,71,0.955,0,88.1,1,0
BUYER-00260,LOW_RISK,915,47,1.0,0,86.7,1,0
BUYER-00261,LOW_RISK,1528,60,0.964,0,91.1,1,0
BUYER-00262,REPEATED_HIGH_RISK,19,9,0.516,5,23.5,1,1
BUYER-00263,LOW_RISK,651,55,0.961,0,85.0,1,0
BUYER-00264,LOW_RISK,693,27,0.981,0,96.5,1,0
BUYER-00265,MEDIUM_RISK,691,4,0.843,1,65.6,1,0
BUYER-00266,LOW_RISK,1366,56,0.987,0,83.4,1,0
BUYER-00267,LOW_RISK,784,51,0.987,0,84.8,1,0
BUYER-00268,LOW_RISK,450,79,0.994,0,87.9,1,0
BUYER-00269,LOW_RISK,1207,44,0.992,0,86.1,1,0
BUYER-00270,LOW_RISK,1166,47,0.987,0,87.4,1,0
BUYER-00271,LOW_RISK,415,69,0.998,0,84.3,1,0
BUYER-00272,LOW_RISK,642,60,0.998,0,94.9,1,0
BUYER-00273,MEDIUM_RISK,404,5,0.911,0,55.3,1,1
BUYER-00274,MEDIUM_RISK,579,6,0.864,0,71.1,1,0
BUYER-00275,LOW_RISK,1556,43,0.979,0,95.2,1,0
BUYER-00276,LOW_RISK,940,23,0.984,0,89.5,1,0
BUYER-00277,LOW_RISK,1448,51,0.996,0,85.5,1,0
BUYER-00278,LOW_RISK,309,69,0.995,0,86.8,1,0
BUYER-00279,LOW_RISK,1016,24,0.957,0,97.1,1,0
BUYER-00280,LOW_RISK,803,73,0.956,0,85.8,1,0
BUYER-00281,MEDIUM_RISK,580,7,0.854,1,63.9,1,0
BUYER-00282,LOW_RISK,1701,79,0.971,0,93.9,1,0
BUYER-00283,LOW_RISK,496,63,0.983,0,95.3,1,0
BUYER-00284,LOW_RISK,1440,62,0.997,0,86.5,1,0
BUYER-00285,LOW_RISK,1593,57,0.961,0,89.1,1,0
BUYER-00286,LOW_RISK,663,56,0.955,0,93.0,1,0
BUYER-00287,LOW_RISK,1295,55,0.953,0,86.4,1,0
BUYER-00288,LOW_RISK,430,68,0.955,0,85.4,1,1
BUYER-00289,LOW_RISK,1489,12,0.953,0,87.3,1,0
BUYER-00290,LOW_RISK,437,36,0.953,0,94.2,1,0
BUYER-00291,LOW_RISK,604,37,0.991,0,85.7,1,1
BUYER-00292,LOW_RISK,1765,28,0.989,0,91.5,1,0
BUYER-00293,MEDIUM_RISK,313,7,0.938,1,68.0,1,0
BUYER-00294,LOW_RISK,537,24,0.983,0,82.4,1,0
BUYER-00295,LOW_RISK,210,55,0.989,0,85.8,1,0
BUYER-00296,LOW_RISK,843,12,0.959,0,82.8,1,0
BUYER-00297,LOW_RISK,1699,63,0.976,0,93.9,1,0
BUYER-00298,LOW_RISK,1155,67,0.989,0,90.2,1,0
BUYER-00299,LOW_RISK,403,67,0.975,0,97.1,1,0
BUYER-00300,LOW_RISK,268,76,0.965,0,92.3,1,0
BUYER-00301,LOW_RISK,243,17,1.0,0,95.6,1,0
BUYER-00302,LOW_RISK,1053,23,0.975,0,96.6,1,1
BUYER-00303,LOW_RISK,330,20,0.966,0,84.4,1,0
BUYER-00304,LOW_RISK,438,45,0.981,0,91.4,1,0
BUYER-00305,LOW_RISK,1638,51,0.969,0,91.6,1,0
BUYER-00306,HIGH_RISK,165,9,0.696,2,39.3,0,1
BUYER-00307,LOW_RISK,1617,24,0.993,0,92.4,1,0
BUYER-00308,LOW_RISK,1754,80,0.986,0,85.4,1,0
BUYER-00309,LOW_RISK,1104,39,0.971,0,95.2,1,1
BUYER-00310,LOW_RISK,996,63,0.986,0,87.0,1,0
BUYER-00311,LOW_RISK,820,42,0.969,0,84.4,1,0
BUYER-00312,LOW_RISK,1151,18,0.955,0,83.4,1,0
BUYER-00313,LOW_RISK,1064,22,0.987,0,88.0,1,0
BUYER-00314,HIGH_RISK,81,10,0.611,2,48.3,1,1
BUYER-00315,MEDIUM_RISK,605,13,0.894,0,64.9,1,0
BUYER-00316,LOW_RISK,1542,64,0.993,0,93.5,1,0
BUYER-00317,LOW_RISK,769,49,0.968,0,91.2,1,0
BUYER-00318,LOW_RISK,615,29,0.983,0,85.6,1,0
BUYER-00319,LOW_RISK,401,54,0.992,0,87.9,1,0
BUYER-00320,LOW_RISK,1741,45,0.979,0,94.9,1,0
BUYER-00321,LOW_RISK,1328,13,0.98,0,92.5,1,0
BUYER-00322,LOW_RISK,1600,44,0.951,0,86.4,1,1
BUYER-00323,LOW_RISK,1741,49,0.996,0,87.6,1,0
BUYER-00324,LOW_RISK,551,28,0.978,0,88.4,1,0
BUYER-00325,HIGH_RISK,87,13,0.72,1,32.5,1,1
BUYER-00326,LOW_RISK,1708,77,0.961,0,88.7,1,0
BUYER-00327,LOW_RISK,878,30,0.969,0,93.5,1,0
BUYER-00328,LOW_RISK,1770,20,0.994,0,84.5,1,0
BUYER-00329,LOW_RISK,1725,16,0.984,0,86.4,1,0
BUYER-00330,LOW_RISK,1535,64,0.974,0,89.1,1,0
BUYER-00331,LOW_RISK,739,37,0.988,0,83.8,1,0
BUYER-00332,LOW_RISK,1060,24,0.964,0,92.9,1,0
BUYER-00333,LOW_RISK,1176,77,0.983,0,82.7,1,0
BUYER-00334,LOW_RISK,989,17,0.95,0,86.8,1,0
BUYER-00335,LOW_RISK,612,27,0.988,0,86.6,1,0
BUYER-00336,LOW_RISK,425,10,0.975,0,88.9,1,0
BUYER-00337,MEDIUM_RISK,162,15,0.875,1,60.5,1,0
BUYER-00338,LOW_RISK,1324,55,0.954,0,95.8,1,0
BUYER-00339,LOW_RISK,266,65,0.951,0,96.7,1,0
BUYER-00340,LOW_RISK,821,64,0.979,0,93.4,1,0
BUYER-00341,LOW_RISK,1035,47,0.956,0,82.3,1,0
BUYER-00342,LOW_RISK,845,31,0.99,0,91.9,1,0
BUYER-00343,LOW_RISK,1592,56,0.954,0,95.5,1,0
BUYER-00344,LOW_RISK,678,65,0.979,0,90.4,1,0
BUYER-00345,LOW_RISK,990,49,0.987,0,85.5,1,0
BUYER-00346,LOW_RISK,1775,31,0.954,0,92.1,1,0
BUYER-00347,LOW_RISK,1266,75,0.96,0,94.4,1,0
BUYER-00348,LOW_RISK,899,28,0.962,0,84.3,1,0
BUYER-00349,LOW_RISK,584,32,0.98,0,94.2,1,0
BUYER-00350,LOW_RISK,1522,19,0.959,0,94.4,1,1
BUYER-00351,LOW_RISK,1191,69,0.988,0,94.2,1,0
BUYER-00352,MEDIUM_RISK,489,24,0.929,0,68.5,1,0
BUYER-00353,LOW_RISK,1481,51,0.993,0,92.0,1,0
BUYER-00354,LOW_RISK,489,66,0.953,0,89.1,1,0
BUYER-00355,LOW_RISK,800,45,0.98,0,87.6,1,0
BUYER-00356,LOW_RISK,331,49,0.973,0,82.6,1,0
BUYER-00357,LOW_RISK,935,46,0.954,0,95.8,1,0
BUYER-00358,LOW_RISK,364,74,0.969,0,91.3,1,0
BUYER-00359,HIGH_RISK,36,9,0.773,1,41.7,1,0
BUYER-00360,LOW_RISK,565,51,0.98,0,90.0,1,0
BUYER-00361,LOW_RISK,306,67,0.955,0,96.4,1,0
BUYER-00362,LOW_RISK,883,20,0.975,0,84.8,1,0
BUYER-00363,LOW_RISK,687,66,1.0,0,90.4,1,0
BUYER-00364,LOW_RISK,1428,30,0.968,0,96.7,1,0
BUYER-00365,HIGH_RISK,213,8,0.747,2,43.5,1,0
BUYER-00366,LOW_RISK,287,52,0.953,0,83.5,1,0
BUYER-00367,HIGH_RISK,362,8,0.654,1,44.3,1,0
BUYER-00368,MEDIUM_RISK,647,7,0.847,0,69.0,1,1
BUYER-00369,LOW_RISK,469,54,0.966,0,92.5,1,0
BUYER-00370,LOW_RISK,1536,60,0.956,0,93.3,1,0
BUYER-00371,LOW_RISK,353,49,0.978,0,92.3,1,0
BUYER-00372,LOW_RISK,852,26,0.984,0,95.3,1,0
BUYER-00373,LOW_RISK,1693,77,0.955,0,92.7,1,1
BUYER-00374,LOW_RISK,1221,56,0.951,0,86.9,1,0
BUYER-00375,LOW_RISK,618,53,0.997,0,89.8,1,0
BUYER-00376,LOW_RISK,643,27,0.958,0,86.7,1,0
BUYER-00377,MEDIUM_RISK,133,19,0.908,1,75.0,1,0
BUYER-00378,LOW_RISK,1258,14,0.983,0,96.0,1,0
BUYER-00379,LOW_RISK,1445,26,0.98,0,84.5,1,0
BUYER-00380,LOW_RISK,550,31,0.986,0,82.7,1,0
BUYER-00381,LOW_RISK,926,40,0.998,0,91.8,1,1
BUYER-00382,LOW_RISK,1720,67,0.962,0,85.8,1,0
BUYER-00383,LOW_RISK,1786,70,0.995,0,85.1,1,1
BUYER-00384,MEDIUM_RISK,614,17,0.865,0,61.8,1,0
BUYER-00385,LOW_RISK,962,74,0.976,0,97.5,1,1
BUYER-00386,LOW_RISK,588,27,0.994,0,82.8,1,0
BUYER-00387,LOW_RISK,1164,57,0.978,0,83.6,1,0
BUYER-00388,LOW_RISK,1236,25,0.964,0,94.2,1,0
BUYER-00389,LOW_RISK,738,67,0.995,0,84.4,1,0
BUYER-00390,LOW_RISK,1075,21,0.997,0,85.6,1,0
BUYER-00391,REPEATED_HIGH_RISK,122,7,0.554,6,9.1,0,1
BUYER-00392,LOW_RISK,1208,57,0.962,0,97.9,1,0
BUYER-00393,LOW_RISK,947,38,0.951,0,96.9,1,0
BUYER-00394,LOW_RISK,1643,52,0.99,0,84.2,1,0
BUYER-00395,LOW_RISK,767,70,0.985,0,84.2,1,0
BUYER-00396,MEDIUM_RISK,510,17,0.886,0,76.7,1,0
BUYER-00397,MEDIUM_RISK,49,11,0.83,0,58.6,1,0
BUYER-00398,LOW_RISK,1669,77,0.971,0,94.4,1,0
BUYER-00399,LOW_RISK,666,48,0.956,0,85.8,1,0
BUYER-00400,LOW_RISK,1488,68,0.953,0,95.4,1,0
BUYER-00401,LOW_RISK,1203,78,0.951,0,90.2,1,0
BUYER-00402,MEDIUM_RISK,277,25,0.82,0,65.3,1,0
BUYER-00403,LOW_RISK,1439,55,0.962,0,88.7,1,0
BUYER-00404,MEDIUM_RISK,117,19,0.936,0,56.6,1,0
BUYER-00405,LOW_RISK,1257,79,0.975,0,97.8,1,0
BUYER-00406,MEDIUM_RISK,597,3,0.855,0,66.3,0,0
BUYER-00407,LOW_RISK,1481,59,0.999,0,86.1,1,0
BUYER-00408,LOW_RISK,213,55,0.989,0,87.5,1,0
BUYER-00409,MEDIUM_RISK,673,6,0.908,0,72.6,1,0
BUYER-00410,LOW_RISK,860,27,0.952,0,90.7,1,0
BUYER-00411,LOW_RISK,1496,32,0.992,0,93.0,1,0
BUYER-00412,HIGH_RISK,260,12,0.635,1,34.3,1,1
BUYER-00413,HIGH_RISK,249,2,0.656,2,32.7,1,1
BUYER-00414,LOW_RISK,588,15,0.966,0,87.0,1,0
BUYER-00415,LOW_RISK,995,79,0.974,0,82.6,1,0
BUYER-00416,LOW_RISK,1504,34,0.964,0,95.8,1,0
BUYER-00417,LOW_RISK,277,52,0.964,0,94.8,1,0
BUYER-00418,LOW_RISK,1074,61,0.987,0,96.3,1,0
BUYER-00419,LOW_RISK,971,53,0.999,0,89.9,1,0
BUYER-00420,LOW_RISK,1198,57,0.996,0,90.3,1,0
BUYER-00421,LOW_RISK,349,64,0.954,0,91.6,1,0
BUYER-00422,LOW_RISK,549,79,0.965,0,83.6,1,0
BUYER-00423,LOW_RISK,851,47,0.965,0,91.6,1,0
BUYER-00424,LOW_RISK,1052,31,0.984,0,87.6,1,0
BUYER-00425,LOW_RISK,266,55,0.981,0,89.0,1,0
BUYER-00426,LOW_RISK,1489,17,0.954,0,92.2,1,0
BUYER-00427,LOW_RISK,924,75,0.99,0,92.9,1,1
BUYER-00428,MEDIUM_RISK,61,7,0.919,1,71.3,1,0
BUYER-00429,LOW_RISK,1077,14,0.956,0,85.8,1,0
BUYER-00430,LOW_RISK,1501,56,0.968,0,97.2,1,0
BUYER-00431,LOW_RISK,246,29,0.984,0,97.2,1,0
BUYER-00432,LOW_RISK,941,66,0.988,0,91.2,1,0
BUYER-00433,LOW_RISK,1264,56,0.97,0,92.4,1,0
BUYER-00434,LOW_RISK,691,24,0.951,0,85.0,1,0
BUYER-00435,LOW_RISK,1240,59,0.996,0,83.9,1,0
BUYER-00436,LOW_RISK,1767,43,0.985,0,85.4,1,0
BUYER-00437,LOW_RISK,1433,46,0.985,0,98.0,1,0
BUYER-00438,MEDIUM_RISK,234,6,0.819,1,56.8,1,0
BUYER-00439,LOW_RISK,533,66,1.0,0,95.0,1,0
BUYER-00440,LOW_RISK,834,54,0.985,0,90.8,1,0
BUYER-00441,LOW_RISK,774,48,0.993,0,93.4,1,1
BUYER-00442,REPEATED_HIGH_RISK,170,4,0.502,4,10.4,0,1
BUYER-00443,LOW_RISK,591,27,0.962,0,89.9,1,0
BUYER-00444,LOW_RISK,919,80,0.979,0,89.5,1,0
BUYER-00445,LOW_RISK,1309,26,0.981,0,83.4,1,0
BUYER-00446,HIGH_RISK,173,8,0.79,1,44.2,1,1
BUYER-00447,REPEATED_HIGH_RISK,141,8,0.492,3,10.5,1,1
BUYER-00448,LOW_RISK,829,19,0.972,0,92.9,1,0
BUYER-00449,LOW_RISK,885,26,0.994,0,94.5,1,0
BUYER-00450,LOW_RISK,1490,33,0.988,0,84.1,1,0
BUYER-00451,LOW_RISK,1209,17,0.992,0,90.3,1,0
BUYER-00452,LOW_RISK,802,31,0.958,0,97.0,1,0
BUYER-00453,LOW_RISK,641,54,0.997,0,90.3,1,0
BUYER-00454,MEDIUM_RISK,320,5,0.835,0,70.2,1,1
BUYER-00455,LOW_RISK,1308,45,0.956,0,86.8,1,0
BUYER-00456,LOW_RISK,1272,21,0.975,0,84.7,1,0
BUYER-00457,LOW_RISK,1369,29,0.959,0,92.0,1,0
BUYER-00458,LOW_RISK,1419,53,0.992,0,91.0,1,0
BUYER-00459,LOW_RISK,238,20,0.952,0,92.3,1,0
BUYER-00460,LOW_RISK,1361,43,0.983,0,94.3,1,0
BUYER-00461,LOW_RISK,1033,13,0.975,0,92.0,1,0
BUYER-00462,LOW_RISK,773,48,0.974,0,94.9,1,0
BUYER-00463,LOW_RISK,1582,61,0.965,0,83.2,1,0
BUYER-00464,LOW_RISK,302,30,0.972,0,89.7,1,0
BUYER-00465,HIGH_RISK,119,7,0.715,1,37.3,1,1
BUYER-00466,LOW_RISK,1651,50,0.987,0,95.8,1,0
BUYER-00467,LOW_RISK,996,26,0.988,0,90.2,1,1
BUYER-00468,MEDIUM_RISK,138,13,0.834,0,57.9,1,0
BUYER-00469,LOW_RISK,1100,41,0.957,0,82.8,1,0
BUYER-00470,HIGH_RISK,211,15,0.717,2,36.2,1,1
BUYER-00471,LOW_RISK,507,51,0.997,0,93.5,1,0
BUYER-00472,HIGH_RISK,112,14,0.63,1,48.9,1,0
BUYER-00473,LOW_RISK,1136,73,0.994,0,90.0,1,0
BUYER-00474,MEDIUM_RISK,122,15,0.871,0,78.2,1,1
BUYER-00475,LOW_RISK,620,55,0.952,0,86.5,1,0
BUYER-00476,REPEATED_HIGH_RISK,159,9,0.309,3,24.9,0,1
BUYER-00477,LOW_RISK,1062,27,0.994,0,93.6,1,0
BUYER-00478,LOW_RISK,1744,61,0.968,0,88.4,1,0
BUYER-00479,HIGH_RISK,306,10,0.637,2,41.4,1,0
BUYER-00480,LOW_RISK,330,59,0.975,0,94.2,1,0
BUYER-00481,LOW_RISK,752,25,0.956,0,83.5,1,0
BUYER-00482,LOW_RISK,944,53,0.978,0,87.8,1,0
BUYER-00483,LOW_RISK,475,35,0.98,0,88.4,1,0
BUYER-00484,LOW_RISK,262,15,0.952,0,93.4,1,0
BUYER-00485,LOW_RISK,1150,76,0.973,0,91.7,1,0
BUYER-00486,MEDIUM_RISK,557,7,0.846,0,69.7,1,0
BUYER-00487,LOW_RISK,512,60,1.0,0,93.8,1,0
BUYER-00488,LOW_RISK,792,53,0.975,0,90.2,1,0
BUYER-00489,HIGH_RISK,265,13,0.707,1,40.1,1,1
BUYER-00490,MEDIUM_RISK,47,14,0.846,0,57.6,1,0
BUYER-00491,LOW_RISK,1033,49,0.99,0,93.6,1,0
BUYER-00492,LOW_RISK,1589,13,0.98,0,86.2,1,0
BUYER-00493,LOW_RISK,1522,39,0.986,0,91.3,1,0
BUYER-00494,LOW_RISK,529,77,0.981,0,91.9,1,0
BUYER-00495,LOW_RISK,958,28,0.991,0,85.9,1,0
BUYER-00496,LOW_RISK,1352,24,0.96,0,89.1,1,0
BUYER-00497,LOW_RISK,1037,29,0.971,0,85.3,1,0
BUYER-00498,LOW_RISK,1207,70,0.994,0,93.8,1,0
BUYER-00499,HIGH_RISK,46,13,0.626,1,35.5,1,0
BUYER-00500,REPEATED_HIGH_RISK,90,9,0.4,5,27.1,1,1
BUYER-00501,LOW_RISK,1121,78,0.967,0,87.7,1,0
BUYER-00502,LOW_RISK,1761,43,0.981,0,85.1,1,0
BUYER-00503,LOW_RISK,684,45,0.978,0,85.6,1,0
BUYER-00504,LOW_RISK,789,46,0.985,0,93.0,1,0
BUYER-00505,LOW_RISK,1181,50,0.974,0,91.0,1,0
BUYER-00506,LOW_RISK,1657,45,0.964,0,91.2,1,0
BUYER-00507,MEDIUM_RISK,586,15,0.925,0,64.5,1,0
BUYER-00508,MEDIUM_RISK,383,7,0.841,1,61.9,1,0
BUYER-00509,HIGH_RISK,55,7,0.776,2,43.2,1,0
BUYER-00510,LOW_RISK,1710,71,0.961,0,95.2,1,0
BUYER-00511,LOW_RISK,735,44,0.957,0,91.9,1,0
BUYER-00512,LOW_RISK,1381,40,0.962,0,92.7,1,0
BUYER-00513,MEDIUM_RISK,573,10,0.889,0,56.3,1,0
BUYER-00514,MEDIUM_RISK,453,13,0.9,1,57.4,0,0
BUYER-00515,LOW_RISK,1758,27,0.95,0,90.8,1,0
BUYER-00516,LOW_RISK,503,62,0.983,0,96.1,1,0
BUYER-00517,LOW_RISK,1154,71,0.983,0,94.1,1,0
BUYER-00518,LOW_RISK,768,51,0.964,0,82.9,1,0
BUYER-00519,REPEATED_HIGH_RISK,29,5,0.403,3,26.3,1,1
BUYER-00520,LOW_RISK,538,63,0.994,0,84.8,1,0
BUYER-00521,LOW_RISK,254,60,0.989,0,85.0,1,0
BUYER-00522,LOW_RISK,1713,47,0.994,0,82.1,1,0
BUYER-00523,HIGH_RISK,305,11,0.62,1,48.7,1,0
BUYER-00524,MEDIUM_RISK,321,17,0.938,0,68.0,1,0
BUYER-00525,MEDIUM_RISK,535,7,0.919,0,66.2,1,0
BUYER-00526,LOW_RISK,574,24,0.967,0,93.7,1,0
BUYER-00527,LOW_RISK,1507,42,0.986,0,82.2,1,0
BUYER-00528,LOW_RISK,870,47,0.978,0,94.1,1,0
BUYER-00529,LOW_RISK,539,61,0.991,0,90.2,1,0
BUYER-00530,MEDIUM_RISK,118,15,0.894,1,59.4,0,0
BUYER-00531,LOW_RISK,467,71,0.966,0,86.0,1,1
BUYER-00532,REPEATED_HIGH_RISK,73,8,0.289,5,27.1,0,1
BUYER-00533,REPEATED_HIGH_RISK,84,2,0.299,5,21.9,0,0
BUYER-00534,LOW_RISK,307,25,0.973,0,84.6,1,0
BUYER-00535,LOW_RISK,1585,74,0.996,0,96.2,1,0
BUYER-00536,HIGH_RISK,174,13,0.622,2,47.6,1,0
BUYER-00537,MEDIUM_RISK,332,14,0.886,0,60.3,1,0
BUYER-00538,LOW_RISK,453,71,0.958,0,94.0,1,1
BUYER-00539,LOW_RISK,1420,57,0.971,0,90.8,1,0
BUYER-00540,LOW_RISK,1144,78,0.99,0,95.2,1,0
BUYER-00541,HIGH_RISK,141,12,0.743,1,46.8,1,0
BUYER-00542,LOW_RISK,347,77,0.972,0,93.3,1,0
BUYER-00543,LOW_RISK,339,24,0.953,0,90.8,1,0
BUYER-00544,LOW_RISK,1215,35,0.979,0,84.4,1,0
BUYER-00545,LOW_RISK,851,76,0.972,0,92.9,1,0
BUYER-00546,LOW_RISK,1648,72,0.955,0,90.2,1,0
BUYER-00547,LOW_RISK,293,68,0.957,0,88.6,1,0
BUYER-00548,LOW_RISK,1334,17,0.978,0,92.8,1,0
BUYER-00549,LOW_RISK,811,12,0.97,0,95.1,1,0
BUYER-00550,LOW_RISK,1707,37,0.979,0,82.7,1,0
BUYER-00551,LOW_RISK,885,18,0.977,0,83.0,1,0
BUYER-00552,MEDIUM_RISK,100,18,0.804,0,64.8,1,0
BUYER-00553,LOW_RISK,1754,27,0.988,0,97.7,1,0
BUYER-00554,LOW_RISK,1502,63,0.969,0,96.3,1,0
BUYER-00555,MEDIUM_RISK,489,15,0.853,0,71.4,1,0
BUYER-00556,LOW_RISK,1535,79,0.957,0,95.8,1,0
BUYER-00557,LOW_RISK,422,32,1.0,0,88.3,1,0
BUYER-00558,LOW_RISK,440,38,0.992,0,94.1,1,0
BUYER-00559,LOW_RISK,791,69,0.984,0,90.7,1,0
BUYER-00560,LOW_RISK,1269,58,0.991,0,86.0,1,0
BUYER-00561,LOW_RISK,888,29,0.964,0,97.0,1,1
BUYER-00562,LOW_RISK,1664,24,0.952,0,92.6,1,0
BUYER-00563,LOW_RISK,1439,12,0.962,0,83.1,1,0
BUYER-00564,LOW_RISK,1396,14,0.972,0,92.8,1,0
BUYER-00565,LOW_RISK,279,41,0.987,0,88.4,1,0
BUYER-00566,LOW_RISK,659,79,0.961,0,95.8,1,0
BUYER-00567,LOW_RISK,295,27,0.975,0,86.6,1,0
BUYER-00568,LOW_RISK,1678,50,0.979,0,94.4,1,0
BUYER-00569,MEDIUM_RISK,358,10,0.842,0,58.4,1,1
BUYER-00570,LOW_RISK,1532,76,0.961,0,86.8,1,0
BUYER-00571,LOW_RISK,304,32,0.981,0,88.8,1,0
BUYER-00572,LOW_RISK,1195,16,0.999,0,97.1,1,0
BUYER-00573,LOW_RISK,1554,58,0.989,0,87.1,1,0
BUYER-00574,LOW_RISK,1032,62,0.957,0,88.0,1,0
BUYER-00575,MEDIUM_RISK,580,18,0.834,0,60.4,1,0
BUYER-00576,HIGH_RISK,88,14,0.688,1,33.0,0,0
BUYER-00577,LOW_RISK,1025,63,0.978,0,84.1,1,0
BUYER-00578,MEDIUM_RISK,278,11,0.828,0,70.5,1,0
BUYER-00579,LOW_RISK,1101,57,0.955,0,93.6,1,1
BUYER-00580,LOW_RISK,570,16,0.963,0,92.8,1,0
BUYER-00581,LOW_RISK,1414,15,0.994,0,85.0,1,1
BUYER-00582,REPEATED_HIGH_RISK,157,10,0.282,4,25.4,0,1
BUYER-00583,LOW_RISK,861,48,0.998,0,82.2,1,0
BUYER-00584,LOW_RISK,569,25,0.987,0,94.1,1,0
BUYER-00585,LOW_RISK,676,36,0.97,0,85.8,1,0
BUYER-00586,LOW_RISK,838,46,0.969,0,90.5,1,0
BUYER-00587,LOW_RISK,915,49,0.963,0,90.2,1,0
BUYER-00588,LOW_RISK,1198,69,0.955,0,97.7,1,0
BUYER-00589,LOW_RISK,1141,50,0.996,0,87.9,1,0
BUYER-00590,LOW_RISK,1027,15,0.978,0,85.5,1,0
BUYER-00591,LOW_RISK,478,12,0.963,0,97.0,1,0
BUYER-00592,LOW_RISK,1366,63,0.965,0,85.1,1,0
BUYER-00593,LOW_RISK,651,58,0.978,0,85.9,1,0
BUYER-00594,LOW_RISK,1307,53,0.963,0,95.1,1,0
BUYER-00595,MEDIUM_RISK,687,18,0.865,0,72.6,1,0
BUYER-00596,LOW_RISK,901,31,0.957,0,90.7,1,0
BUYER-00597,LOW_RISK,556,79,1.0,0,97.3,1,0
BUYER-00598,LOW_RISK,1253,14,0.992,0,83.2,1,0
BUYER-00599,LOW_RISK,1548,16,0.988,0,88.6,1,0
BUYER-00600,LOW_RISK,1471,39,0.953,0,84.4,1,1
BUYER-00601,LOW_RISK,627,74,0.973,0,83.0,1,0
BUYER-00602,LOW_RISK,1486,71,0.983,0,82.3,1,0
BUYER-00603,LOW_RISK,1269,80,0.971,0,82.3,1,0
BUYER-00604,LOW_RISK,1659,45,0.977,0,86.6,1,0
BUYER-00605,LOW_RISK,1208,65,0.99,0,96.6,1,0
BUYER-00606,LOW_RISK,399,22,0.976,0,85.9,1,0
BUYER-00607,LOW_RISK,1449,77,0.963,0,87.7,1,1
BUYER-00608,LOW_RISK,992,20,0.969,0,88.5,1,0
BUYER-00609,LOW_RISK,1337,41,1.0,0,85.6,1,0
BUYER-00610,LOW_RISK,1580,20,0.983,0,95.7,1,0
BUYER-00611,LOW_RISK,1735,14,0.955,0,88.1,1,0
BUYER-00612,LOW_RISK,1311,70,0.953,0,82.2,1,0
BUYER-00613,LOW_RISK,530,20,0.975,0,88.9,1,0
BUYER-00614,LOW_RISK,1786,52,0.978,0,95.7,1,0
BUYER-00615,MEDIUM_RISK,127,19,0.929,0,60.5,1,0
BUYER-00616,MEDIUM_RISK,610,18,0.838,0,77.2,0,0
BUYER-00617,LOW_RISK,1581,45,0.995,0,91.0,1,0
BUYER-00618,LOW_RISK,247,32,0.996,0,87.0,1,0
BUYER-00619,LOW_RISK,604,28,0.988,0,93.4,1,0
BUYER-00620,LOW_RISK,995,19,0.965,0,91.0,1,0
BUYER-00621,LOW_RISK,1340,59,0.984,0,90.6,1,0
BUYER-00622,LOW_RISK,966,27,0.99,0,93.0,1,0
BUYER-00623,LOW_RISK,340,74,0.987,0,87.5,1,0
BUYER-00624,LOW_RISK,380,65,0.962,0,83.2,1,0
BUYER-00625,LOW_RISK,1419,60,0.998,0,87.2,1,1
BUYER-00626,LOW_RISK,1478,44,0.989,0,89.2,1,0
BUYER-00627,LOW_RISK,647,55,0.978,0,88.0,1,0
BUYER-00628,LOW_RISK,560,58,0.954,0,91.9,1,0
BUYER-00629,LOW_RISK,684,19,0.954,0,84.5,1,0
BUYER-00630,LOW_RISK,1637,29,0.987,0,87.1,1,0
BUYER-00631,LOW_RISK,398,21,0.95,0,86.9,1,0
BUYER-00632,MEDIUM_RISK,398,11,0.814,0,57.1,1,0
BUYER-00633,LOW_RISK,1062,67,0.978,0,90.2,1,0
BUYER-00634,LOW_RISK,391,13,0.954,0,90.9,1,0
BUYER-00635,LOW_RISK,1402,51,0.993,0,82.2,1,0
BUYER-00636,LOW_RISK,1027,59,0.989,0,93.6,1,0
BUYER-00637,LOW_RISK,1325,41,0.979,0,84.7,1,0
BUYER-00638,LOW_RISK,959,31,0.957,0,86.8,1,1
BUYER-00639,LOW_RISK,1189,28,0.953,0,89.0,1,0
BUYER-00640,LOW_RISK,1042,48,0.974,0,83.2,1,0
BUYER-00641,LOW_RISK,695,41,0.986,0,89.9,1,0
BUYER-00642,LOW_RISK,1442,35,0.973,0,84.2,1,0
BUYER-00643,LOW_RISK,193,60,0.967,0,91.9,1,0
BUYER-00644,LOW_RISK,854,66,0.967,0,95.0,1,0
BUYER-00645,LOW_RISK,1513,27,0.965,0,91.7,1,0
BUYER-00646,MEDIUM_RISK,235,18,0.844,0,78.1,1,1
BUYER-00647,LOW_RISK,833,47,0.987,0,92.1,1,0
BUYER-00648,LOW_RISK,1359,41,0.966,0,86.5,1,0
BUYER-00649,LOW_RISK,1789,60,0.968,0,96.9,1,1
BUYER-00650,LOW_RISK,589,79,0.959,0,94.3,1,0
BUYER-00651,LOW_RISK,235,69,0.997,0,85.4,1,0
BUYER-00652,LOW_RISK,776,18,0.991,0,94.7,1,0
BUYER-00653,LOW_RISK,1017,73,0.957,0,86.8,1,0
BUYER-00654,LOW_RISK,697,29,0.986,0,94.6,1,0
BUYER-00655,LOW_RISK,331,67,1.0,0,89.7,1,0
BUYER-00656,LOW_RISK,1000,78,0.975,0,96.7,1,0
BUYER-00657,LOW_RISK,1596,63,0.977,0,94.7,1,0
BUYER-00658,LOW_RISK,916,78,0.98,0,96.6,1,0
BUYER-00659,LOW_RISK,403,41,0.983,0,87.7,1,0
BUYER-00660,LOW_RISK,1505,15,0.978,0,92.3,1,0
BUYER-00661,LOW_RISK,1504,61,0.998,0,87.3,1,0
BUYER-00662,REPEATED_HIGH_RISK,117,3,0.204,5,12.4,1,1
BUYER-00663,LOW_RISK,1709,76,0.978,0,93.0,1,0
BUYER-00664,LOW_RISK,632,67,0.969,0,89.4,1,0
BUYER-00665,LOW_RISK,1571,74,0.958,0,98.0,1,0
BUYER-00666,LOW_RISK,1168,23,0.965,0,96.7,1,0
BUYER-00667,LOW_RISK,355,24,0.992,0,93.7,1,1
BUYER-00668,LOW_RISK,893,49,0.967,0,94.5,1,0
BUYER-00669,LOW_RISK,1247,71,0.967,0,83.6,1,0
BUYER-00670,LOW_RISK,1658,67,0.966,0,86.8,1,0
BUYER-00671,LOW_RISK,1635,24,0.951,0,87.5,1,0
BUYER-00672,MEDIUM_RISK,141,24,0.912,1,77.3,1,1
BUYER-00673,LOW_RISK,1696,41,0.976,0,90.8,1,0
BUYER-00674,LOW_RISK,857,64,0.998,0,85.7,1,0
BUYER-00675,LOW_RISK,1009,33,0.959,0,92.5,1,0
BUYER-00676,REPEATED_HIGH_RISK,108,2,0.48,4,17.0,0,1
BUYER-00677,LOW_RISK,1059,59,0.95,0,85.4,1,0
BUYER-00678,LOW_RISK,750,18,0.979,0,94.8,1,0
BUYER-00679,HIGH_RISK,289,4,0.67,2,35.4,0,0
BUYER-00680,MEDIUM_RISK,146,11,0.894,1,66.7,0,0
BUYER-00681,LOW_RISK,1488,50,0.98,0,91.8,1,0
BUYER-00682,LOW_RISK,1382,24,0.967,0,95.5,1,0
BUYER-00683,LOW_RISK,1444,32,0.991,0,93.3,1,0
BUYER-00684,LOW_RISK,789,20,0.984,0,87.0,1,0
BUYER-00685,MEDIUM_RISK,274,12,0.816,0,64.0,1,1
BUYER-00686,LOW_RISK,469,75,0.969,0,91.5,1,0
BUYER-00687,LOW_RISK,1357,59,0.971,0,89.8,1,0
BUYER-00688,LOW_RISK,1280,32,0.978,0,89.8,1,1
BUYER-00689,LOW_RISK,467,33,0.966,0,89.2,1,0
BUYER-00690,LOW_RISK,289,55,0.998,0,89.8,1,0
BUYER-00691,LOW_RISK,579,59,0.998,0,90.1,1,0
BUYER-00692,LOW_RISK,1193,62,0.984,0,88.7,1,0
BUYER-00693,LOW_RISK,1089,72,0.958,0,91.0,1,0
BUYER-00694,LOW_RISK,1738,38,0.965,0,86.4,1,0
BUYER-00695,LOW_RISK,1281,46,0.958,0,89.3,1,0
BUYER-00696,LOW_RISK,1700,73,0.977,0,83.8,1,0
BUYER-00697,LOW_RISK,413,44,0.989,0,95.2,1,0
BUYER-00698,LOW_RISK,931,79,0.991,0,82.7,1,0
BUYER-00699,LOW_RISK,1652,66,0.977,0,97.8,1,0
BUYER-00700,LOW_RISK,389,41,0.965,0,98.0,1,0
BUYER-00701,LOW_RISK,1101,43,0.967,0,95.1,1,0
BUYER-00702,LOW_RISK,1079,25,0.989,0,85.8,1,0
BUYER-00703,LOW_RISK,1690,54,0.993,0,91.8,1,0
BUYER-00704,LOW_RISK,1056,31,0.981,0,94.6,1,0
BUYER-00705,LOW_RISK,603,17,0.979,0,90.5,1,0
BUYER-00706,REPEATED_HIGH_RISK,159,10,0.264,5,13.8,0,0
BUYER-00707,LOW_RISK,727,75,0.999,0,92.9,1,0
BUYER-00708,LOW_RISK,375,27,0.998,0,94.6,1,0
BUYER-00709,LOW_RISK,301,45,0.993,0,84.0,1,0
BUYER-00710,LOW_RISK,451,41,0.957,0,87.2,1,0
BUYER-00711,LOW_RISK,686,60,0.974,0,91.2,1,0
BUYER-00712,LOW_RISK,730,63,0.969,0,83.2,1,0
BUYER-00713,LOW_RISK,1754,21,0.97,0,94.0,1,0
BUYER-00714,LOW_RISK,1602,57,0.973,0,89.8,1,0
BUYER-00715,LOW_RISK,1371,10,0.993,0,95.6,1,0
BUYER-00716,MEDIUM_RISK,125,17,0.889,0,71.7,1,0
BUYER-00717,MEDIUM_RISK,94,20,0.856,0,78.2,0,1
BUYER-00718,HIGH_RISK,123,9,0.651,1,46.1,0,0
BUYER-00719,LOW_RISK,871,80,0.979,0,91.1,1,0
BUYER-00720,LOW_RISK,1173,53,0.995,0,94.2,1,0
BUYER-00721,MEDIUM_RISK,77,6,0.888,0,75.1,1,0
BUYER-00722,LOW_RISK,213,25,0.996,0,84.5,1,0
BUYER-00723,LOW_RISK,1114,10,1.0,0,88.8,1,0
BUYER-00724,LOW_RISK,1590,26,0.994,0,86.8,1,0
BUYER-00725,LOW_RISK,741,21,0.983,0,86.0,1,0
BUYER-00726,MEDIUM_RISK,410,24,0.927,0,59.0,0,1
BUYER-00727,LOW_RISK,991,49,0.986,0,94.1,1,0
BUYER-00728,LOW_RISK,1059,21,0.985,0,82.0,1,1
BUYER-00729,LOW_RISK,1156,19,0.957,0,85.6,1,0
BUYER-00730,LOW_RISK,1572,66,0.95,0,93.1,1,0
BUYER-00731,LOW_RISK,426,64,0.985,0,89.6,1,0
BUYER-00732,LOW_RISK,648,59,0.954,0,94.9,1,0
BUYER-00733,LOW_RISK,391,50,0.968,0,86.8,1,0
BUYER-00734,LOW_RISK,963,27,0.982,0,92.8,1,0
BUYER-00735,LOW_RISK,320,77,0.978,0,91.8,1,0
BUYER-00736,MEDIUM_RISK,198,17,0.849,0,60.1,0,0
BUYER-00737,LOW_RISK,1712,29,0.996,0,91.9,1,0
BUYER-00738,LOW_RISK,1086,37,0.954,0,83.6,1,1
BUYER-00739,LOW_RISK,1721,25,0.979,0,88.1,1,0
BUYER-00740,LOW_RISK,1059,50,0.99,0,86.0,1,0
BUYER-00741,LOW_RISK,1500,20,0.962,0,91.6,1,0
BUYER-00742,LOW_RISK,1656,46,0.989,0,93.0,1,0
BUYER-00743,LOW_RISK,1528,48,0.96,0,91.7,1,0
BUYER-00744,LOW_RISK,566,60,0.965,0,82.9,1,0
BUYER-00745,LOW_RISK,670,73,0.969,0,85.9,1,0
BUYER-00746,MEDIUM_RISK,683,22,0.81,0,76.3,0,0
BUYER-00747,LOW_RISK,204,56,0.997,0,84.1,1,0
BUYER-00748,LOW_RISK,1344,63,0.968,0,92.9,1,0
BUYER-00749,MEDIUM_RISK,512,5,0.802,0,56.6,0,0
BUYER-00750,LOW_RISK,716,37,0.952,0,83.0,1,1
BUYER-00751,LOW_RISK,1796,60,0.975,0,92.1,1,0
BUYER-00752,MEDIUM_RISK,543,16,0.859,0,64.7,1,1
BUYER-00753,LOW_RISK,1491,78,0.977,0,84.4,1,1
BUYER-00754,LOW_RISK,351,49,0.954,0,96.7,1,0
BUYER-00755,LOW_RISK,498,78,0.966,0,91.4,1,0
BUYER-00756,LOW_RISK,1743,18,0.966,0,89.0,1,0
BUYER-00757,LOW_RISK,668,17,0.962,0,96.8,1,0
BUYER-00758,LOW_RISK,417,68,0.981,0,82.9,1,0
BUYER-00759,MEDIUM_RISK,209,6,0.802,0,58.3,0,0
BUYER-00760,LOW_RISK,203,30,0.975,0,87.5,1,0
BUYER-00761,LOW_RISK,1239,43,0.958,0,84.0,1,0
BUYER-00762,LOW_RISK,1779,44,0.987,0,83.9,1,0
BUYER-00763,LOW_RISK,240,52,0.99,0,86.4,1,1
BUYER-00764,LOW_RISK,310,43,0.986,0,91.2,1,0
BUYER-00765,LOW_RISK,337,73,0.973,0,87.8,1,0
BUYER-00766,LOW_RISK,1203,31,0.968,0,86.1,1,1
BUYER-00767,LOW_RISK,390,24,0.961,0,90.1,1,0
BUYER-00768,MEDIUM_RISK,75,3,0.834,0,66.3,1,0
BUYER-00769,LOW_RISK,964,29,0.959,0,97.4,1,0
BUYER-00770,MEDIUM_RISK,66,20,0.912,0,72.1,1,0
BUYER-00771,LOW_RISK,1522,63,0.961,0,86.0,1,0
BUYER-00772,MEDIUM_RISK,357,11,0.916,0,68.7,1,0
BUYER-00773,LOW_RISK,424,74,0.984,0,82.8,1,0
BUYER-00774,LOW_RISK,637,76,0.999,0,97.3,1,0
BUYER-00775,LOW_RISK,321,69,0.993,0,94.4,1,0
BUYER-00776,LOW_RISK,816,51,0.954,0,89.3,1,0
BUYER-00777,LOW_RISK,935,35,0.965,0,94.6,1,0
BUYER-00778,LOW_RISK,1694,41,0.973,0,91.5,1,0
BUYER-00779,LOW_RISK,1190,35,0.987,0,90.7,1,0
BUYER-00780,LOW_RISK,682,29,0.95,0,88.6,1,1
BUYER-00781,LOW_RISK,657,79,0.967,0,95.4,1,0
BUYER-00782,LOW_RISK,199,52,0.95,0,92.5,1,0
BUYER-00783,LOW_RISK,1691,49,0.955,0,90.5,1,0
BUYER-00784,LOW_RISK,667,63,0.975,0,83.0,1,0
BUYER-00785,LOW_RISK,471,45,0.955,0,96.7,1,0
BUYER-00786,MEDIUM_RISK,562,16,0.898,1,63.9,1,1
BUYER-00787,LOW_RISK,1711,20,0.979,0,90.1,1,0
BUYER-00788,LOW_RISK,1485,60,0.954,0,91.1,1,1
BUYER-00789,LOW_RISK,1070,26,0.962,0,86.2,1,0
BUYER-00790,HIGH_RISK,176,14,0.675,1,46.1,1,0
BUYER-00791,LOW_RISK,848,50,0.973,0,85.7,1,0
BUYER-00792,LOW_RISK,595,27,0.989,0,91.4,1,0
BUYER-00793,LOW_RISK,498,23,0.958,0,89.5,1,0
BUYER-00794,LOW_RISK,1012,25,0.977,0,97.4,1,0
BUYER-00795,LOW_RISK,605,67,0.965,0,86.2,1,0
BUYER-00796,MEDIUM_RISK,152,5,0.822,0,71.5,0,0
BUYER-00797,MEDIUM_RISK,647,4,0.83,0,75.6,1,0
BUYER-00798,LOW_RISK,483,21,0.986,0,97.5,1,0
BUYER-00799,LOW_RISK,991,75,0.952,0,86.8,1,0
BUYER-00800,MEDIUM_RISK,208,3,0.933,0,75.5,1,0
BUYER-00801,LOW_RISK,1318,80,0.962,0,89.4,1,0
BUYER-00802,LOW_RISK,466,25,0.951,0,95.3,1,1
BUYER-00803,LOW_RISK,635,26,0.96,0,88.4,1,0
BUYER-00804,LOW_RISK,1585,20,0.979,0,86.1,1,0
BUYER-00805,LOW_RISK,333,12,1.0,0,85.2,1,0
BUYER-00806,LOW_RISK,1502,66,0.99,0,83.5,1,0
BUYER-00807,MEDIUM_RISK,369,6,0.806,1,66.1,1,0
BUYER-00808,MEDIUM_RISK,202,21,0.861,0,72.4,1,0
BUYER-00809,LOW_RISK,1196,13,0.969,0,88.8,1,0
BUYER-00810,LOW_RISK,904,37,0.995,0,86.4,1,0
BUYER-00811,REPEATED_HIGH_RISK,121,4,0.213,4,20.9,0,1
BUYER-00812,MEDIUM_RISK,540,16,0.924,0,66.5,1,0
BUYER-00813,LOW_RISK,359,45,0.969,0,88.7,1,0
BUYER-00814,MEDIUM_RISK,688,19,0.835,0,78.9,0,1
BUYER-00815,MEDIUM_RISK,586,3,0.939,0,73.8,1,0
BUYER-00816,LOW_RISK,915,71,0.977,0,89.8,1,0
BUYER-00817,LOW_RISK,1338,74,0.966,0,86.3,1,0
BUYER-00818,LOW_RISK,233,50,0.98,0,82.5,1,0
BUYER-00819,LOW_RISK,1774,45,0.953,0,97.9,1,0
BUYER-00820,LOW_RISK,1264,55,0.988,0,98.0,1,0
BUYER-00821,LOW_RISK,506,22,0.962,0,85.9,1,0
BUYER-00822,LOW_RISK,1272,17,0.988,0,97.2,1,0
BUYER-00823,LOW_RISK,1359,59,0.968,0,95.4,1,0
BUYER-00824,LOW_RISK,535,32,0.962,0,87.1,1,0
BUYER-00825,LOW_RISK,1691,55,0.996,0,82.5,1,1
BUYER-00826,MEDIUM_RISK,390,21,0.879,0,68.5,1,0
BUYER-00827,LOW_RISK,565,73,0.977,0,84.8,1,0
BUYER-00828,LOW_RISK,257,21,0.953,0,91.6,1,0
BUYER-00829,LOW_RISK,220,77,0.974,0,87.3,1,0
BUYER-00830,LOW_RISK,1437,35,0.99,0,87.5,1,0
BUYER-00831,LOW_RISK,543,51,0.953,0,84.4,1,0
BUYER-00832,LOW_RISK,1623,28,0.989,0,95.5,1,0
BUYER-00833,LOW_RISK,927,19,0.969,0,97.1,1,1
BUYER-00834,LOW_RISK,990,22,0.967,0,87.2,1,0
BUYER-00835,LOW_RISK,502,65,0.99,0,97.4,1,0
BUYER-00836,LOW_RISK,1509,50,0.959,0,97.5,1,0
BUYER-00837,MEDIUM_RISK,658,14,0.831,0,69.1,1,0
BUYER-00838,LOW_RISK,539,58,0.965,0,93.0,1,0
BUYER-00839,LOW_RISK,440,32,0.986,0,97.2,1,0
BUYER-00840,LOW_RISK,1353,60,0.993,0,94.3,1,0
BUYER-00841,LOW_RISK,1342,14,0.959,0,87.1,1,0
BUYER-00842,LOW_RISK,1432,38,0.982,0,83.7,1,0
BUYER-00843,LOW_RISK,1196,28,0.967,0,83.2,1,0
BUYER-00844,HIGH_RISK,192,7,0.632,1,47.1,1,0
BUYER-00845,LOW_RISK,361,52,0.972,0,86.2,1,0
BUYER-00846,LOW_RISK,691,18,0.968,0,94.6,1,1
BUYER-00847,LOW_RISK,1655,10,0.952,0,89.0,1,1
BUYER-00848,REPEATED_HIGH_RISK,114,4,0.536,6,25.6,1,1
BUYER-00849,LOW_RISK,899,79,0.969,0,95.3,1,0
BUYER-00850,LOW_RISK,1795,38,0.958,0,83.2,1,1
BUYER-00851,LOW_RISK,248,47,0.951,0,86.2,1,0
BUYER-00852,LOW_RISK,394,19,0.967,0,96.2,1,0
BUYER-00853,LOW_RISK,509,19,0.977,0,96.4,1,0
BUYER-00854,MEDIUM_RISK,125,13,0.883,0,69.7,1,1
BUYER-00855,LOW_RISK,1168,13,0.972,0,92.5,1,0
BUYER-00856,LOW_RISK,1423,65,0.958,0,83.6,1,0
BUYER-00857,LOW_RISK,600,34,0.97,0,90.9,1,0
BUYER-00858,LOW_RISK,1674,79,0.963,0,86.5,1,0
BUYER-00859,LOW_RISK,666,22,0.952,0,91.1,1,0
BUYER-00860,LOW_RISK,1185,29,0.953,0,82.1,1,0
BUYER-00861,LOW_RISK,359,47,0.991,0,92.0,1,0
BUYER-00862,LOW_RISK,1163,35,0.955,0,85.3,1,0
BUYER-00863,LOW_RISK,1487,47,0.999,0,89.6,1,0
BUYER-00864,LOW_RISK,416,49,0.989,0,89.5,1,0
BUYER-00865,LOW_RISK,1533,43,0.955,0,90.7,1,0
BUYER-00866,LOW_RISK,558,57,0.994,0,87.9,1,0
BUYER-00867,LOW_RISK,1092,15,0.963,0,89.4,1,0
BUYER-00868,LOW_RISK,643,44,0.978,0,84.4,1,0
BUYER-00869,MEDIUM_RISK,129,5,0.894,0,74.4,1,0
BUYER-00870,HIGH_RISK,226,14,0.712,1,41.4,1,0
BUYER-00871,LOW_RISK,972,76,0.971,0,90.6,1,0
BUYER-00872,LOW_RISK,1152,40,0.974,0,83.3,1,0
BUYER-00873,LOW_RISK,1642,14,0.975,0,96.4,1,0
BUYER-00874,LOW_RISK,1350,28,0.956,0,94.1,1,0
BUYER-00875,LOW_RISK,534,31,0.999,0,94.9,1,0
BUYER-00876,LOW_RISK,438,15,0.971,0,97.8,1,0
BUYER-00877,LOW_RISK,1071,35,1.0,0,92.0,1,0
BUYER-00878,LOW_RISK,1398,43,0.966,0,93.6,1,0
BUYER-00879,LOW_RISK,317,21,0.969,0,88.4,1,0
BUYER-00880,LOW_RISK,847,45,0.976,0,96.7,1,0
BUYER-00881,LOW_RISK,205,76,0.989,0,83.8,1,0
BUYER-00882,LOW_RISK,486,28,0.978,0,91.3,1,0
BUYER-00883,LOW_RISK,385,23,0.978,0,83.6,1,0
BUYER-00884,LOW_RISK,765,78,0.994,0,96.0,1,0
BUYER-00885,LOW_RISK,720,59,0.983,0,91.2,1,0
BUYER-00886,LOW_RISK,1148,14,0.959,0,88.4,1,0
BUYER-00887,LOW_RISK,1446,61,0.952,0,96.2,1,0
BUYER-00888,LOW_RISK,858,40,0.952,0,89.6,1,0
BUYER-00889,LOW_RISK,730,57,0.951,0,95.1,1,0
BUYER-00890,LOW_RISK,800,49,0.964,0,89.9,1,0
BUYER-00891,LOW_RISK,1605,22,0.999,0,85.6,1,1
BUYER-00892,MEDIUM_RISK,337,17,0.908,1,62.7,0,1
BUYER-00893,MEDIUM_RISK,456,22,0.89,0,59.5,1,0
BUYER-00894,LOW_RISK,612,62,0.987,0,94.2,1,0
BUYER-00895,LOW_RISK,945,17,0.976,0,84.5,1,0
BUYER-00896,LOW_RISK,817,74,0.97,0,94.5,1,1
BUYER-00897,LOW_RISK,1253,13,0.959,0,96.0,1,0
BUYER-00898,MEDIUM_RISK,235,4,0.835,0,66.0,1,0
BUYER-00899,LOW_RISK,918,35,0.964,0,95.2,1,0
BUYER-00900,LOW_RISK,1214,60,0.982,0,84.0,1,0
BUYER-00901,LOW_RISK,242,40,0.969,0,91.5,1,0
BUYER-00902,LOW_RISK,543,70,0.979,0,87.6,1,0
BUYER-00903,LOW_RISK,514,43,0.987,0,93.0,1,0
BUYER-00904,LOW_RISK,763,13,0.969,0,84.6,1,0
BUYER-00905,LOW_RISK,1351,37,0.993,0,92.4,1,0
BUYER-00906,MEDIUM_RISK,241,11,0.891,0,67.3,1,0
BUYER-00907,LOW_RISK,1778,11,0.974,0,84.1,1,0
BUYER-00908,LOW_RISK,534,11,0.961,0,91.7,1,0
BUYER-00909,LOW_RISK,805,45,0.971,0,88.0,1,1
BUYER-00910,LOW_RISK,894,68,0.963,0,89.5,1,0
BUYER-00911,LOW_RISK,1566,76,0.991,0,88.4,1,0
BUYER-00912,LOW_RISK,389,10,0.976,0,92.6,1,0
BUYER-00913,LOW_RISK,946,46,0.965,0,83.7,1,0
BUYER-00914,LOW_RISK,310,53,0.999,0,92.2,1,0
BUYER-00915,LOW_RISK,747,43,0.983,0,97.2,1,0
BUYER-00916,LOW_RISK,1514,48,0.959,0,90.3,1,0
BUYER-00917,LOW_RISK,672,17,0.99,0,94.8,1,1
BUYER-00918,HIGH_RISK,322,8,0.726,2,43.6,0,0
BUYER-00919,LOW_RISK,1657,13,0.983,0,98.0,1,0
BUYER-00920,LOW_RISK,711,63,0.97,0,93.8,1,0
BUYER-00921,MEDIUM_RISK,627,25,0.939,0,74.6,1,0
BUYER-00922,LOW_RISK,882,38,0.984,0,92.2,1,0
BUYER-00923,MEDIUM_RISK,517,24,0.85,0,62.2,1,0
BUYER-00924,LOW_RISK,528,33,0.965,0,89.5,1,0
BUYER-00925,LOW_RISK,1697,43,0.986,0,90.9,1,1
BUYER-00926,LOW_RISK,554,52,0.983,0,85.6,1,0
BUYER-00927,LOW_RISK,637,49,0.971,0,96.2,1,0
BUYER-00928,LOW_RISK,941,43,0.979,0,89.4,1,1
BUYER-00929,LOW_RISK,421,70,0.953,0,92.2,1,1
BUYER-00930,LOW_RISK,1368,19,0.974,0,85.1,1,0
BUYER-00931,LOW_RISK,425,58,0.976,0,88.6,1,0
BUYER-00932,MEDIUM_RISK,184,7,0.939,0,63.2,1,0
BUYER-00933,REPEATED_HIGH_RISK,152,9,0.254,4,23.6,0,0
BUYER-00934,LOW_RISK,1178,52,0.982,0,84.8,1,0
BUYER-00935,LOW_RISK,1479,17,0.95,0,86.4,1,0
BUYER-00936,LOW_RISK,1738,31,0.979,0,84.5,1,0
BUYER-00937,LOW_RISK,1788,21,0.956,0,88.9,1,0
BUYER-00938,MEDIUM_RISK,469,15,0.86,0,66.5,1,0
BUYER-00939,LOW_RISK,189,14,0.977,0,93.7,1,0
BUYER-00940,LOW_RISK,208,51,0.988,0,90.5,1,0
BUYER-00941,LOW_RISK,216,10,0.981,0,86.0,1,0
BUYER-00942,LOW_RISK,1600,54,0.966,0,83.6,1,0
BUYER-00943,LOW_RISK,1210,49,0.958,0,95.2,1,0
BUYER-00944,MEDIUM_RISK,335,12,0.864,0,67.5,1,0
BUYER-00945,LOW_RISK,1253,53,0.972,0,93.0,1,0
BUYER-00946,LOW_RISK,454,53,1.0,0,89.8,1,0
BUYER-00947,LOW_RISK,1716,34,0.958,0,96.5,1,0
BUYER-00948,MEDIUM_RISK,443,3,0.832,1,72.5,1,0
BUYER-00949,MEDIUM_RISK,164,9,0.903,1,69.2,1,0
BUYER-00950,LOW_RISK,526,25,0.968,0,92.4,1,0
BUYER-00951,LOW_RISK,256,58,0.994,0,86.1,1,0
BUYER-00952,LOW_RISK,1275,16,0.98,0,82.8,1,0
BUYER-00953,LOW_RISK,401,12,0.952,0,83.9,1,0
BUYER-00954,MEDIUM_RISK,484,15,0.817,0,61.1,1,0
BUYER-00955,LOW_RISK,1617,29,0.96,0,93.0,1,0
BUYER-00956,LOW_RISK,199,48,0.971,0,83.6,1,0
BUYER-00957,LOW_RISK,1245,44,0.981,0,93.2,1,0
BUYER-00958,LOW_RISK,1037,23,0.976,0,91.9,1,0
BUYER-00959,LOW_RISK,758,24,0.989,0,90.0,1,0
BUYER-00960,LOW_RISK,1427,35,0.989,0,95.3,1,0
BUYER-00961,LOW_RISK,593,55,0.985,0,86.7,1,0
BUYER-00962,LOW_RISK,260,80,0.975,0,85.3,1,1
BUYER-00963,LOW_RISK,1164,52,0.962,0,82.2,1,0
BUYER-00964,LOW_RISK,362,24,0.992,0,92.7,1,0
BUYER-00965,LOW_RISK,485,21,0.989,0,83.2,1,0
BUYER-00966,LOW_RISK,1661,22,0.995,0,92.3,1,0
BUYER-00967,LOW_RISK,1115,47,0.963,0,82.8,1,0
BUYER-00968,LOW_RISK,537,15,0.993,0,87.8,1,0
BUYER-00969,LOW_RISK,1566,50,0.971,0,83.9,1,0
BUYER-00970,LOW_RISK,1732,15,0.95,0,84.2,1,0
BUYER-00971,LOW_RISK,1505,31,0.966,0,96.3,1,0
BUYER-00972,MEDIUM_RISK,666,11,0.923,0,57.2,0,0
BUYER-00973,LOW_RISK,881,33,0.956,0,88.4,1,0
BUYER-00974,LOW_RISK,1114,44,0.992,0,93.0,1,0
BUYER-00975,LOW_RISK,1159,63,0.982,0,94.8,1,0
BUYER-00976,LOW_RISK,411,26,0.985,0,82.9,1,0
BUYER-00977,LOW_RISK,506,23,0.971,0,91.5,1,0
BUYER-00978,LOW_RISK,1345,66,0.959,0,88.1,1,0
BUYER-00979,LOW_RISK,914,13,0.993,0,96.1,1,0
BUYER-00980,LOW_RISK,1669,26,0.974,0,89.8,1,0
BUYER-00981,LOW_RISK,1022,66,0.952,0,86.2,1,0
BUYER-00982,LOW_RISK,823,11,0.985,0,92.8,1,1
BUYER-00983,LOW_RISK,1751,38,0.999,0,92.7,1,1
BUYER-00984,LOW_RISK,872,76,0.976,0,93.2,1,0
BUYER-00985,LOW_RISK,375,65,0.983,0,86.0,1,0
BUYER-00986,LOW_RISK,888,59,0.957,0,95.2,1,0
BUYER-00987,LOW_RISK,1435,16,0.951,0,96.9,1,0
BUYER-00988,LOW_RISK,1215,70,0.993,0,95.9,1,0
BUYER-00989,LOW_RISK,333,72,0.966,0,87.3,1,0
BUYER-00990,LOW_RISK,749,16,0.975,0,90.8,1,0
BUYER-00991,LOW_RISK,955,61,0.991,0,83.3,1,0
BUYER-00992,LOW_RISK,1089,67,0.954,0,90.0,1,0
BUYER-00993,LOW_RISK,827,25,0.999,0,93.9,1,0
BUYER-00994,LOW_RISK,216,23,0.97,0,82.6,1,0
BUYER-00995,LOW_RISK,1304,10,0.991,0,94.7,1,0
BUYER-00996,LOW_RISK,1447,48,0.995,0,91.0,1,0
BUYER-00997,MEDIUM_RISK,700,24,0.864,0,63.2,1,0
BUYER-00998,LOW_RISK,291,38,0.992,0,87.3,1,0
BUYER-00999,HIGH_RISK,332,11,0.69,1,43.2,1,0
BUYER-01000,LOW_RISK,1646,67,0.956,0,94.1,1,1
BUYER-01001,LOW_RISK,634,10,0.967,0,95.3,1,0
BUYER-01002,LOW_RISK,777,80,0.976,0,93.2,1,0
BUYER-01003,MEDIUM_RISK,76,8,0.869,0,74.7,1,0
BUYER-01004,LOW_RISK,1700,62,0.955,0,91.8,1,0
BUYER-01005,LOW_RISK,564,25,0.997,0,88.3,1,0
BUYER-01006,LOW_RISK,1116,34,0.986,0,83.7,1,0
BUYER-01007,LOW_RISK,1028,15,0.996,0,95.4,1,0
BUYER-01008,MEDIUM_RISK,632,6,0.908,0,65.8,1,0
BUYER-01009,LOW_RISK,1528,74,0.957,0,90.0,1,0
BUYER-01010,LOW_RISK,1266,16,0.978,0,88.9,1,0
BUYER-01011,LOW_RISK,1378,71,0.996,0,94.5,1,0
BUYER-01012,REPEATED_HIGH_RISK,52,4,0.478,4,10.1,1,1
BUYER-01013,HIGH_RISK,351,11,0.715,1,37.5,1,0
BUYER-01014,LOW_RISK,967,63,0.999,0,96.7,1,0
BUYER-01015,LOW_RISK,1741,41,0.964,0,97.4,1,0
BUYER-01016,MEDIUM_RISK,331,17,0.913,1,58.3,1,0
BUYER-01017,LOW_RISK,1413,75,0.965,0,93.2,1,0
BUYER-01018,LOW_RISK,822,80,0.982,0,85.2,1,0
BUYER-01019,MEDIUM_RISK,669,25,0.841,1,63.3,1,0
BUYER-01020,LOW_RISK,1557,26,0.999,0,92.4,1,0
BUYER-01021,LOW_RISK,544,74,0.977,0,92.2,1,0
BUYER-01022,LOW_RISK,1634,24,0.988,0,91.0,1,0
BUYER-01023,MEDIUM_RISK,626,21,0.932,0,72.0,1,0
BUYER-01024,HIGH_RISK,360,13,0.77,1,41.1,0,1
BUYER-01025,HIGH_RISK,231,14,0.602,1,33.8,0,0
BUYER-01026,LOW_RISK,960,28,0.953,0,82.9,1,0
BUYER-01027,MEDIUM_RISK,303,8,0.938,0,71.4,1,0
BUYER-01028,MEDIUM_RISK,179,4,0.897,1,62.1,0,0
BUYER-01029,LOW_RISK,1723,79,0.952,0,95.0,1,0
BUYER-01030,MEDIUM_RISK,134,22,0.922,0,72.7,1,0
BUYER-01031,LOW_RISK,639,59,0.962,0,94.5,1,0
BUYER-01032,LOW_RISK,1605,46,0.985,0,82.8,1,0
BUYER-01033,LOW_RISK,961,59,0.971,0,94.6,1,0
BUYER-01034,LOW_RISK,1583,50,0.998,0,82.9,1,0
BUYER-01035,LOW_RISK,1703,42,0.96,0,95.9,1,0
BUYER-01036,LOW_RISK,1087,38,0.996,0,93.3,1,0
BUYER-01037,LOW_RISK,1506,57,0.988,0,90.7,1,0
BUYER-01038,LOW_RISK,1415,35,0.989,0,97.4,1,0
BUYER-01039,LOW_RISK,782,67,0.959,0,92.9,1,0
BUYER-01040,LOW_RISK,562,32,0.987,0,83.9,1,0
BUYER-01041,LOW_RISK,263,64,0.964,0,86.2,1,0
BUYER-01042,LOW_RISK,509,42,0.95,0,89.5,1,0
BUYER-01043,LOW_RISK,497,15,0.958,0,87.2,1,0
BUYER-01044,LOW_RISK,284,48,0.975,0,91.2,1,0
BUYER-01045,MEDIUM_RISK,396,5,0.91,0,62.6,1,0
BUYER-01046,LOW_RISK,630,33,0.976,0,94.6,1,1
BUYER-01047,LOW_RISK,506,63,0.977,0,88.5,1,0
BUYER-01048,LOW_RISK,895,38,0.994,0,92.6,1,0
BUYER-01049,MEDIUM_RISK,369,14,0.841,0,77.8,1,0
BUYER-01050,LOW_RISK,1446,77,0.974,0,91.0,1,0
BUYER-01051,MEDIUM_RISK,694,3,0.816,1,63.3,1,1
BUYER-01052,LOW_RISK,672,41,0.998,0,92.9,1,0
BUYER-01053,MEDIUM_RISK,358,15,0.928,0,77.7,1,0
BUYER-01054,LOW_RISK,970,42,0.977,0,86.5,1,0
BUYER-01055,REPEATED_HIGH_RISK,139,7,0.395,6,17.7,1,0
BUYER-01056,LOW_RISK,787,34,0.966,0,83.3,1,1
BUYER-01057,LOW_RISK,376,31,0.999,0,94.4,1,0
BUYER-01058,LOW_RISK,1272,10,0.981,0,85.4,1,0
BUYER-01059,LOW_RISK,1469,37,0.993,0,88.8,1,1
BUYER-01060,LOW_RISK,392,36,0.977,0,93.2,1,0
BUYER-01061,MEDIUM_RISK,475,23,0.914,1,56.7,1,1
BUYER-01062,REPEATED_HIGH_RISK,46,2,0.375,5,8.8,0,0
BUYER-01063,LOW_RISK,330,16,0.959,0,86.0,1,0
BUYER-01064,LOW_RISK,324,39,0.996,0,88.5,1,0
BUYER-01065,LOW_RISK,1103,61,0.972,0,82.3,1,0
BUYER-01066,LOW_RISK,1558,25,0.977,0,92.3,1,0
BUYER-01067,LOW_RISK,1446,18,0.988,0,91.4,1,1
BUYER-01068,LOW_RISK,1615,19,0.968,0,90.0,1,0
BUYER-01069,LOW_RISK,773,48,0.98,0,86.5,1,0
BUYER-01070,LOW_RISK,1076,58,0.97,0,92.6,1,0
BUYER-01071,LOW_RISK,1150,30,0.977,0,84.2,1,1
BUYER-01072,LOW_RISK,980,79,0.965,0,92.1,1,0
BUYER-01073,LOW_RISK,790,57,0.998,0,82.2,1,0
BUYER-01074,LOW_RISK,1316,28,0.956,0,82.1,1,0
BUYER-01075,REPEATED_HIGH_RISK,159,8,0.404,3,14.1,1,0
BUYER-01076,LOW_RISK,1712,54,0.961,0,96.5,1,0
BUYER-01077,LOW_RISK,1229,28,0.958,0,85.5,1,0
BUYER-01078,LOW_RISK,697,34,0.956,0,92.7,1,0
BUYER-01079,LOW_RISK,1341,16,0.993,0,96.9,1,0
BUYER-01080,HIGH_RISK,296,9,0.722,2,33.2,1,0
BUYER-01081,LOW_RISK,1555,18,0.963,0,85.2,1,0
BUYER-01082,LOW_RISK,1369,72,0.998,0,87.7,1,0
BUYER-01083,LOW_RISK,1554,40,0.955,0,91.9,1,0
BUYER-01084,MEDIUM_RISK,228,13,0.868,0,62.9,1,0
BUYER-01085,HIGH_RISK,352,6,0.732,1,34.6,0,0
BUYER-01086,LOW_RISK,1340,56,0.99,0,97.3,1,0
BUYER-01087,LOW_RISK,525,10,0.966,0,94.6,1,1
BUYER-01088,LOW_RISK,1638,65,0.964,0,87.8,1,0
BUYER-01089,REPEATED_HIGH_RISK,180,7,0.534,6,16.9,0,0
BUYER-01090,LOW_RISK,1766,49,0.974,0,83.7,1,0
BUYER-01091,HIGH_RISK,345,11,0.616,2,36.8,1,0
BUYER-01092,LOW_RISK,466,78,0.96,0,93.7,1,0
BUYER-01093,LOW_RISK,1463,19,0.986,0,96.3,1,0
BUYER-01094,LOW_RISK,1218,13,0.991,0,91.3,1,0
BUYER-01095,LOW_RISK,1755,37,0.995,0,90.8,1,0
BUYER-01096,LOW_RISK,1293,79,0.974,0,94.4,1,0
BUYER-01097,LOW_RISK,929,60,0.961,0,94.4,1,0
BUYER-01098,LOW_RISK,1681,47,0.957,0,90.0,1,0
BUYER-01099,LOW_RISK,365,60,0.968,0,82.2,1,0
BUYER-01100,LOW_RISK,669,31,0.988,0,84.2,1,0
BUYER-01101,LOW_RISK,506,32,0.978,0,91.1,1,0
BUYER-01102,HIGH_RISK,89,13,0.739,1,48.0,1,0
BUYER-01103,MEDIUM_RISK,71,10,0.907,1,60.6,1,0
BUYER-01104,MEDIUM_RISK,300,14,0.833,0,71.0,1,0
BUYER-01105,REPEATED_HIGH_RISK,139,7,0.347,6,25.6,0,1
BUYER-01106,LOW_RISK,261,51,0.955,0,97.5,1,0
BUYER-01107,LOW_RISK,1477,45,0.992,0,86.2,1,0
BUYER-01108,LOW_RISK,1294,32,0.969,0,88.1,1,0
BUYER-01109,LOW_RISK,1383,19,0.976,0,88.0,1,0
BUYER-01110,LOW_RISK,636,76,0.97,0,95.1,1,0
BUYER-01111,LOW_RISK,886,72,0.99,0,96.2,1,0
BUYER-01112,LOW_RISK,193,74,0.994,0,89.0,1,0
BUYER-01113,LOW_RISK,651,19,0.976,0,86.5,1,0
BUYER-01114,LOW_RISK,487,33,0.958,0,91.6,1,0
BUYER-01115,LOW_RISK,422,39,0.971,0,87.3,1,1
BUYER-01116,LOW_RISK,412,71,0.984,0,89.7,1,0
BUYER-01117,LOW_RISK,1389,30,0.982,0,88.6,1,0
BUYER-01118,MEDIUM_RISK,279,4,0.818,0,69.2,1,0
BUYER-01119,LOW_RISK,455,75,0.952,0,91.2,1,0
BUYER-01120,LOW_RISK,294,31,0.963,0,84.9,1,0
BUYER-01121,MEDIUM_RISK,445,22,0.936,0,70.3,0,0
BUYER-01122,HIGH_RISK,353,15,0.654,2,33.5,1,0
BUYER-01123,MEDIUM_RISK,489,22,0.939,0,75.8,0,0
BUYER-01124,LOW_RISK,529,38,0.992,0,91.6,1,0
BUYER-01125,LOW_RISK,1373,33,0.981,0,90.2,1,0
BUYER-01126,LOW_RISK,523,53,0.996,0,91.5,1,0
BUYER-01127,LOW_RISK,320,39,0.969,0,84.1,1,0
BUYER-01128,LOW_RISK,213,35,0.976,0,96.5,1,1
BUYER-01129,LOW_RISK,1581,63,0.991,0,91.7,1,0
BUYER-01130,LOW_RISK,543,70,0.995,0,91.6,1,0
BUYER-01131,LOW_RISK,1785,78,0.975,0,83.9,1,0
BUYER-01132,LOW_RISK,1167,26,0.995,0,90.6,1,0
BUYER-01133,LOW_RISK,182,65,0.976,0,87.9,1,0
BUYER-01134,LOW_RISK,268,77,0.971,0,97.0,1,0
BUYER-01135,LOW_RISK,1167,58,0.968,0,94.9,1,0
BUYER-01136,LOW_RISK,1739,22,0.971,0,86.1,1,0
BUYER-01137,MEDIUM_RISK,268,5,0.84,1,76.0,1,0
BUYER-01138,LOW_RISK,1016,42,0.959,0,93.3,1,0
BUYER-01139,LOW_RISK,1796,10,0.979,0,83.9,1,0
BUYER-01140,LOW_RISK,194,58,0.983,0,93.0,1,0
BUYER-01141,MEDIUM_RISK,353,16,0.851,0,58.7,1,0
BUYER-01142,LOW_RISK,1514,42,0.963,0,90.6,1,0
BUYER-01143,LOW_RISK,1336,56,0.981,0,97.9,1,0
BUYER-01144,LOW_RISK,993,36,0.971,0,94.5,1,0
BUYER-01145,LOW_RISK,1168,32,0.969,0,90.9,1,0
BUYER-01146,MEDIUM_RISK,289,12,0.881,0,73.6,1,1
BUYER-01147,LOW_RISK,995,27,0.993,0,92.5,1,0
BUYER-01148,LOW_RISK,1711,39,0.972,0,93.2,1,0
BUYER-01149,MEDIUM_RISK,195,6,0.83,0,64.6,1,0
BUYER-01150,MEDIUM_RISK,376,20,0.886,0,71.4,1,0
BUYER-01151,LOW_RISK,286,30,0.969,0,92.2,1,0
BUYER-01152,MEDIUM_RISK,123,7,0.866,0,69.4,1,0
BUYER-01153,LOW_RISK,360,18,0.963,0,87.9,1,0
BUYER-01154,LOW_RISK,1427,14,0.986,0,96.9,1,0
BUYER-01155,LOW_RISK,1000,76,0.964,0,97.4,1,0
BUYER-01156,LOW_RISK,297,32,0.982,0,89.0,1,0
BUYER-01157,LOW_RISK,593,76,0.964,0,82.5,1,0
BUYER-01158,MEDIUM_RISK,643,19,0.872,0,60.6,1,0
BUYER-01159,MEDIUM_RISK,203,24,0.805,0,60.7,1,0
BUYER-01160,LOW_RISK,180,30,0.954,0,86.4,1,0
BUYER-01161,MEDIUM_RISK,439,14,0.894,0,64.7,1,1
BUYER-01162,LOW_RISK,590,76,0.951,0,93.3,1,0
BUYER-01163,LOW_RISK,364,80,0.964,0,95.3,1,0
BUYER-01164,LOW_RISK,1373,54,0.967,0,95.0,1,0
BUYER-01165,LOW_RISK,643,34,0.973,0,88.5,1,1
BUYER-01166,LOW_RISK,189,43,0.959,0,90.1,1,0
BUYER-01167,MEDIUM_RISK,602,5,0.87,0,63.2,1,0
BUYER-01168,LOW_RISK,419,75,0.998,0,96.0,1,0
BUYER-01169,LOW_RISK,1357,42,0.985,0,97.5,1,1
BUYER-01170,LOW_RISK,1333,71,0.988,0,94.1,1,0
BUYER-01171,LOW_RISK,1768,68,0.984,0,96.3,1,0
BUYER-01172,REPEATED_HIGH_RISK,14,9,0.244,3,15.7,1,0
BUYER-01173,LOW_RISK,1795,38,0.984,0,85.7,1,0
BUYER-01174,LOW_RISK,826,62,0.998,0,90.3,1,0
BUYER-01175,LOW_RISK,199,43,0.962,0,83.5,1,0
BUYER-01176,LOW_RISK,1559,53,0.954,0,96.9,1,1
BUYER-01177,LOW_RISK,1155,50,0.968,0,96.3,1,0
BUYER-01178,LOW_RISK,731,33,0.997,0,92.9,1,0
BUYER-01179,LOW_RISK,569,73,0.987,0,85.8,1,0
BUYER-01180,LOW_RISK,675,43,0.96,0,85.2,1,0
BUYER-01181,HIGH_RISK,142,15,0.718,1,34.7,0,1
BUYER-01182,LOW_RISK,398,25,0.996,0,92.8,1,0
BUYER-01183,LOW_RISK,1538,73,0.981,0,94.2,1,0
BUYER-01184,MEDIUM_RISK,584,4,0.919,0,63.9,1,0
BUYER-01185,LOW_RISK,825,73,0.995,0,96.1,1,1
BUYER-01186,MEDIUM_RISK,618,11,0.869,0,78.6,1,0
BUYER-01187,LOW_RISK,1226,45,0.97,0,94.0,1,0
BUYER-01188,LOW_RISK,442,16,0.976,0,88.8,1,0
BUYER-01189,LOW_RISK,1287,14,0.975,0,88.3,1,0
BUYER-01190,LOW_RISK,1585,32,0.973,0,83.9,1,0
BUYER-01191,LOW_RISK,1241,68,0.966,0,82.1,1,0
BUYER-01192,LOW_RISK,1560,36,0.969,0,83.6,1,0
BUYER-01193,LOW_RISK,920,43,0.959,0,86.2,1,0
BUYER-01194,LOW_RISK,731,70,0.998,0,87.5,1,0
BUYER-01195,LOW_RISK,556,73,0.971,0,88.7,1,0
BUYER-01196,MEDIUM_RISK,411,14,0.92,0,61.7,1,0
BUYER-01197,HIGH_RISK,107,11,0.625,2,41.8,1,0
BUYER-01198,HIGH_RISK,132,15,0.619,1,36.6,1,0
BUYER-01199,LOW_RISK,662,65,0.993,0,85.1,1,0
BUYER-01200,LOW_RISK,1692,29,0.974,0,82.2,1,0
BUYER-01201,LOW_RISK,1043,73,0.957,0,96.3,1,0
BUYER-01202,LOW_RISK,1471,76,0.977,0,87.1,1,0
BUYER-01203,LOW_RISK,1176,48,0.963,0,95.7,1,0
BUYER-01204,LOW_RISK,277,60,0.955,0,84.6,1,0
BUYER-01205,LOW_RISK,621,42,0.974,0,92.1,1,0
BUYER-01206,LOW_RISK,1101,52,0.963,0,87.8,1,0
BUYER-01207,LOW_RISK,1321,42,0.967,0,88.6,1,1
BUYER-01208,LOW_RISK,899,35,0.979,0,92.4,1,0
BUYER-01209,LOW_RISK,1282,32,0.999,0,86.6,1,0
BUYER-01210,REPEATED_HIGH_RISK,90,10,0.385,6,25.8,1,1
BUYER-01211,LOW_RISK,960,46,0.973,0,97.3,1,0
BUYER-01212,LOW_RISK,523,53,0.971,0,91.8,1,0
BUYER-01213,LOW_RISK,1008,19,0.954,0,87.5,1,0
BUYER-01214,LOW_RISK,822,50,0.983,0,93.4,1,0
BUYER-01215,LOW_RISK,1419,60,0.964,0,89.1,1,0
BUYER-01216,LOW_RISK,923,76,0.998,0,88.6,1,0
BUYER-01217,LOW_RISK,556,12,0.956,0,85.8,1,0
BUYER-01218,LOW_RISK,695,20,0.961,0,88.4,1,0
BUYER-01219,LOW_RISK,375,18,0.997,0,89.6,1,0
BUYER-01220,LOW_RISK,290,13,0.989,0,90.4,1,0
BUYER-01221,HIGH_RISK,57,3,0.65,2,34.6,1,1
BUYER-01222,LOW_RISK,1521,59,0.965,0,86.0,1,0
BUYER-01223,LOW_RISK,761,66,0.981,0,84.1,1,0
BUYER-01224,HIGH_RISK,102,2,0.607,2,38.1,1,0
BUYER-01225,LOW_RISK,846,70,0.973,0,95.9,1,0
BUYER-01226,LOW_RISK,737,80,0.972,0,97.5,1,0
BUYER-01227,LOW_RISK,1608,79,0.959,0,91.6,1,0
BUYER-01228,LOW_RISK,1472,65,0.976,0,92.2,1,1
BUYER-01229,REPEATED_HIGH_RISK,86,7,0.383,4,24.1,1,0
BUYER-01230,LOW_RISK,1084,49,0.968,0,86.2,1,0
BUYER-01231,MEDIUM_RISK,340,3,0.8,0,74.6,1,0
BUYER-01232,LOW_RISK,459,54,0.964,0,90.6,1,0
BUYER-01233,LOW_RISK,1588,72,0.997,0,89.6,1,0
BUYER-01234,LOW_RISK,198,65,0.99,0,91.6,1,0
BUYER-01235,LOW_RISK,194,80,0.969,0,88.6,1,0
BUYER-01236,LOW_RISK,1328,65,0.97,0,84.6,1,0
BUYER-01237,MEDIUM_RISK,691,15,0.916,0,60.3,1,1
BUYER-01238,LOW_RISK,342,64,0.981,0,90.3,1,0
BUYER-01239,HIGH_RISK,328,14,0.732,1,36.6,1,0
BUYER-01240,LOW_RISK,1508,78,0.99,0,88.6,1,1
BUYER-01241,MEDIUM_RISK,100,8,0.819,0,57.6,1,1
BUYER-01242,LOW_RISK,1112,67,0.964,0,92.0,1,0
BUYER-01243,LOW_RISK,564,51,0.951,0,82.8,1,0
BUYER-01244,MEDIUM_RISK,577,3,0.826,1,57.5,1,1
BUYER-01245,LOW_RISK,731,26,0.986,0,93.6,1,0
BUYER-01246,LOW_RISK,656,21,0.958,0,89.9,1,0
BUYER-01247,LOW_RISK,880,63,0.966,0,94.8,1,0
BUYER-01248,LOW_RISK,940,69,0.985,0,82.5,1,0
BUYER-01249,MEDIUM_RISK,112,7,0.808,1,73.6,1,0
BUYER-01250,LOW_RISK,326,79,0.974,0,85.1,1,0
BUYER-01251,LOW_RISK,692,58,0.991,0,84.0,1,0
BUYER-01252,LOW_RISK,1753,41,0.969,0,97.6,1,0
BUYER-01253,LOW_RISK,686,14,0.96,0,93.8,1,0
BUYER-01254,LOW_RISK,372,76,0.983,0,85.3,1,0
BUYER-01255,LOW_RISK,976,49,0.997,0,84.5,1,0
BUYER-01256,LOW_RISK,1671,15,0.987,0,90.8,1,1
BUYER-01257,LOW_RISK,430,42,0.974,0,86.8,1,0
BUYER-01258,LOW_RISK,918,16,0.993,0,85.5,1,0
BUYER-01259,LOW_RISK,411,40,0.982,0,87.2,1,0
BUYER-01260,LOW_RISK,522,45,0.979,0,88.3,1,1
BUYER-01261,LOW_RISK,677,11,0.998,0,91.3,1,0
BUYER-01262,LOW_RISK,1594,70,0.984,0,84.5,1,0
BUYER-01263,LOW_RISK,1758,21,0.962,0,90.0,1,0
BUYER-01264,LOW_RISK,1584,53,0.997,0,98.0,1,0
BUYER-01265,LOW_RISK,1460,17,0.953,0,92.3,1,0
BUYER-01266,LOW_RISK,1616,78,0.99,0,84.0,1,0
BUYER-01267,LOW_RISK,656,50,0.999,0,94.6,1,0
BUYER-01268,LOW_RISK,1729,54,0.99,0,89.0,1,1
BUYER-01269,LOW_RISK,575,12,0.984,0,87.7,1,0
BUYER-01270,LOW_RISK,455,42,0.995,0,89.8,1,0
BUYER-01271,LOW_RISK,1076,47,0.977,0,89.8,1,0
BUYER-01272,MEDIUM_RISK,610,8,0.876,1,62.8,1,0
BUYER-01273,LOW_RISK,1139,45,0.993,0,91.6,1,0
BUYER-01274,LOW_RISK,1315,30,0.953,0,84.5,1,0
BUYER-01275,LOW_RISK,785,43,0.977,0,89.3,1,0
BUYER-01276,LOW_RISK,1769,74,0.969,0,85.0,1,0
BUYER-01277,LOW_RISK,218,56,0.989,0,85.8,1,0
BUYER-01278,REPEATED_HIGH_RISK,23,10,0.511,4,18.5,1,1
BUYER-01279,LOW_RISK,1198,80,0.958,0,86.5,1,0
BUYER-01280,LOW_RISK,1019,51,0.956,0,90.4,1,0
BUYER-01281,LOW_RISK,316,15,0.992,0,84.1,1,1
BUYER-01282,LOW_RISK,244,35,0.955,0,85.1,1,1
BUYER-01283,LOW_RISK,245,59,0.983,0,90.4,1,1
BUYER-01284,LOW_RISK,1616,42,0.952,0,85.5,1,0
BUYER-01285,LOW_RISK,1650,19,0.951,0,96.7,1,0
BUYER-01286,LOW_RISK,1522,72,0.996,0,95.3,1,0
BUYER-01287,LOW_RISK,1138,17,0.968,0,93.9,1,0
BUYER-01288,LOW_RISK,1031,57,0.99,0,82.9,1,0
BUYER-01289,LOW_RISK,1443,44,0.976,0,93.7,1,1
BUYER-01290,LOW_RISK,802,19,0.997,0,97.4,1,0
BUYER-01291,LOW_RISK,378,22,0.986,0,90.5,1,0
BUYER-01292,LOW_RISK,568,34,0.976,0,86.0,1,0
BUYER-01293,LOW_RISK,1460,32,0.978,0,90.9,1,0
BUYER-01294,LOW_RISK,1708,23,0.988,0,91.2,1,0
BUYER-01295,LOW_RISK,1561,68,0.985,0,88.8,1,0
BUYER-01296,LOW_RISK,393,31,0.99,0,90.8,1,0
BUYER-01297,LOW_RISK,1213,53,0.983,0,90.5,1,0
BUYER-01298,LOW_RISK,1408,66,0.997,0,96.4,1,0
BUYER-01299,LOW_RISK,1306,51,0.992,0,88.6,1,0
BUYER-01300,LOW_RISK,1476,65,0.991,0,87.2,1,0
BUYER-01301,LOW_RISK,672,79,0.961,0,94.3,1,0
BUYER-01302,MEDIUM_RISK,290,14,0.935,0,65.7,0,0
BUYER-01303,LOW_RISK,993,10,0.986,0,97.7,1,0
BUYER-01304,LOW_RISK,1400,12,0.976,0,97.9,1,0
BUYER-01305,LOW_RISK,798,10,0.965,0,85.6,1,0
BUYER-01306,MEDIUM_RISK,352,3,0.908,0,77.6,1,0
BUYER-01307,LOW_RISK,745,80,0.976,0,91.1,1,0
BUYER-01308,LOW_RISK,1350,29,0.955,0,89.4,1,0
BUYER-01309,LOW_RISK,499,27,0.963,0,96.2,1,0
BUYER-01310,LOW_RISK,691,39,0.963,0,86.8,1,0
BUYER-01311,LOW_RISK,1348,61,0.978,0,85.5,1,0
BUYER-01312,MEDIUM_RISK,109,13,0.911,0,59.1,1,0
BUYER-01313,LOW_RISK,1592,22,0.98,0,86.8,1,0
BUYER-01314,LOW_RISK,1676,58,0.954,0,82.9,1,1
BUYER-01315,LOW_RISK,1758,52,0.967,0,95.1,1,0
BUYER-01316,LOW_RISK,1033,25,0.993,0,85.6,1,0
BUYER-01317,LOW_RISK,1516,11,0.982,0,92.1,1,0
BUYER-01318,LOW_RISK,290,49,0.976,0,87.1,1,0
BUYER-01319,LOW_RISK,1336,29,0.966,0,93.2,1,0
BUYER-01320,LOW_RISK,493,16,0.984,0,98.0,1,0
BUYER-01321,LOW_RISK,1092,74,0.955,0,88.9,1,0
BUYER-01322,LOW_RISK,1790,60,0.957,0,87.4,1,0
BUYER-01323,MEDIUM_RISK,517,21,0.904,1,68.2,1,1
BUYER-01324,LOW_RISK,717,20,0.97,0,89.0,1,1
BUYER-01325,HIGH_RISK,81,14,0.626,1,41.5,1,1
BUYER-01326,LOW_RISK,1179,60,0.983,0,85.1,1,0
BUYER-01327,LOW_RISK,1441,77,0.962,0,83.1,1,1
BUYER-01328,LOW_RISK,1770,65,0.966,0,96.8,1,0
BUYER-01329,LOW_RISK,363,24,0.984,0,88.8,1,0
BUYER-01330,LOW_RISK,893,34,0.966,0,91.5,1,0
BUYER-01331,LOW_RISK,229,49,0.958,0,87.6,1,0
BUYER-01332,LOW_RISK,1085,28,0.972,0,96.8,1,0
BUYER-01333,LOW_RISK,658,35,0.984,0,84.5,1,0
BUYER-01334,REPEATED_HIGH_RISK,28,3,0.481,4,27.0,1,1
BUYER-01335,HIGH_RISK,90,15,0.758,2,36.9,1,0
BUYER-01336,LOW_RISK,883,24,0.965,0,89.5,1,0
BUYER-01337,LOW_RISK,859,36,0.987,0,85.4,1,0
BUYER-01338,LOW_RISK,1299,76,0.988,0,90.8,1,0
BUYER-01339,LOW_RISK,1455,28,0.985,0,92.7,1,0
BUYER-01340,LOW_RISK,951,77,0.952,0,84.7,1,1
BUYER-01341,LOW_RISK,761,35,0.989,0,91.9,1,0
BUYER-01342,LOW_RISK,288,69,0.983,0,82.1,1,0
BUYER-01343,MEDIUM_RISK,427,24,0.838,1,75.4,1,0
BUYER-01344,LOW_RISK,1531,56,0.993,0,82.3,1,1
BUYER-01345,LOW_RISK,1509,59,0.962,0,88.1,1,0
BUYER-01346,LOW_RISK,1633,22,0.995,0,89.8,1,0
BUYER-01347,LOW_RISK,1402,78,0.954,0,85.2,1,0
BUYER-01348,LOW_RISK,1117,12,0.952,0,96.8,1,0
BUYER-01349,REPEATED_HIGH_RISK,85,7,0.386,4,8.4,1,0
BUYER-01350,LOW_RISK,1581,55,0.968,0,86.8,1,0
BUYER-01351,MEDIUM_RISK,543,11,0.914,1,70.0,1,0
BUYER-01352,LOW_RISK,972,13,0.997,0,97.2,1,0
BUYER-01353,LOW_RISK,641,29,0.967,0,88.3,1,0
BUYER-01354,LOW_RISK,461,21,0.986,0,90.3,1,0
BUYER-01355,LOW_RISK,1568,39,0.971,0,91.2,1,0
BUYER-01356,MEDIUM_RISK,466,12,0.927,0,62.9,1,0
BUYER-01357,MEDIUM_RISK,585,7,0.829,0,58.3,1,1
BUYER-01358,LOW_RISK,1288,35,0.993,0,86.9,1,0
BUYER-01359,LOW_RISK,1624,77,0.995,0,88.9,1,0
BUYER-01360,LOW_RISK,1757,28,0.983,0,91.0,1,0
BUYER-01361,MEDIUM_RISK,191,13,0.809,0,67.8,1,0
BUYER-01362,LOW_RISK,1653,25,0.959,0,95.4,1,0
BUYER-01363,LOW_RISK,478,13,0.988,0,96.1,1,0
BUYER-01364,LOW_RISK,1027,62,0.965,0,93.9,1,0
BUYER-01365,LOW_RISK,1484,45,0.958,0,85.0,1,0
BUYER-01366,LOW_RISK,449,33,0.951,0,97.8,1,1
BUYER-01367,LOW_RISK,1443,44,0.98,0,91.8,1,0
BUYER-01368,MEDIUM_RISK,640,10,0.832,0,55.6,0,1
BUYER-01369,LOW_RISK,342,71,0.957,0,95.5,1,0
BUYER-01370,LOW_RISK,1140,57,0.959,0,88.2,1,0
BUYER-01371,HIGH_RISK,257,4,0.631,1,35.8,1,0
BUYER-01372,LOW_RISK,1016,11,0.996,0,97.2,1,0
BUYER-01373,MEDIUM_RISK,257,24,0.938,0,73.2,1,0
BUYER-01374,LOW_RISK,315,32,0.996,0,97.8,1,0
BUYER-01375,LOW_RISK,1443,72,0.984,0,95.9,1,0
BUYER-01376,MEDIUM_RISK,282,16,0.857,0,56.0,1,0
BUYER-01377,LOW_RISK,1685,58,0.986,0,88.3,1,1
BUYER-01378,LOW_RISK,1700,78,0.976,0,96.0,1,0
BUYER-01379,LOW_RISK,1791,14,0.976,0,89.2,1,0
BUYER-01380,LOW_RISK,266,41,0.976,0,88.3,1,0
BUYER-01381,LOW_RISK,1685,15,0.978,0,90.3,1,0
BUYER-01382,LOW_RISK,1471,16,0.959,0,89.0,1,0
BUYER-01383,HIGH_RISK,170,14,0.757,1,39.8,1,0
BUYER-01384,LOW_RISK,1045,47,0.981,0,82.9,1,0
BUYER-01385,LOW_RISK,1238,28,0.973,0,92.3,1,0
BUYER-01386,LOW_RISK,365,74,0.956,0,94.5,1,0
BUYER-01387,LOW_RISK,1605,79,0.957,0,88.6,1,0
BUYER-01388,LOW_RISK,1103,13,0.959,0,91.4,1,0
BUYER-01389,HIGH_RISK,118,9,0.617,2,37.5,1,0
BUYER-01390,LOW_RISK,1508,30,0.986,0,84.0,1,0
BUYER-01391,LOW_RISK,413,67,0.982,0,83.4,1,0
BUYER-01392,LOW_RISK,1628,59,0.986,0,97.6,1,0
BUYER-01393,LOW_RISK,1433,30,0.969,0,88.1,1,0
BUYER-01394,LOW_RISK,1753,31,0.996,0,91.0,1,0
BUYER-01395,LOW_RISK,1530,29,0.958,0,84.3,1,0
BUYER-01396,MEDIUM_RISK,82,16,0.843,0,72.5,1,0
BUYER-01397,LOW_RISK,1093,46,0.981,0,83.9,1,0
BUYER-01398,LOW_RISK,449,35,0.95,0,94.2,1,1
BUYER-01399,LOW_RISK,205,68,0.975,0,90.0,1,0
BUYER-01400,LOW_RISK,191,73,0.962,0,91.4,1,0
BUYER-01401,LOW_RISK,1154,68,0.971,0,83.3,1,0
BUYER-01402,LOW_RISK,1409,10,0.962,0,90.8,1,0
BUYER-01403,LOW_RISK,1449,36,0.952,0,84.4,1,0
BUYER-01404,LOW_RISK,1517,54,0.952,0,95.7,1,0
BUYER-01405,LOW_RISK,1546,48,0.967,0,83.4,1,0
BUYER-01406,LOW_RISK,403,63,1.0,0,84.6,1,0
BUYER-01407,MEDIUM_RISK,321,22,0.893,0,71.8,1,0
BUYER-01408,LOW_RISK,1352,32,0.998,0,94.0,1,0
BUYER-01409,LOW_RISK,917,14,0.955,0,86.8,1,0
BUYER-01410,MEDIUM_RISK,407,15,0.915,1,73.2,1,0
BUYER-01411,LOW_RISK,1307,18,0.965,0,84.2,1,0
BUYER-01412,LOW_RISK,1602,45,0.966,0,88.6,1,0
BUYER-01413,LOW_RISK,609,36,0.981,0,83.7,1,1
BUYER-01414,LOW_RISK,1674,77,0.999,0,89.7,1,0
BUYER-01415,LOW_RISK,1590,46,0.971,0,95.6,1,0
BUYER-01416,MEDIUM_RISK,295,19,0.881,1,70.0,1,1
BUYER-01417,LOW_RISK,445,73,0.976,0,92.1,1,0
BUYER-01418,LOW_RISK,1188,33,0.994,0,85.7,1,0
BUYER-01419,LOW_RISK,774,34,0.95,0,82.4,1,1
BUYER-01420,MEDIUM_RISK,670,6,0.903,0,60.0,1,0
BUYER-01421,LOW_RISK,1440,63,0.971,0,87.3,1,0
BUYER-01422,LOW_RISK,1327,37,0.951,0,85.2,1,0
BUYER-01423,LOW_RISK,756,42,0.99,0,86.9,1,0
BUYER-01424,LOW_RISK,1217,80,0.966,0,82.1,1,0
BUYER-01425,REPEATED_HIGH_RISK,92,7,0.35,3,24.6,1,1
BUYER-01426,HIGH_RISK,114,7,0.758,2,47.7,0,1
BUYER-01427,LOW_RISK,1161,70,0.99,0,92.3,1,0
BUYER-01428,HIGH_RISK,261,4,0.719,1,47.2,1,0
BUYER-01429,LOW_RISK,1279,52,0.973,0,95.0,1,0
BUYER-01430,MEDIUM_RISK,87,19,0.842,0,72.4,1,0
BUYER-01431,LOW_RISK,826,78,0.951,0,91.2,1,0
BUYER-01432,LOW_RISK,859,55,0.953,0,84.4,1,0
BUYER-01433,LOW_RISK,243,53,0.999,0,92.0,1,0
BUYER-01434,LOW_RISK,519,59,0.959,0,83.9,1,0
BUYER-01435,LOW_RISK,1782,49,0.985,0,87.0,1,0
BUYER-01436,LOW_RISK,244,44,0.971,0,90.0,1,0
BUYER-01437,LOW_RISK,666,57,0.973,0,97.2,1,1
BUYER-01438,LOW_RISK,622,77,0.965,0,83.8,1,0
BUYER-01439,LOW_RISK,1787,14,0.989,0,96.6,1,0
BUYER-01440,LOW_RISK,1088,74,0.951,0,89.7,1,0
BUYER-01441,HIGH_RISK,271,4,0.636,2,47.7,1,1
BUYER-01442,LOW_RISK,1680,77,0.966,0,87.2,1,0
BUYER-01443,LOW_RISK,1755,22,0.991,0,97.0,1,0
BUYER-01444,LOW_RISK,1565,26,0.96,0,82.6,1,0
BUYER-01445,MEDIUM_RISK,426,25,0.921,0,57.8,1,1
BUYER-01446,LOW_RISK,816,15,0.984,0,91.5,1,0
BUYER-01447,LOW_RISK,358,52,0.973,0,82.7,1,0
BUYER-01448,MEDIUM_RISK,563,24,0.904,0,55.5,1,1
BUYER-01449,HIGH_RISK,174,12,0.77,2,37.5,0,1
BUYER-01450,LOW_RISK,574,46,0.964,0,87.1,1,1
BUYER-01451,LOW_RISK,1083,25,0.964,0,84.5,1,0
BUYER-01452,LOW_RISK,414,11,0.998,0,91.0,1,0
BUYER-01453,MEDIUM_RISK,134,9,0.876,0,68.2,1,0
BUYER-01454,LOW_RISK,735,28,0.997,0,94.9,1,0
BUYER-01455,LOW_RISK,1355,41,0.959,0,87.0,1,0
BUYER-01456,MEDIUM_RISK,376,20,0.862,1,58.1,1,0
BUYER-01457,LOW_RISK,1144,16,0.955,0,82.9,1,0
BUYER-01458,LOW_RISK,1053,60,0.959,0,91.5,1,1
BUYER-01459,LOW_RISK,1393,67,0.981,0,87.0,1,1
BUYER-01460,LOW_RISK,585,78,0.954,0,96.8,1,0
BUYER-01461,LOW_RISK,1745,69,0.978,0,83.5,1,0
BUYER-01462,LOW_RISK,1610,69,0.955,0,87.0,1,0
BUYER-01463,LOW_RISK,1499,69,0.974,0,97.2,1,0
BUYER-01464,LOW_RISK,474,43,0.996,0,88.3,1,0
BUYER-01465,REPEATED_HIGH_RISK,177,7,0.5,5,17.1,0,1
BUYER-01466,LOW_RISK,241,18,0.974,0,87.6,1,0
BUYER-01467,HIGH_RISK,251,15,0.632,1,45.1,1,0
BUYER-01468,LOW_RISK,1417,26,0.975,0,88.5,1,0
BUYER-01469,MEDIUM_RISK,139,13,0.878,0,56.7,1,0
BUYER-01470,LOW_RISK,798,78,0.973,0,91.4,1,0
BUYER-01471,LOW_RISK,668,41,0.977,0,97.6,1,1
BUYER-01472,LOW_RISK,966,18,0.967,0,95.0,1,0
BUYER-01473,MEDIUM_RISK,635,16,0.91,0,65.4,1,0
BUYER-01474,LOW_RISK,1792,53,0.977,0,85.8,1,0
BUYER-01475,LOW_RISK,1537,19,0.987,0,93.4,1,0
BUYER-01476,LOW_RISK,1176,24,0.98,0,89.4,1,0
BUYER-01477,LOW_RISK,1316,22,0.991,0,84.8,1,0
BUYER-01478,LOW_RISK,1011,18,0.98,0,93.0,1,0
BUYER-01479,LOW_RISK,1401,58,0.966,0,92.3,1,0
BUYER-01480,LOW_RISK,305,21,0.961,0,84.2,1,0
BUYER-01481,LOW_RISK,1369,10,0.988,0,92.6,1,0
BUYER-01482,LOW_RISK,1107,78,0.965,0,91.8,1,0
BUYER-01483,LOW_RISK,1095,35,0.96,0,96.0,1,0
BUYER-01484,LOW_RISK,793,48,0.996,0,97.0,1,0
BUYER-01485,LOW_RISK,1650,54,1.0,0,91.3,1,0
BUYER-01486,LOW_RISK,1432,75,0.97,0,84.0,1,0
BUYER-01487,LOW_RISK,782,17,0.968,0,90.8,1,0
BUYER-01488,LOW_RISK,288,10,0.985,0,95.1,1,0
BUYER-01489,LOW_RISK,915,24,0.993,0,95.9,1,0
BUYER-01490,LOW_RISK,661,65,0.985,0,88.3,1,0
BUYER-01491,LOW_RISK,831,58,0.97,0,89.0,1,0
BUYER-01492,LOW_RISK,612,32,0.974,0,85.0,1,0
BUYER-01493,LOW_RISK,967,56,0.992,0,84.5,1,0
BUYER-01494,LOW_RISK,1552,26,0.957,0,83.1,1,1
BUYER-01495,LOW_RISK,212,28,0.986,0,89.8,1,0
BUYER-01496,LOW_RISK,1074,27,0.954,0,92.3,1,0
BUYER-01497,LOW_RISK,1031,68,0.995,0,93.1,1,0
BUYER-01498,LOW_RISK,1051,33,0.973,0,88.8,1,0
BUYER-01499,LOW_RISK,1101,59,0.968,0,85.0,1,0
BUYER-01500,MEDIUM_RISK,649,3,0.881,0,75.3,0,0
BUYER-01501,LOW_RISK,664,74,0.963,0,96.8,1,1
BUYER-01502,LOW_RISK,1360,56,0.952,0,82.6,1,0
BUYER-01503,LOW_RISK,1169,57,0.956,0,89.7,1,0
BUYER-01504,LOW_RISK,1594,20,0.957,0,93.7,1,0
BUYER-01505,LOW_RISK,1717,45,0.973,0,83.3,1,0
BUYER-01506,LOW_RISK,1429,21,0.962,0,92.1,1,0
BUYER-01507,LOW_RISK,1539,19,0.984,0,90.6,1,0
BUYER-01508,LOW_RISK,1367,49,0.981,0,96.5,1,0
BUYER-01509,LOW_RISK,1275,11,0.973,0,90.2,1,0
BUYER-01510,LOW_RISK,1140,52,0.971,0,97.4,1,0
BUYER-01511,LOW_RISK,783,47,0.958,0,93.1,1,0
BUYER-01512,LOW_RISK,1403,48,0.986,0,91.0,1,0
BUYER-01513,HIGH_RISK,46,12,0.69,1,34.9,0,1
BUYER-01514,LOW_RISK,285,47,0.99,0,92.0,1,0
BUYER-01515,LOW_RISK,767,72,0.954,0,90.1,1,0
BUYER-01516,LOW_RISK,1785,45,0.963,0,91.9,1,0
BUYER-01517,LOW_RISK,743,42,0.951,0,83.8,1,0
BUYER-01518,MEDIUM_RISK,208,21,0.903,0,70.8,1,0
BUYER-01519,LOW_RISK,937,32,0.963,0,93.2,1,0
BUYER-01520,MEDIUM_RISK,526,8,0.912,0,75.7,1,0
BUYER-01521,LOW_RISK,882,20,0.998,0,91.5,1,0
BUYER-01522,MEDIUM_RISK,187,18,0.905,0,64.9,1,0
BUYER-01523,LOW_RISK,964,40,0.983,0,93.6,1,0
BUYER-01524,LOW_RISK,522,36,0.979,0,95.5,1,0
BUYER-01525,LOW_RISK,291,43,0.988,0,83.9,1,0
BUYER-01526,LOW_RISK,523,69,0.97,0,86.8,1,0
BUYER-01527,LOW_RISK,1708,78,0.962,0,92.9,1,0
BUYER-01528,LOW_RISK,978,70,0.963,0,90.5,1,0
BUYER-01529,LOW_RISK,1070,11,0.964,0,94.8,1,0
BUYER-01530,LOW_RISK,962,50,0.998,0,92.9,1,0
BUYER-01531,LOW_RISK,264,22,0.996,0,92.2,1,0
BUYER-01532,LOW_RISK,1064,44,0.967,0,86.3,1,0
BUYER-01533,LOW_RISK,381,42,0.983,0,88.3,1,0
BUYER-01534,LOW_RISK,1763,40,0.987,0,91.4,1,1
BUYER-01535,LOW_RISK,579,76,0.967,0,93.0,1,0
BUYER-01536,LOW_RISK,548,50,0.977,0,92.8,1,1
BUYER-01537,LOW_RISK,319,11,0.971,0,90.4,1,0
BUYER-01538,LOW_RISK,1583,67,0.968,0,93.6,1,0
BUYER-01539,LOW_RISK,695,34,0.952,0,91.9,1,0
BUYER-01540,LOW_RISK,296,37,0.998,0,92.2,1,0
BUYER-01541,LOW_RISK,1630,25,0.954,0,91.7,1,1
BUYER-01542,LOW_RISK,949,33,0.995,0,93.1,1,0
BUYER-01543,LOW_RISK,698,47,0.973,0,97.0,1,0
BUYER-01544,LOW_RISK,1488,68,0.996,0,86.4,1,0
BUYER-01545,HIGH_RISK,233,13,0.772,1,45.1,1,0
BUYER-01546,LOW_RISK,842,42,0.958,0,83.2,1,1
BUYER-01547,LOW_RISK,1771,17,0.969,0,87.3,1,0
BUYER-01548,LOW_RISK,303,43,0.998,0,86.2,1,0
BUYER-01549,LOW_RISK,1082,18,0.975,0,96.9,1,0
BUYER-01550,LOW_RISK,1429,60,0.959,0,89.9,1,0
BUYER-01551,HIGH_RISK,88,10,0.746,1,35.7,1,0
BUYER-01552,LOW_RISK,1497,23,0.996,0,93.4,1,0
BUYER-01553,LOW_RISK,391,14,0.954,0,91.1,1,1
BUYER-01554,MEDIUM_RISK,286,17,0.803,0,66.9,1,0
BUYER-01555,LOW_RISK,1517,10,0.997,0,92.6,1,0
BUYER-01556,LOW_RISK,725,29,0.985,0,96.5,1,0
BUYER-01557,LOW_RISK,1356,10,0.976,0,97.0,1,0
BUYER-01558,LOW_RISK,1184,71,0.972,0,95.5,1,0
BUYER-01559,MEDIUM_RISK,101,20,0.832,1,64.2,1,0
BUYER-01560,MEDIUM_RISK,523,6,0.879,1,77.4,1,0
BUYER-01561,LOW_RISK,915,52,0.984,0,88.4,1,0
BUYER-01562,LOW_RISK,1474,21,0.968,0,95.7,1,1
BUYER-01563,LOW_RISK,876,20,0.992,0,94.2,1,0
BUYER-01564,LOW_RISK,773,35,0.959,0,82.6,1,0
BUYER-01565,MEDIUM_RISK,423,24,0.827,0,71.7,1,0
BUYER-01566,LOW_RISK,398,55,0.974,0,96.2,1,0
BUYER-01567,LOW_RISK,1076,34,0.957,0,85.1,1,0
BUYER-01568,LOW_RISK,1654,40,0.974,0,83.0,1,0
BUYER-01569,LOW_RISK,1287,49,0.975,0,97.4,1,0
BUYER-01570,LOW_RISK,1100,12,0.952,0,82.9,1,0
BUYER-01571,LOW_RISK,1793,15,0.97,0,85.4,1,0
BUYER-01572,LOW_RISK,1519,76,0.973,0,92.8,1,0
BUYER-01573,LOW_RISK,1278,29,0.987,0,85.7,1,0
BUYER-01574,MEDIUM_RISK,103,4,0.903,0,66.7,1,0
BUYER-01575,LOW_RISK,219,70,0.995,0,91.9,1,0
BUYER-01576,LOW_RISK,677,26,0.951,0,92.1,1,0
BUYER-01577,LOW_RISK,809,22,0.973,0,84.7,1,0
BUYER-01578,LOW_RISK,1390,18,0.991,0,83.7,1,0
BUYER-01579,LOW_RISK,1198,38,0.953,0,85.2,1,1
BUYER-01580,LOW_RISK,870,61,0.966,0,97.6,1,0
BUYER-01581,LOW_RISK,1359,79,0.957,0,95.4,1,0
BUYER-01582,LOW_RISK,616,15,0.98,0,87.4,1,0
BUYER-01583,LOW_RISK,427,45,0.957,0,88.6,1,0
BUYER-01584,LOW_RISK,1606,57,0.978,0,89.0,1,0
BUYER-01585,REPEATED_HIGH_RISK,155,2,0.251,6,23.6,0,1
BUYER-01586,LOW_RISK,212,72,0.954,0,82.1,1,0
BUYER-01587,LOW_RISK,362,46,0.971,0,94.9,1,0
BUYER-01588,LOW_RISK,1762,70,0.985,0,85.3,1,0
BUYER-01589,LOW_RISK,1490,44,0.976,0,88.6,1,0
BUYER-01590,LOW_RISK,537,14,0.98,0,93.5,1,0
BUYER-01591,LOW_RISK,1433,21,0.981,0,94.5,1,0
BUYER-01592,REPEATED_HIGH_RISK,96,8,0.202,4,11.8,1,1
BUYER-01593,LOW_RISK,1265,22,0.981,0,95.8,1,0
BUYER-01594,LOW_RISK,1285,74,0.961,0,94.3,1,0
BUYER-01595,LOW_RISK,1530,36,0.964,0,85.1,1,0
BUYER-01596,LOW_RISK,485,70,0.975,0,84.6,1,0
BUYER-01597,LOW_RISK,268,16,0.982,0,86.6,1,0
BUYER-01598,LOW_RISK,1070,42,0.967,0,94.9,1,0
BUYER-01599,LOW_RISK,1733,68,0.952,0,93.8,1,0
BUYER-01600,MEDIUM_RISK,580,8,0.822,0,55.7,1,0
BUYER-01601,LOW_RISK,1234,24,0.954,0,85.8,1,0
BUYER-01602,LOW_RISK,1090,51,0.971,0,94.0,1,0
BUYER-01603,LOW_RISK,847,39,0.989,0,87.2,1,0
BUYER-01604,LOW_RISK,380,40,0.987,0,95.9,1,0
BUYER-01605,LOW_RISK,949,38,0.954,0,91.4,1,0
BUYER-01606,LOW_RISK,291,65,0.957,0,96.8,1,0
BUYER-01607,LOW_RISK,1111,32,0.969,0,84.2,1,0
BUYER-01608,LOW_RISK,1654,34,0.982,0,97.6,1,0
BUYER-01609,LOW_RISK,594,52,0.956,0,93.1,1,0
BUYER-01610,LOW_RISK,302,45,0.957,0,95.6,1,0
BUYER-01611,MEDIUM_RISK,499,16,0.824,1,63.2,1,1
BUYER-01612,LOW_RISK,784,30,0.989,0,92.2,1,0
BUYER-01613,LOW_RISK,1432,31,0.979,0,90.8,1,0
BUYER-01614,LOW_RISK,650,21,0.971,0,90.3,1,0
BUYER-01615,LOW_RISK,623,70,0.992,0,86.5,1,0
BUYER-01616,LOW_RISK,1675,64,0.987,0,85.9,1,0
BUYER-01617,REPEATED_HIGH_RISK,90,8,0.42,4,26.3,0,0
BUYER-01618,LOW_RISK,190,63,0.999,0,82.6,1,0
BUYER-01619,LOW_RISK,1143,74,0.952,0,90.5,1,0
BUYER-01620,LOW_RISK,1161,22,0.973,0,85.8,1,0
BUYER-01621,LOW_RISK,1323,11,0.985,0,88.5,1,0
BUYER-01622,LOW_RISK,626,26,0.968,0,85.8,1,0
BUYER-01623,LOW_RISK,365,12,0.974,0,86.9,1,0
BUYER-01624,HIGH_RISK,250,15,0.708,2,41.9,1,1
BUYER-01625,LOW_RISK,1111,69,0.989,0,96.0,1,0
BUYER-01626,LOW_RISK,1010,33,0.989,0,87.9,1,1
BUYER-01627,LOW_RISK,1130,10,0.993,0,83.1,1,0
BUYER-01628,LOW_RISK,1594,52,0.977,0,86.7,1,0
BUYER-01629,LOW_RISK,1721,44,0.985,0,91.8,1,0
BUYER-01630,LOW_RISK,1358,36,0.989,0,83.3,1,0
BUYER-01631,LOW_RISK,867,17,0.976,0,96.6,1,0
BUYER-01632,LOW_RISK,925,16,0.956,0,87.8,1,0
BUYER-01633,LOW_RISK,1447,15,0.968,0,84.8,1,0
BUYER-01634,LOW_RISK,1324,18,0.978,0,94.4,1,0
BUYER-01635,MEDIUM_RISK,171,13,0.833,0,57.7,1,0
BUYER-01636,LOW_RISK,1159,36,0.988,0,94.2,1,0
BUYER-01637,LOW_RISK,836,55,0.995,0,90.1,1,1
BUYER-01638,LOW_RISK,1046,45,0.953,0,88.0,1,0
BUYER-01639,REPEATED_HIGH_RISK,122,9,0.391,3,17.4,0,1
BUYER-01640,MEDIUM_RISK,574,24,0.916,0,76.6,1,1
BUYER-01641,LOW_RISK,1105,57,0.99,0,97.1,1,0
BUYER-01642,MEDIUM_RISK,97,9,0.925,0,66.0,1,0
BUYER-01643,LOW_RISK,344,60,0.995,0,86.6,1,0
BUYER-01644,LOW_RISK,337,23,0.958,0,83.8,1,0
BUYER-01645,LOW_RISK,483,73,0.958,0,85.3,1,0
BUYER-01646,LOW_RISK,1464,12,0.965,0,97.5,1,0
BUYER-01647,LOW_RISK,1288,26,0.974,0,88.7,1,0
BUYER-01648,MEDIUM_RISK,690,3,0.841,1,56.5,1,0
BUYER-01649,LOW_RISK,655,76,0.982,0,88.6,1,0
BUYER-01650,LOW_RISK,882,51,0.974,0,92.7,1,0
BUYER-01651,LOW_RISK,1265,80,0.972,0,86.9,1,1
BUYER-01652,LOW_RISK,450,49,0.959,0,86.2,1,0
BUYER-01653,LOW_RISK,1171,57,0.999,0,94.3,1,0
BUYER-01654,LOW_RISK,276,28,0.968,0,89.3,1,1
BUYER-01655,LOW_RISK,520,30,0.986,0,86.6,1,0
BUYER-01656,MEDIUM_RISK,209,25,0.897,1,71.0,1,0
BUYER-01657,LOW_RISK,494,30,0.962,0,82.7,1,0
BUYER-01658,LOW_RISK,828,26,0.972,0,87.9,1,0
BUYER-01659,LOW_RISK,600,14,0.983,0,97.6,1,0
BUYER-01660,LOW_RISK,482,57,0.972,0,97.6,1,0
BUYER-01661,LOW_RISK,1272,48,0.956,0,82.4,1,0
BUYER-01662,LOW_RISK,1202,28,0.997,0,96.8,1,1
BUYER-01663,MEDIUM_RISK,189,3,0.936,0,68.1,1,0
BUYER-01664,LOW_RISK,1219,52,0.982,0,86.7,1,0
BUYER-01665,REPEATED_HIGH_RISK,81,4,0.504,6,14.8,0,0
BUYER-01666,MEDIUM_RISK,145,18,0.926,0,58.3,1,0
BUYER-01667,LOW_RISK,1308,24,0.965,0,88.4,1,0
BUYER-01668,MEDIUM_RISK,255,17,0.85,0,62.8,1,1
BUYER-01669,LOW_RISK,1425,34,0.979,0,85.6,1,1
BUYER-01670,LOW_RISK,1751,45,0.96,0,83.3,1,1
BUYER-01671,LOW_RISK,1092,21,0.999,0,88.3,1,0
BUYER-01672,MEDIUM_RISK,532,13,0.884,0,67.3,1,1
BUYER-01673,MEDIUM_RISK,87,24,0.851,1,58.6,1,0
BUYER-01674,LOW_RISK,1055,57,0.969,0,82.2,1,0
BUYER-01675,LOW_RISK,886,54,0.965,0,89.1,1,0
BUYER-01676,LOW_RISK,1328,21,0.961,0,96.2,1,0
BUYER-01677,LOW_RISK,1698,63,0.99,0,86.6,1,0
BUYER-01678,LOW_RISK,1670,64,0.986,0,88.6,1,0
BUYER-01679,LOW_RISK,1382,21,0.957,0,86.9,1,1
BUYER-01680,LOW_RISK,1255,52,0.953,0,97.4,1,0
BUYER-01681,LOW_RISK,1728,58,0.954,0,88.6,1,0
BUYER-01682,HIGH_RISK,154,8,0.633,1,39.9,0,1
BUYER-01683,LOW_RISK,1343,27,0.96,0,95.3,1,0
BUYER-01684,MEDIUM_RISK,326,20,0.869,0,74.7,0,0
BUYER-01685,LOW_RISK,798,48,0.975,0,93.8,1,0
BUYER-01686,MEDIUM_RISK,259,3,0.911,0,58.7,1,0
BUYER-01687,MEDIUM_RISK,337,23,0.917,1,66.3,1,0
BUYER-01688,LOW_RISK,1519,46,0.971,0,89.9,1,1
BUYER-01689,LOW_RISK,1588,41,0.951,0,94.2,1,0
BUYER-01690,LOW_RISK,1189,18,0.98,0,87.8,1,0
BUYER-01691,LOW_RISK,1164,65,0.993,0,92.0,1,0
BUYER-01692,LOW_RISK,1154,25,0.969,0,93.7,1,0
BUYER-01693,LOW_RISK,215,43,0.958,0,82.9,1,0
BUYER-01694,LOW_RISK,834,69,0.994,0,84.2,1,0
BUYER-01695,LOW_RISK,514,16,0.964,0,88.7,1,0
BUYER-01696,LOW_RISK,909,16,0.964,0,90.5,1,0
BUYER-01697,LOW_RISK,337,75,0.96,0,92.0,1,0
BUYER-01698,LOW_RISK,1746,22,0.98,0,84.7,1,0
BUYER-01699,HIGH_RISK,180,15,0.66,1,46.4,0,0
BUYER-01700,LOW_RISK,796,44,0.984,0,93.0,1,0
BUYER-01701,HIGH_RISK,64,10,0.71,2,46.0,1,1
BUYER-01702,LOW_RISK,206,27,0.976,0,88.0,1,0
BUYER-01703,LOW_RISK,1173,62,0.967,0,96.6,1,0
BUYER-01704,LOW_RISK,389,37,0.958,0,85.5,1,0
BUYER-01705,LOW_RISK,565,77,0.992,0,93.4,1,0
BUYER-01706,LOW_RISK,1618,24,0.971,0,96.7,1,0
BUYER-01707,LOW_RISK,418,26,0.996,0,89.7,1,0
BUYER-01708,LOW_RISK,818,56,0.957,0,89.1,1,0
BUYER-01709,LOW_RISK,1403,76,0.988,0,87.5,1,0
BUYER-01710,LOW_RISK,1633,48,0.951,0,95.0,1,0
BUYER-01711,LOW_RISK,635,26,0.993,0,84.3,1,0
BUYER-01712,LOW_RISK,644,49,0.956,0,84.1,1,0
BUYER-01713,LOW_RISK,340,64,0.985,0,94.5,1,0
BUYER-01714,LOW_RISK,339,12,0.989,0,94.1,1,0
BUYER-01715,LOW_RISK,267,35,0.955,0,94.7,1,0
BUYER-01716,REPEATED_HIGH_RISK,138,2,0.378,5,8.9,0,1
BUYER-01717,LOW_RISK,797,11,0.988,0,94.5,1,0
BUYER-01718,LOW_RISK,1412,36,0.979,0,85.2,1,0
BUYER-01719,REPEATED_HIGH_RISK,178,7,0.211,4,24.9,1,0
BUYER-01720,LOW_RISK,748,54,0.968,0,95.7,1,0
BUYER-01721,LOW_RISK,1779,40,0.975,0,83.1,1,0
BUYER-01722,LOW_RISK,1364,11,0.976,0,93.5,1,0
BUYER-01723,LOW_RISK,757,31,0.995,0,90.6,1,0
BUYER-01724,LOW_RISK,1665,22,0.996,0,96.7,1,0
BUYER-01725,LOW_RISK,1629,70,0.968,0,91.4,1,0
BUYER-01726,LOW_RISK,1080,23,0.959,0,87.7,1,0
BUYER-01727,LOW_RISK,957,64,0.961,0,85.6,1,0
BUYER-01728,REPEATED_HIGH_RISK,35,7,0.247,3,18.4,0,1
BUYER-01729,LOW_RISK,1195,56,0.985,0,90.9,1,0
BUYER-01730,LOW_RISK,263,20,0.966,0,83.9,1,0
BUYER-01731,LOW_RISK,760,68,0.98,0,87.0,1,0
BUYER-01732,LOW_RISK,1089,38,0.978,0,86.6,1,0
BUYER-01733,LOW_RISK,1056,34,0.993,0,96.3,1,0
BUYER-01734,LOW_RISK,1154,57,0.959,0,98.0,1,0
BUYER-01735,LOW_RISK,1186,23,0.97,0,90.4,1,0
BUYER-01736,MEDIUM_RISK,117,6,0.82,0,64.6,1,0
BUYER-01737,LOW_RISK,1389,23,0.987,0,96.3,1,1
BUYER-01738,LOW_RISK,525,18,0.968,0,85.2,1,0
BUYER-01739,LOW_RISK,590,61,0.956,0,95.4,1,0
BUYER-01740,LOW_RISK,1665,73,0.964,0,93.4,1,0
BUYER-01741,MEDIUM_RISK,625,21,0.838,0,73.9,1,0
BUYER-01742,LOW_RISK,1498,61,0.968,0,92.7,1,0
BUYER-01743,LOW_RISK,1008,72,0.976,0,84.4,1,0
BUYER-01744,LOW_RISK,1111,23,0.956,0,89.8,1,0
BUYER-01745,LOW_RISK,652,27,0.951,0,93.8,1,0
BUYER-01746,LOW_RISK,319,73,0.984,0,97.6,1,1
BUYER-01747,LOW_RISK,963,51,0.958,0,92.0,1,0
BUYER-01748,LOW_RISK,377,19,0.983,0,90.3,1,1
BUYER-01749,LOW_RISK,1188,69,0.96,0,92.6,1,0
BUYER-01750,LOW_RISK,1184,74,0.963,0,87.5,1,0
BUYER-01751,LOW_RISK,1287,79,0.951,0,94.2,1,0
BUYER-01752,LOW_RISK,1061,25,0.969,0,87.0,1,0
BUYER-01753,LOW_RISK,950,66,0.973,0,82.5,1,0
BUYER-01754,LOW_RISK,1320,48,0.994,0,84.6,1,1
BUYER-01755,HIGH_RISK,235,4,0.659,2,38.6,1,0
BUYER-01756,LOW_RISK,1744,24,0.978,0,89.8,1,0
BUYER-01757,HIGH_RISK,298,12,0.702,1,40.0,1,0
BUYER-01758,LOW_RISK,1331,30,0.975,0,88.3,1,0
BUYER-01759,LOW_RISK,1193,58,0.981,0,87.6,1,0
BUYER-01760,LOW_RISK,762,51,0.953,0,91.4,1,0
BUYER-01761,LOW_RISK,442,56,0.967,0,93.9,1,0
BUYER-01762,MEDIUM_RISK,57,23,0.848,0,57.3,0,0
BUYER-01763,LOW_RISK,886,55,0.971,0,82.9,1,0
BUYER-01764,LOW_RISK,680,41,0.962,0,87.0,1,0
BUYER-01765,LOW_RISK,353,18,0.993,0,83.8,1,1
BUYER-01766,LOW_RISK,527,12,0.977,0,82.6,1,0
BUYER-01767,LOW_RISK,1527,64,0.978,0,96.4,1,0
BUYER-01768,LOW_RISK,726,12,0.985,0,91.4,1,0
BUYER-01769,LOW_RISK,828,58,0.979,0,87.2,1,0
BUYER-01770,LOW_RISK,380,72,0.955,0,92.8,1,0
BUYER-01771,LOW_RISK,868,73,0.975,0,94.2,1,1
BUYER-01772,LOW_RISK,875,31,0.981,0,87.8,1,0
BUYER-01773,MEDIUM_RISK,476,9,0.87,1,75.3,1,1
BUYER-01774,HIGH_RISK,53,15,0.762,2,35.6,0,0
BUYER-01775,LOW_RISK,723,16,0.965,0,91.2,1,1
BUYER-01776,LOW_RISK,642,21,0.986,0,91.3,1,0
BUYER-01777,LOW_RISK,1392,53,0.964,0,91.1,1,0
BUYER-01778,LOW_RISK,1267,70,0.971,0,87.6,1,0
BUYER-01779,LOW_RISK,337,48,0.975,0,86.8,1,0
BUYER-01780,MEDIUM_RISK,582,13,0.828,0,64.7,0,0
BUYER-01781,LOW_RISK,1459,75,0.973,0,94.2,1,0
BUYER-01782,MEDIUM_RISK,214,3,0.888,0,67.4,1,1
BUYER-01783,LOW_RISK,562,73,0.961,0,97.4,1,0
BUYER-01784,LOW_RISK,1700,69,0.963,0,92.2,1,0
BUYER-01785,LOW_RISK,1438,65,0.997,0,93.6,1,0
BUYER-01786,MEDIUM_RISK,91,19,0.828,0,66.1,1,1
BUYER-01787,LOW_RISK,672,29,0.987,0,94.2,1,0
BUYER-01788,LOW_RISK,1071,62,0.966,0,95.3,1,0
BUYER-01789,LOW_RISK,311,36,0.992,0,86.3,1,0
BUYER-01790,LOW_RISK,767,30,0.963,0,91.6,1,0
BUYER-01791,LOW_RISK,1011,40,0.956,0,85.1,1,1
BUYER-01792,LOW_RISK,682,49,0.973,0,91.0,1,0
BUYER-01793,LOW_RISK,1073,64,0.982,0,82.6,1,0
BUYER-01794,LOW_RISK,506,44,0.957,0,86.1,1,0
BUYER-01795,LOW_RISK,748,80,0.959,0,95.6,1,0
BUYER-01796,LOW_RISK,1659,72,0.989,0,82.9,1,0
BUYER-01797,LOW_RISK,351,50,0.98,0,95.9,1,0
BUYER-01798,LOW_RISK,1013,56,0.984,0,96.2,1,0
BUYER-01799,LOW_RISK,992,27,0.962,0,91.1,1,0
BUYER-01800,LOW_RISK,1204,25,0.976,0,95.3,1,0
BUYER-01801,HIGH_RISK,283,6,0.694,1,33.5,1,1
BUYER-01802,LOW_RISK,1408,25,0.989,0,87.0,1,0
BUYER-01803,LOW_RISK,1376,59,0.99,0,93.9,1,0
BUYER-01804,LOW_RISK,1046,37,0.957,0,84.8,1,0
BUYER-01805,LOW_RISK,742,66,0.97,0,95.8,1,0
BUYER-01806,LOW_RISK,294,72,0.977,0,93.2,1,0
BUYER-01807,LOW_RISK,411,50,0.977,0,89.6,1,0
BUYER-01808,LOW_RISK,684,45,0.994,0,97.0,1,0
BUYER-01809,LOW_RISK,923,70,0.986,0,95.1,1,0
BUYER-01810,LOW_RISK,223,14,0.992,0,92.6,1,0
BUYER-01811,LOW_RISK,291,40,0.963,0,88.2,1,1
BUYER-01812,LOW_RISK,1488,56,0.995,0,93.0,1,0
BUYER-01813,LOW_RISK,1275,40,0.993,0,88.2,1,1
BUYER-01814,LOW_RISK,984,42,0.965,0,97.0,1,0
BUYER-01815,LOW_RISK,1729,40,0.965,0,95.8,1,0
BUYER-01816,HIGH_RISK,97,9,0.72,1,47.0,1,1
BUYER-01817,LOW_RISK,1750,62,0.989,0,86.4,1,0
BUYER-01818,LOW_RISK,344,72,0.974,0,88.6,1,0
BUYER-01819,LOW_RISK,861,64,0.994,0,95.1,1,0
BUYER-01820,LOW_RISK,508,43,0.975,0,87.6,1,0
BUYER-01821,LOW_RISK,1413,80,0.987,0,89.3,1,1
BUYER-01822,LOW_RISK,236,16,0.982,0,84.9,1,0
BUYER-01823,LOW_RISK,1088,27,0.95,0,85.2,1,0
BUYER-01824,LOW_RISK,805,50,0.979,0,83.8,1,0
BUYER-01825,LOW_RISK,691,76,0.986,0,94.3,1,0
BUYER-01826,LOW_RISK,1509,26,0.992,0,93.0,1,0
BUYER-01827,LOW_RISK,834,67,0.974,0,93.8,1,0
BUYER-01828,HIGH_RISK,148,4,0.731,1,46.1,1,0
BUYER-01829,LOW_RISK,757,35,0.954,0,87.9,1,0
BUYER-01830,LOW_RISK,985,58,0.997,0,96.1,1,0
BUYER-01831,HIGH_RISK,129,2,0.78,1,47.7,0,0
BUYER-01832,LOW_RISK,1505,39,0.995,0,97.6,1,0
BUYER-01833,LOW_RISK,586,43,0.985,0,84.7,1,0
BUYER-01834,LOW_RISK,1001,64,0.98,0,84.4,1,0
BUYER-01835,LOW_RISK,933,31,0.997,0,83.9,1,0
BUYER-01836,LOW_RISK,1651,77,0.972,0,96.7,1,1
BUYER-01837,LOW_RISK,1109,73,0.956,0,93.4,1,0
BUYER-01838,LOW_RISK,570,44,0.964,0,89.9,1,0
BUYER-01839,MEDIUM_RISK,163,16,0.92,0,69.4,0,0
BUYER-01840,LOW_RISK,759,34,0.971,0,88.5,1,0
BUYER-01841,LOW_RISK,478,13,0.965,0,86.2,1,0
BUYER-01842,LOW_RISK,1445,67,0.995,0,87.9,1,0
BUYER-01843,LOW_RISK,1581,68,0.954,0,89.5,1,0
BUYER-01844,LOW_RISK,842,60,0.984,0,93.4,1,0
BUYER-01845,HIGH_RISK,231,13,0.713,2,33.2,0,0
BUYER-01846,LOW_RISK,1320,17,0.953,0,96.9,1,0
BUYER-01847,LOW_RISK,1144,55,1.0,0,97.0,1,1
BUYER-01848,LOW_RISK,1405,15,0.95,0,90.1,1,0
BUYER-01849,MEDIUM_RISK,420,12,0.937,0,71.1,0,0
BUYER-01850,LOW_RISK,450,15,0.979,0,86.2,1,0
BUYER-01851,LOW_RISK,1211,73,0.997,0,96.0,1,0
BUYER-01852,LOW_RISK,450,21,0.966,0,90.5,1,1
BUYER-01853,MEDIUM_RISK,175,11,0.816,0,56.1,1,0
BUYER-01854,MEDIUM_RISK,160,18,0.922,0,75.0,0,1
BUYER-01855,MEDIUM_RISK,399,16,0.84,0,76.0,1,0
BUYER-01856,LOW_RISK,1435,43,0.976,0,89.0,1,0
BUYER-01857,LOW_RISK,517,50,0.987,0,89.9,1,0
BUYER-01858,LOW_RISK,489,66,0.953,0,84.4,1,0
BUYER-01859,MEDIUM_RISK,265,8,0.805,0,61.2,1,0
BUYER-01860,LOW_RISK,1625,69,0.972,0,97.9,1,0
BUYER-01861,LOW_RISK,1193,15,0.972,0,97.8,1,0
BUYER-01862,LOW_RISK,1328,72,0.973,0,83.8,1,0
BUYER-01863,LOW_RISK,1654,28,0.956,0,83.5,1,0
BUYER-01864,LOW_RISK,761,33,0.992,0,94.0,1,0
BUYER-01865,REPEATED_HIGH_RISK,76,5,0.422,3,18.5,1,0
BUYER-01866,MEDIUM_RISK,614,8,0.858,0,56.8,1,0
BUYER-01867,LOW_RISK,1753,73,0.984,0,96.2,1,0
BUYER-01868,LOW_RISK,233,46,0.984,0,92.9,1,0
BUYER-01869,LOW_RISK,987,57,0.98,0,97.2,1,0
BUYER-01870,LOW_RISK,842,29,0.951,0,89.4,1,0
BUYER-01871,LOW_RISK,1629,71,0.973,0,97.3,1,0
BUYER-01872,LOW_RISK,1396,10,0.966,0,82.7,1,0
BUYER-01873,LOW_RISK,1454,67,0.966,0,93.7,1,0
BUYER-01874,MEDIUM_RISK,612,7,0.83,0,56.2,1,1
BUYER-01875,LOW_RISK,1498,46,0.966,0,82.9,1,0
BUYER-01876,LOW_RISK,324,80,0.998,0,88.1,1,1
BUYER-01877,LOW_RISK,996,42,0.959,0,97.4,1,0
BUYER-01878,LOW_RISK,996,21,0.951,0,85.3,1,1
BUYER-01879,LOW_RISK,975,61,0.964,0,94.0,1,0
BUYER-01880,LOW_RISK,1519,29,0.956,0,89.9,1,0
BUYER-01881,LOW_RISK,1065,49,0.995,0,91.7,1,0
BUYER-01882,MEDIUM_RISK,397,24,0.813,0,63.8,1,0
BUYER-01883,LOW_RISK,589,72,0.972,0,88.2,1,0
BUYER-01884,LOW_RISK,729,64,0.955,0,88.8,1,1
BUYER-01885,LOW_RISK,934,33,0.972,0,88.8,1,0
BUYER-01886,LOW_RISK,262,75,0.967,0,89.4,1,0
BUYER-01887,LOW_RISK,639,29,0.997,0,90.4,1,1
BUYER-01888,LOW_RISK,1505,77,0.954,0,89.5,1,0
BUYER-01889,LOW_RISK,342,71,0.965,0,97.7,1,0
BUYER-01890,REPEATED_HIGH_RISK,83,5,0.399,5,19.4,1,0
BUYER-01891,LOW_RISK,1308,19,0.996,0,90.2,1,0
BUYER-01892,LOW_RISK,1225,64,0.971,0,89.4,1,0
BUYER-01893,LOW_RISK,1655,42,0.968,0,91.4,1,0
BUYER-01894,LOW_RISK,1754,74,0.951,0,93.8,1,0
BUYER-01895,LOW_RISK,1127,32,0.989,0,95.5,1,0
BUYER-01896,LOW_RISK,272,20,0.971,0,93.3,1,1
BUYER-01897,LOW_RISK,822,68,0.988,0,89.2,1,0
BUYER-01898,LOW_RISK,722,53,0.998,0,95.9,1,0
BUYER-01899,LOW_RISK,563,37,0.959,0,94.0,1,0
BUYER-01900,LOW_RISK,1417,43,0.994,0,83.7,1,0
BUYER-01901,LOW_RISK,1274,12,0.95,0,83.9,1,0
BUYER-01902,LOW_RISK,531,71,0.973,0,88.5,1,0
BUYER-01903,LOW_RISK,1527,72,0.965,0,95.0,1,0
BUYER-01904,LOW_RISK,1443,56,0.985,0,97.4,1,0
BUYER-01905,LOW_RISK,1562,60,0.99,0,83.4,1,0
BUYER-01906,LOW_RISK,456,11,0.96,0,95.1,1,0
BUYER-01907,HIGH_RISK,111,15,0.605,1,40.2,1,0
BUYER-01908,LOW_RISK,477,40,0.972,0,92.0,1,0
BUYER-01909,LOW_RISK,1797,78,0.96,0,86.8,1,0
BUYER-01910,LOW_RISK,1129,28,0.974,0,82.3,1,0
BUYER-01911,LOW_RISK,520,29,0.987,0,89.1,1,0
BUYER-01912,MEDIUM_RISK,526,18,0.803,0,65.8,1,0
BUYER-01913,REPEATED_HIGH_RISK,69,5,0.312,6,9.0,0,1
BUYER-01914,LOW_RISK,196,23,0.982,0,93.4,1,0
BUYER-01915,LOW_RISK,1031,73,0.987,0,91.5,1,0
BUYER-01916,LOW_RISK,1315,47,0.952,0,88.4,1,0
BUYER-01917,MEDIUM_RISK,555,21,0.901,0,77.4,1,0
BUYER-01918,LOW_RISK,1179,39,0.986,0,90.5,1,0
BUYER-01919,LOW_RISK,1044,50,0.978,0,86.3,1,0
BUYER-01920,LOW_RISK,1507,63,0.994,0,83.9,1,0
BUYER-01921,LOW_RISK,1455,54,0.972,0,89.0,1,0
BUYER-01922,LOW_RISK,510,46,0.986,0,89.5,1,0
BUYER-01923,LOW_RISK,1077,39,0.975,0,91.4,1,0
BUYER-01924,LOW_RISK,1582,53,0.996,0,95.7,1,1
BUYER-01925,LOW_RISK,1644,69,0.957,0,86.7,1,0
BUYER-01926,LOW_RISK,1636,59,0.998,0,95.3,1,0
BUYER-01927,LOW_RISK,1558,56,0.99,0,94.8,1,0
BUYER-01928,LOW_RISK,511,36,0.964,0,94.0,1,0
BUYER-01929,LOW_RISK,1546,71,0.956,0,85.2,1,1
BUYER-01930,LOW_RISK,1420,72,0.955,0,88.7,1,0
BUYER-01931,LOW_RISK,1191,48,0.962,0,90.9,1,0
BUYER-01932,LOW_RISK,217,55,0.994,0,87.7,1,0
BUYER-01933,LOW_RISK,504,32,0.991,0,96.3,1,0
BUYER-01934,LOW_RISK,245,18,0.967,0,83.8,1,1
BUYER-01935,LOW_RISK,644,25,0.978,0,89.8,1,0
BUYER-01936,LOW_RISK,876,55,0.988,0,94.3,1,0
BUYER-01937,LOW_RISK,1320,44,0.995,0,95.7,1,0
BUYER-01938,MEDIUM_RISK,557,22,0.894,0,72.0,1,0
BUYER-01939,LOW_RISK,1076,68,0.998,0,94.1,1,0
BUYER-01940,LOW_RISK,396,23,0.991,0,82.7,1,0
BUYER-01941,LOW_RISK,395,31,0.981,0,95.9,1,0
BUYER-01942,LOW_RISK,920,30,0.986,0,93.3,1,1
BUYER-01943,LOW_RISK,1740,74,0.975,0,95.9,1,0
BUYER-01944,LOW_RISK,495,56,0.967,0,84.2,1,0
BUYER-01945,LOW_RISK,593,66,0.998,0,94.3,1,0
BUYER-01946,LOW_RISK,193,41,0.992,0,89.6,1,0
BUYER-01947,LOW_RISK,767,74,0.959,0,86.3,1,1
BUYER-01948,LOW_RISK,1644,63,0.968,0,92.6,1,0
BUYER-01949,LOW_RISK,490,77,0.971,0,85.7,1,0
BUYER-01950,LOW_RISK,1058,62,0.996,0,96.4,1,0
BUYER-01951,LOW_RISK,1237,56,0.997,0,89.1,1,0
BUYER-01952,LOW_RISK,1757,11,0.986,0,90.3,1,1
BUYER-01953,LOW_RISK,322,20,0.967,0,88.4,1,1
BUYER-01954,LOW_RISK,1761,31,0.972,0,88.3,1,0
BUYER-01955,REPEATED_HIGH_RISK,16,4,0.543,3,27.6,0,0
BUYER-01956,MEDIUM_RISK,562,12,0.859,0,76.3,1,0
BUYER-01957,LOW_RISK,1615,80,0.994,0,93.5,1,0
BUYER-01958,LOW_RISK,822,54,0.95,0,86.5,1,0
BUYER-01959,LOW_RISK,1260,28,0.985,0,89.1,1,0
BUYER-01960,LOW_RISK,600,79,0.981,0,91.9,1,0
BUYER-01961,LOW_RISK,1085,54,0.994,0,94.5,1,0
BUYER-01962,LOW_RISK,1008,35,0.994,0,83.3,1,0
BUYER-01963,MEDIUM_RISK,580,13,0.855,0,72.3,1,0
BUYER-01964,LOW_RISK,438,76,1.0,0,86.5,1,0
BUYER-01965,LOW_RISK,370,75,0.978,0,90.3,1,0
BUYER-01966,LOW_RISK,1730,30,0.951,0,96.2,1,0
BUYER-01967,LOW_RISK,1285,43,0.962,0,94.4,1,0
BUYER-01968,LOW_RISK,1667,64,0.999,0,83.8,1,0
BUYER-01969,LOW_RISK,302,57,0.963,0,90.1,1,0
BUYER-01970,LOW_RISK,433,16,0.988,0,97.1,1,0
BUYER-01971,LOW_RISK,1099,48,0.979,0,82.1,1,0
BUYER-01972,MEDIUM_RISK,377,10,0.913,0,78.7,1,1
BUYER-01973,LOW_RISK,1338,78,0.992,0,85.7,1,0
BUYER-01974,LOW_RISK,792,46,0.983,0,95.0,1,0
BUYER-01975,LOW_RISK,1353,27,0.986,0,90.3,1,0
BUYER-01976,HIGH_RISK,141,3,0.662,1,41.9,1,0
BUYER-01977,LOW_RISK,1774,56,0.973,0,84.3,1,0
BUYER-01978,LOW_RISK,1051,62,0.954,0,83.0,1,0
BUYER-01979,MEDIUM_RISK,163,18,0.83,0,56.9,1,0
BUYER-01980,MEDIUM_RISK,568,15,0.882,0,67.5,1,0
BUYER-01981,LOW_RISK,988,43,0.979,0,92.2,1,0
BUYER-01982,LOW_RISK,1081,72,0.987,0,88.7,1,0
BUYER-01983,LOW_RISK,513,28,0.975,0,89.8,1,0
BUYER-01984,LOW_RISK,1117,26,0.998,0,90.2,1,0
BUYER-01985,LOW_RISK,1263,25,0.985,0,89.3,1,0
BUYER-01986,LOW_RISK,246,30,0.997,0,87.9,1,0
BUYER-01987,LOW_RISK,423,62,0.956,0,87.9,1,0
BUYER-01988,LOW_RISK,773,15,0.976,0,83.9,1,0
BUYER-01989,LOW_RISK,804,57,0.965,0,89.8,1,0
BUYER-01990,LOW_RISK,1800,28,0.957,0,91.4,1,0
BUYER-01991,LOW_RISK,279,49,0.994,0,85.4,1,0
BUYER-01992,LOW_RISK,1694,72,0.95,0,90.8,1,0
BUYER-01993,LOW_RISK,318,15,0.971,0,91.2,1,0
BUYER-01994,LOW_RISK,1338,67,0.995,0,94.5,1,0
BUYER-01995,LOW_RISK,1153,26,0.988,0,90.1,1,0
BUYER-01996,LOW_RISK,1123,67,0.983,0,84.4,1,0
BUYER-01997,HIGH_RISK,181,3,0.752,1,43.3,0,1
BUYER-01998,LOW_RISK,1018,59,0.962,0,88.3,1,0
BUYER-01999,LOW_RISK,1287,15,0.998,0,96.2,1,0
BUYER-02000,LOW_RISK,1687,45,0.982,0,95.9,1,1
BUYER-02001,LOW_RISK,1628,13,0.979,0,94.7,1,0
BUYER-02002,LOW_RISK,1628,49,0.978,0,84.0,1,0
BUYER-02003,MEDIUM_RISK,602,5,0.827,0,69.8,1,0
BUYER-02004,LOW_RISK,1361,16,0.998,0,90.3,1,0
BUYER-02005,LOW_RISK,1717,70,0.975,0,82.3,1,0
BUYER-02006,LOW_RISK,1528,78,0.959,0,82.3,1,0
BUYER-02007,LOW_RISK,1791,36,0.962,0,93.3,1,0
BUYER-02008,LOW_RISK,1366,66,0.954,0,90.5,1,0
BUYER-02009,LOW_RISK,836,61,0.979,0,89.9,1,0
BUYER-02010,LOW_RISK,227,53,0.972,0,88.6,1,0
BUYER-02011,LOW_RISK,1261,50,0.969,0,83.5,1,0
BUYER-02012,LOW_RISK,383,79,0.958,0,84.3,1,0
BUYER-02013,MEDIUM_RISK,291,5,0.822,0,77.9,1,0
BUYER-02014,LOW_RISK,1569,31,0.953,0,97.4,1,0
BUYER-02015,LOW_RISK,551,13,0.986,0,86.8,1,0
BUYER-02016,LOW_RISK,382,50,0.957,0,96.3,1,0
BUYER-02017,LOW_RISK,708,58,0.997,0,96.4,1,0
BUYER-02018,MEDIUM_RISK,83,9,0.834,0,69.3,1,0
BUYER-02019,LOW_RISK,664,73,0.975,0,90.1,1,0
BUYER-02020,LOW_RISK,415,44,0.953,0,89.4,1,0
BUYER-02021,HIGH_RISK,223,3,0.692,1,38.9,0,1
BUYER-02022,LOW_RISK,658,12,0.963,0,97.4,1,0
BUYER-02023,MEDIUM_RISK,133,10,0.907,1,70.6,1,1
BUYER-02024,LOW_RISK,437,48,0.978,0,89.1,1,0
BUYER-02025,LOW_RISK,1482,74,0.96,0,97.5,1,0
BUYER-02026,LOW_RISK,944,79,0.999,0,94.5,1,0
BUYER-02027,LOW_RISK,1280,64,0.998,0,90.9,1,0
BUYER-02028,REPEATED_HIGH_RISK,17,2,0.509,5,21.1,1,0
BUYER-02029,LOW_RISK,522,10,0.953,0,96.7,1,0
BUYER-02030,LOW_RISK,739,42,0.992,0,88.1,1,1
BUYER-02031,LOW_RISK,899,37,0.979,0,90.2,1,0
BUYER-02032,LOW_RISK,273,30,0.987,0,91.0,1,0
BUYER-02033,LOW_RISK,795,21,0.97,0,84.0,1,0
BUYER-02034,HIGH_RISK,86,13,0.706,2,36.8,1,0
BUYER-02035,LOW_RISK,1064,36,0.981,0,97.3,1,0
BUYER-02036,LOW_RISK,831,53,0.982,0,97.7,1,0
BUYER-02037,LOW_RISK,1629,67,0.964,0,92.6,1,0
BUYER-02038,LOW_RISK,838,53,0.961,0,97.3,1,0
BUYER-02039,LOW_RISK,852,12,0.996,0,84.1,1,0
BUYER-02040,LOW_RISK,184,70,0.95,0,82.2,1,0
BUYER-02041,MEDIUM_RISK,207,16,0.878,0,71.7,1,0
BUYER-02042,LOW_RISK,1181,60,0.977,0,94.6,1,1
BUYER-02043,LOW_RISK,1509,19,0.977,0,96.3,1,0
BUYER-02044,LOW_RISK,1555,66,0.984,0,87.6,1,0
BUYER-02045,MEDIUM_RISK,415,22,0.85,0,59.3,1,0
BUYER-02046,LOW_RISK,1752,11,0.956,0,87.9,1,0
BUYER-02047,LOW_RISK,575,66,0.95,0,93.9,1,0
BUYER-02048,LOW_RISK,1733,45,0.984,0,93.3,1,0
BUYER-02049,LOW_RISK,572,21,0.991,0,92.0,1,0
BUYER-02050,LOW_RISK,1650,38,0.962,0,89.9,1,0
BUYER-02051,LOW_RISK,923,14,0.964,0,96.5,1,0
BUYER-02052,LOW_RISK,1627,36,0.95,0,97.7,1,1
BUYER-02053,LOW_RISK,1487,60,0.956,0,86.4,1,1
BUYER-02054,HIGH_RISK,271,9,0.632,2,35.3,1,0
BUYER-02055,MEDIUM_RISK,609,24,0.896,0,68.6,1,0
BUYER-02056,LOW_RISK,313,26,0.987,0,84.0,1,0
BUYER-02057,LOW_RISK,1347,39,0.994,0,93.7,1,0
BUYER-02058,LOW_RISK,741,34,0.992,0,82.4,1,0
BUYER-02059,LOW_RISK,1599,78,0.981,0,92.9,1,0
BUYER-02060,LOW_RISK,1109,10,0.997,0,92.3,1,0
BUYER-02061,LOW_RISK,1511,16,0.993,0,87.2,1,0
BUYER-02062,LOW_RISK,1013,45,0.956,0,90.3,1,0
BUYER-02063,LOW_RISK,1194,56,0.976,0,82.7,1,0
BUYER-02064,LOW_RISK,1657,38,0.952,0,96.7,1,0
BUYER-02065,LOW_RISK,1270,67,0.966,0,88.3,1,0
BUYER-02066,LOW_RISK,865,20,0.994,0,94.9,1,0
BUYER-02067,LOW_RISK,1690,38,0.999,0,88.8,1,0
BUYER-02068,LOW_RISK,332,41,0.96,0,87.3,1,0
BUYER-02069,LOW_RISK,308,22,0.951,0,88.9,1,1
BUYER-02070,LOW_RISK,229,52,0.992,0,86.0,1,0
BUYER-02071,LOW_RISK,1149,40,0.998,0,95.3,1,0
BUYER-02072,LOW_RISK,863,76,0.99,0,97.1,1,0
BUYER-02073,LOW_RISK,1768,66,0.988,0,92.0,1,0
BUYER-02074,MEDIUM_RISK,622,6,0.812,0,56.5,1,0
BUYER-02075,MEDIUM_RISK,64,15,0.844,0,75.3,1,0
BUYER-02076,MEDIUM_RISK,96,7,0.809,0,74.3,1,0
BUYER-02077,LOW_RISK,292,48,0.981,0,88.9,1,0
BUYER-02078,LOW_RISK,388,17,0.978,0,86.7,1,1
BUYER-02079,REPEATED_HIGH_RISK,104,8,0.236,6,12.7,1,1
BUYER-02080,LOW_RISK,1407,11,0.973,0,89.4,1,1
BUYER-02081,LOW_RISK,1056,22,0.967,0,97.0,1,0
BUYER-02082,LOW_RISK,1783,13,0.973,0,87.3,1,0
BUYER-02083,LOW_RISK,574,23,0.955,0,91.5,1,0
BUYER-02084,MEDIUM_RISK,99,21,0.911,1,59.6,1,0
BUYER-02085,LOW_RISK,1353,26,0.982,0,86.1,1,0
BUYER-02086,LOW_RISK,1042,71,0.986,0,89.1,1,0
BUYER-02087,LOW_RISK,677,27,0.99,0,83.0,1,0
BUYER-02088,LOW_RISK,818,65,0.976,0,92.4,1,0
BUYER-02089,MEDIUM_RISK,396,12,0.882,0,68.0,1,1
BUYER-02090,LOW_RISK,478,28,0.973,0,91.7,1,1
BUYER-02091,LOW_RISK,776,57,0.999,0,90.3,1,0
BUYER-02092,HIGH_RISK,351,12,0.627,1,36.0,1,1
BUYER-02093,LOW_RISK,1325,16,0.971,0,85.1,1,0
BUYER-02094,LOW_RISK,590,35,0.989,0,87.5,1,0
BUYER-02095,LOW_RISK,1547,70,0.985,0,97.7,1,0
BUYER-02096,LOW_RISK,1408,52,0.993,0,91.1,1,1
BUYER-02097,LOW_RISK,867,48,0.971,0,84.6,1,0
BUYER-02098,LOW_RISK,1110,15,0.975,0,96.7,1,0
BUYER-02099,LOW_RISK,1488,38,0.985,0,89.5,1,0
BUYER-02100,LOW_RISK,616,40,0.974,0,94.3,1,0
BUYER-02101,MEDIUM_RISK,369,15,0.829,0,59.4,1,0
BUYER-02102,LOW_RISK,193,56,0.95,0,87.7,1,0
BUYER-02103,LOW_RISK,1316,24,0.957,0,89.0,1,0
BUYER-02104,LOW_RISK,1472,56,0.952,0,82.5,1,0
BUYER-02105,LOW_RISK,585,46,0.959,0,96.2,1,1
BUYER-02106,LOW_RISK,1652,32,0.967,0,90.9,1,0
BUYER-02107,MEDIUM_RISK,212,9,0.803,1,75.2,1,0
BUYER-02108,MEDIUM_RISK,133,3,0.916,0,58.3,1,1
BUYER-02109,LOW_RISK,1521,24,0.967,0,85.4,1,0
BUYER-02110,REPEATED_HIGH_RISK,123,5,0.34,5,21.2,0,0
BUYER-02111,LOW_RISK,1259,65,0.994,0,83.0,1,0
BUYER-02112,LOW_RISK,475,26,0.99,0,85.1,1,0
BUYER-02113,LOW_RISK,954,57,0.966,0,88.9,1,0
BUYER-02114,MEDIUM_RISK,681,10,0.929,0,73.3,1,0
BUYER-02115,LOW_RISK,1382,34,0.993,0,86.7,1,0
BUYER-02116,LOW_RISK,484,51,0.962,0,92.1,1,0
BUYER-02117,LOW_RISK,753,26,0.993,0,97.5,1,0
BUYER-02118,LOW_RISK,1181,36,0.986,0,94.6,1,0
BUYER-02119,LOW_RISK,1799,18,0.958,0,88.2,1,0
BUYER-02120,MEDIUM_RISK,690,19,0.852,0,67.5,1,0
BUYER-02121,LOW_RISK,546,51,0.986,0,90.4,1,0
BUYER-02122,LOW_RISK,1169,73,0.974,0,91.3,1,0
BUYER-02123,HIGH_RISK,341,14,0.711,2,32.6,1,1
BUYER-02124,LOW_RISK,629,35,0.973,0,85.8,1,0
BUYER-02125,REPEATED_HIGH_RISK,62,6,0.362,6,19.4,0,1
BUYER-02126,LOW_RISK,946,42,0.978,0,84.1,1,0
BUYER-02127,LOW_RISK,352,47,0.972,0,87.6,1,0
BUYER-02128,LOW_RISK,1375,15,0.973,0,91.9,1,0
BUYER-02129,MEDIUM_RISK,466,17,0.865,0,64.8,1,0
BUYER-02130,LOW_RISK,1198,50,0.964,0,82.4,1,0
BUYER-02131,LOW_RISK,1084,39,0.963,0,83.2,1,0
BUYER-02132,LOW_RISK,348,47,0.992,0,90.2,1,0
BUYER-02133,LOW_RISK,1498,20,0.989,0,96.8,1,0
BUYER-02134,LOW_RISK,381,25,0.954,0,82.6,1,0
BUYER-02135,LOW_RISK,590,52,0.96,0,87.3,1,0
BUYER-02136,MEDIUM_RISK,339,24,0.918,1,59.6,1,1
BUYER-02137,LOW_RISK,1417,27,1.0,0,94.0,1,0
BUYER-02138,LOW_RISK,1695,79,0.996,0,82.1,1,0
BUYER-02139,LOW_RISK,793,46,0.991,0,94.5,1,0
BUYER-02140,MEDIUM_RISK,443,15,0.915,0,73.2,1,0
BUYER-02141,LOW_RISK,204,70,0.983,0,97.8,1,0
BUYER-02142,LOW_RISK,485,60,0.961,0,93.6,1,0
BUYER-02143,LOW_RISK,609,70,0.962,0,91.4,1,0
BUYER-02144,LOW_RISK,1311,69,0.986,0,89.4,1,0
BUYER-02145,LOW_RISK,355,50,0.992,0,88.9,1,0
BUYER-02146,MEDIUM_RISK,457,9,0.861,1,75.5,1,0
BUYER-02147,LOW_RISK,241,57,0.957,0,96.0,1,0
BUYER-02148,LOW_RISK,805,11,0.975,0,92.5,1,0
BUYER-02149,LOW_RISK,906,53,0.961,0,88.8,1,0
BUYER-02150,MEDIUM_RISK,443,25,0.875,0,62.8,1,0
BUYER-02151,LOW_RISK,227,14,0.996,0,84.5,1,0
BUYER-02152,LOW_RISK,856,60,0.999,0,85.3,1,0
BUYER-02153,LOW_RISK,980,18,0.977,0,85.0,1,0
BUYER-02154,MEDIUM_RISK,141,13,0.88,0,65.8,1,0
BUYER-02155,LOW_RISK,803,21,0.959,0,92.8,1,0
BUYER-02156,LOW_RISK,543,14,0.991,0,91.7,1,0
BUYER-02157,LOW_RISK,234,33,0.96,0,96.6,1,0
BUYER-02158,LOW_RISK,970,46,0.96,0,86.7,1,1
BUYER-02159,LOW_RISK,1253,18,0.973,0,87.9,1,0
BUYER-02160,LOW_RISK,202,31,0.966,0,96.6,1,0
BUYER-02161,LOW_RISK,980,30,0.999,0,84.1,1,0
BUYER-02162,LOW_RISK,1036,71,0.987,0,88.2,1,0
BUYER-02163,LOW_RISK,602,26,0.994,0,87.0,1,0
BUYER-02164,MEDIUM_RISK,516,8,0.885,0,77.5,1,1
BUYER-02165,LOW_RISK,1383,35,0.975,0,93.0,1,0
BUYER-02166,HIGH_RISK,156,5,0.601,1,34.4,0,1
BUYER-02167,LOW_RISK,311,61,0.98,0,85.9,1,0
BUYER-02168,LOW_RISK,853,72,0.973,0,91.2,1,0
BUYER-02169,LOW_RISK,1689,21,0.964,0,96.1,1,0
BUYER-02170,LOW_RISK,1114,54,0.985,0,93.4,1,0
BUYER-02171,LOW_RISK,789,60,0.981,0,95.0,1,0
BUYER-02172,LOW_RISK,538,63,0.962,0,96.4,1,0
BUYER-02173,LOW_RISK,1681,65,0.973,0,96.6,1,0
BUYER-02174,MEDIUM_RISK,217,25,0.88,0,64.4,1,0
BUYER-02175,LOW_RISK,269,40,0.994,0,84.5,1,0
BUYER-02176,MEDIUM_RISK,673,20,0.841,0,77.0,1,0
BUYER-02177,LOW_RISK,1609,37,0.995,0,88.6,1,0
BUYER-02178,LOW_RISK,1740,80,0.956,0,87.9,1,0
BUYER-02179,LOW_RISK,1727,23,0.975,0,94.5,1,0
BUYER-02180,LOW_RISK,1019,67,0.958,0,85.3,1,0
BUYER-02181,LOW_RISK,271,69,0.951,0,92.2,1,0
BUYER-02182,LOW_RISK,1563,69,0.969,0,93.9,1,0
BUYER-02183,LOW_RISK,578,60,0.952,0,86.0,1,0
BUYER-02184,LOW_RISK,1632,27,0.966,0,94.0,1,0
BUYER-02185,LOW_RISK,1172,69,0.953,0,90.8,1,0
BUYER-02186,MEDIUM_RISK,278,25,0.933,0,58.4,1,0
BUYER-02187,MEDIUM_RISK,315,8,0.824,1,55.4,1,0
BUYER-02188,LOW_RISK,385,32,0.965,0,90.6,1,0
BUYER-02189,LOW_RISK,980,31,0.954,0,94.2,1,0
BUYER-02190,LOW_RISK,1567,44,0.958,0,87.7,1,0
BUYER-02191,LOW_RISK,623,14,0.995,0,90.5,1,1
BUYER-02192,MEDIUM_RISK,482,25,0.807,0,70.2,1,0
BUYER-02193,LOW_RISK,1250,23,0.97,0,86.9,1,1
BUYER-02194,LOW_RISK,287,10,0.952,0,88.0,1,0
BUYER-02195,LOW_RISK,593,41,0.969,0,85.8,1,0
BUYER-02196,LOW_RISK,367,12,0.971,0,97.8,1,0
BUYER-02197,LOW_RISK,870,34,0.984,0,83.0,1,0
BUYER-02198,MEDIUM_RISK,128,24,0.824,0,59.0,1,0
BUYER-02199,LOW_RISK,1031,75,0.955,0,87.2,1,0
BUYER-02200,LOW_RISK,1331,34,0.981,0,96.9,1,1
BUYER-02201,HIGH_RISK,217,8,0.623,2,35.6,0,0
BUYER-02202,LOW_RISK,910,51,0.959,0,88.4,1,0
BUYER-02203,LOW_RISK,827,11,0.969,0,89.3,1,0
BUYER-02204,LOW_RISK,315,45,0.982,0,87.9,1,0
BUYER-02205,LOW_RISK,317,37,0.971,0,94.3,1,0
BUYER-02206,MEDIUM_RISK,541,6,0.9,0,74.0,1,1
BUYER-02207,LOW_RISK,1345,31,0.963,0,83.5,1,0
BUYER-02208,MEDIUM_RISK,362,23,0.897,0,71.3,1,0
BUYER-02209,LOW_RISK,1759,27,0.967,0,92.2,1,0
BUYER-02210,MEDIUM_RISK,355,24,0.867,0,63.0,1,0
BUYER-02211,LOW_RISK,1426,67,0.969,0,92.2,1,0
BUYER-02212,LOW_RISK,656,74,0.979,0,97.8,1,0
BUYER-02213,LOW_RISK,656,12,0.981,0,96.3,1,0
BUYER-02214,HIGH_RISK,173,5,0.74,2,44.9,1,0
BUYER-02215,LOW_RISK,1449,20,0.953,0,88.0,1,0
BUYER-02216,LOW_RISK,787,35,0.958,0,85.3,1,0
BUYER-02217,MEDIUM_RISK,68,10,0.929,1,69.4,1,0
BUYER-02218,LOW_RISK,1088,52,0.957,0,87.1,1,0
BUYER-02219,MEDIUM_RISK,70,19,0.911,0,65.0,1,0
BUYER-02220,LOW_RISK,770,13,0.961,0,93.7,1,0
BUYER-02221,LOW_RISK,881,41,0.96,0,82.9,1,1
BUYER-02222,LOW_RISK,1541,41,0.99,0,93.1,1,0
BUYER-02223,LOW_RISK,635,58,0.976,0,84.9,1,0
BUYER-02224,LOW_RISK,1469,10,0.953,0,89.9,1,0
BUYER-02225,LOW_RISK,574,16,0.982,0,84.3,1,0
BUYER-02226,LOW_RISK,598,26,0.955,0,91.5,1,0
BUYER-02227,LOW_RISK,598,40,0.975,0,88.8,1,0
BUYER-02228,LOW_RISK,1136,49,0.958,0,85.2,1,0
BUYER-02229,LOW_RISK,1048,32,0.98,0,86.8,1,0
BUYER-02230,LOW_RISK,1360,67,0.998,0,85.2,1,0
BUYER-02231,LOW_RISK,1780,71,0.954,0,97.6,1,0
BUYER-02232,LOW_RISK,995,58,0.958,0,89.1,1,0
BUYER-02233,MEDIUM_RISK,547,22,0.903,1,73.2,1,0
BUYER-02234,MEDIUM_RISK,523,3,0.907,0,65.3,1,0
BUYER-02235,LOW_RISK,350,48,0.98,0,84.4,1,0
BUYER-02236,LOW_RISK,1668,32,0.963,0,89.4,1,0
BUYER-02237,MEDIUM_RISK,494,12,0.853,1,69.5,1,0
BUYER-02238,LOW_RISK,327,52,0.957,0,89.5,1,0
BUYER-02239,LOW_RISK,496,34,0.95,0,95.8,1,0
BUYER-02240,LOW_RISK,1675,57,0.975,0,96.8,1,0
BUYER-02241,LOW_RISK,988,57,0.969,0,86.9,1,0
BUYER-02242,LOW_RISK,1384,19,0.97,0,82.6,1,0
BUYER-02243,LOW_RISK,434,59,0.997,0,84.6,1,0
BUYER-02244,REPEATED_HIGH_RISK,118,6,0.493,5,18.2,1,1
BUYER-02245,MEDIUM_RISK,530,23,0.896,0,71.7,1,0
BUYER-02246,LOW_RISK,1513,59,0.996,0,93.8,1,0
BUYER-02247,LOW_RISK,676,71,0.952,0,95.0,1,0
BUYER-02248,MEDIUM_RISK,676,25,0.895,0,71.7,1,0
BUYER-02249,LOW_RISK,1501,28,0.963,0,89.3,1,0
BUYER-02250,LOW_RISK,1574,28,0.963,0,91.6,1,0
BUYER-02251,LOW_RISK,1537,30,0.951,0,94.3,1,0
BUYER-02252,MEDIUM_RISK,689,25,0.928,1,64.5,1,1
BUYER-02253,LOW_RISK,1380,20,0.976,0,85.0,1,0
BUYER-02254,MEDIUM_RISK,463,8,0.916,0,61.1,1,0
BUYER-02255,MEDIUM_RISK,339,19,0.935,0,70.8,1,1
BUYER-02256,LOW_RISK,963,49,0.987,0,94.0,1,0
BUYER-02257,LOW_RISK,1670,21,0.955,0,91.2,1,0
BUYER-02258,LOW_RISK,885,28,0.963,0,85.4,1,0
BUYER-02259,LOW_RISK,1712,60,0.985,0,82.1,1,0
BUYER-02260,LOW_RISK,524,72,0.95,0,83.1,1,0
BUYER-02261,LOW_RISK,1606,63,0.976,0,92.5,1,0
BUYER-02262,LOW_RISK,1681,65,0.959,0,88.0,1,0
BUYER-02263,MEDIUM_RISK,167,9,0.868,0,67.1,1,1
BUYER-02264,LOW_RISK,405,67,0.978,0,85.4,1,0
BUYER-02265,LOW_RISK,591,17,0.987,0,94.9,1,0
BUYER-02266,LOW_RISK,572,43,0.999,0,95.9,1,0
BUYER-02267,LOW_RISK,1082,23,0.993,0,84.7,1,0
BUYER-02268,LOW_RISK,780,20,0.969,0,86.4,1,0
BUYER-02269,LOW_RISK,880,13,0.979,0,89.6,1,0
BUYER-02270,LOW_RISK,1557,22,0.95,0,86.3,1,0
BUYER-02271,LOW_RISK,194,15,0.955,0,90.4,1,0
BUYER-02272,LOW_RISK,194,58,0.98,0,97.8,1,0
BUYER-02273,LOW_RISK,1739,44,0.997,0,89.6,1,0
BUYER-02274,LOW_RISK,870,64,0.967,0,92.9,1,0
BUYER-02275,HIGH_RISK,190,7,0.755,2,48.0,0,0
BUYER-02276,LOW_RISK,1542,61,0.969,0,82.9,1,0
BUYER-02277,LOW_RISK,909,52,0.99,0,82.0,1,0
BUYER-02278,LOW_RISK,1610,61,0.986,0,96.2,1,0
BUYER-02279,LOW_RISK,464,13,0.98,0,95.9,1,0
BUYER-02280,LOW_RISK,752,41,0.968,0,91.9,1,0
BUYER-02281,LOW_RISK,1529,70,0.976,0,92.6,1,0
BUYER-02282,LOW_RISK,186,51,0.951,0,87.8,1,0
BUYER-02283,LOW_RISK,273,51,0.984,0,85.7,1,0
BUYER-02284,LOW_RISK,1172,61,0.987,0,94.7,1,0
BUYER-02285,LOW_RISK,893,64,0.997,0,97.1,1,0
BUYER-02286,LOW_RISK,1155,22,0.987,0,86.7,1,0
BUYER-02287,HIGH_RISK,114,13,0.627,2,40.8,1,0
BUYER-02288,LOW_RISK,1351,74,0.952,0,90.0,1,0
BUYER-02289,LOW_RISK,358,48,0.992,0,97.9,1,0
BUYER-02290,LOW_RISK,1136,31,0.995,0,97.3,1,0
BUYER-02291,LOW_RISK,1167,79,0.962,0,85.4,1,0
BUYER-02292,LOW_RISK,1722,21,0.955,0,97.9,1,0
BUYER-02293,LOW_RISK,239,30,0.996,0,87.2,1,0
BUYER-02294,LOW_RISK,965,45,0.961,0,86.1,1,0
BUYER-02295,LOW_RISK,1155,25,0.983,0,96.8,1,0
BUYER-02296,LOW_RISK,1477,72,0.955,0,93.1,1,0
BUYER-02297,LOW_RISK,638,18,0.982,0,88.0,1,1
BUYER-02298,LOW_RISK,1649,58,0.983,0,94.6,1,1
BUYER-02299,LOW_RISK,1074,39,0.961,0,83.9,1,0
BUYER-02300,LOW_RISK,359,24,0.954,0,93.8,1,0
BUYER-02301,LOW_RISK,565,24,0.979,0,84.0,1,0
BUYER-02302,LOW_RISK,821,58,0.979,0,82.0,1,1
BUYER-02303,LOW_RISK,306,78,0.959,0,88.2,1,0
BUYER-02304,LOW_RISK,1047,50,0.989,0,94.8,1,0
BUYER-02305,MEDIUM_RISK,159,19,0.893,0,69.2,1,0
BUYER-02306,LOW_RISK,398,60,0.95,0,95.6,1,0
BUYER-02307,LOW_RISK,827,28,0.991,0,86.7,1,0
BUYER-02308,LOW_RISK,628,73,0.984,0,84.4,1,0
BUYER-02309,LOW_RISK,760,28,0.987,0,95.6,1,0
BUYER-02310,LOW_RISK,1619,14,0.98,0,86.9,1,0
BUYER-02311,LOW_RISK,1590,25,0.964,0,95.6,1,0
BUYER-02312,MEDIUM_RISK,617,18,0.888,1,60.2,1,0
BUYER-02313,LOW_RISK,776,58,0.953,0,95.0,1,0
BUYER-02314,LOW_RISK,492,36,0.992,0,97.0,1,0
BUYER-02315,REPEATED_HIGH_RISK,64,2,0.551,4,25.1,0,1
BUYER-02316,LOW_RISK,1669,60,0.965,0,95.0,1,0
BUYER-02317,LOW_RISK,506,12,0.977,0,87.4,1,0
BUYER-02318,LOW_RISK,1568,70,1.0,0,94.1,1,0
BUYER-02319,LOW_RISK,980,19,0.976,0,86.5,1,0
BUYER-02320,LOW_RISK,1606,34,0.985,0,90.8,1,0
BUYER-02321,MEDIUM_RISK,129,7,0.845,0,74.0,1,0
BUYER-02322,LOW_RISK,290,48,0.973,0,84.6,1,0
BUYER-02323,LOW_RISK,461,66,0.985,0,86.7,1,0
BUYER-02324,LOW_RISK,476,36,0.961,0,94.0,1,0
BUYER-02325,MEDIUM_RISK,696,3,0.851,1,75.5,1,0
BUYER-02326,HIGH_RISK,67,12,0.749,1,46.6,1,0
BUYER-02327,MEDIUM_RISK,415,16,0.895,1,59.0,1,1
BUYER-02328,LOW_RISK,295,22,0.968,0,89.6,1,0
BUYER-02329,LOW_RISK,287,25,0.999,0,92.4,1,0
BUYER-02330,LOW_RISK,1395,65,0.998,0,92.0,1,0
BUYER-02331,LOW_RISK,1007,41,0.952,0,85.9,1,0
BUYER-02332,LOW_RISK,1180,48,0.984,0,97.3,1,0
BUYER-02333,LOW_RISK,1516,58,0.989,0,97.9,1,0
BUYER-02334,LOW_RISK,1553,21,0.989,0,95.8,1,0
BUYER-02335,LOW_RISK,1511,58,0.964,0,92.5,1,0
BUYER-02336,LOW_RISK,932,11,0.956,0,83.3,1,0
BUYER-02337,LOW_RISK,1181,75,0.961,0,91.4,1,0
BUYER-02338,LOW_RISK,1352,71,0.964,0,93.9,1,0
BUYER-02339,LOW_RISK,1394,33,0.969,0,98.0,1,0
BUYER-02340,LOW_RISK,1619,65,0.965,0,84.0,1,0
BUYER-02341,LOW_RISK,846,18,0.986,0,95.8,1,0
BUYER-02342,LOW_RISK,1280,33,0.97,0,93.2,1,0
BUYER-02343,LOW_RISK,986,78,0.989,0,90.5,1,0
BUYER-02344,LOW_RISK,310,76,0.992,0,90.6,1,0
BUYER-02345,HIGH_RISK,348,3,0.743,1,35.5,0,1
BUYER-02346,LOW_RISK,1528,25,0.959,0,91.6,1,0
BUYER-02347,LOW_RISK,548,10,0.978,0,94.8,1,0
BUYER-02348,LOW_RISK,431,15,0.956,0,85.3,1,0
BUYER-02349,LOW_RISK,510,21,0.978,0,95.6,1,0
BUYER-02350,LOW_RISK,251,20,0.999,0,90.1,1,0
BUYER-02351,LOW_RISK,924,79,0.959,0,97.6,1,0
BUYER-02352,MEDIUM_RISK,30,10,0.842,1,77.7,1,1
BUYER-02353,LOW_RISK,1243,47,0.983,0,89.1,1,0
BUYER-02354,MEDIUM_RISK,620,18,0.897,0,67.5,1,1
BUYER-02355,LOW_RISK,901,78,0.976,0,93.0,1,0
BUYER-02356,LOW_RISK,1537,15,0.962,0,85.0,1,0
BUYER-02357,MEDIUM_RISK,336,9,0.934,1,69.5,1,0
BUYER-02358,LOW_RISK,622,55,0.964,0,93.7,1,0
BUYER-02359,LOW_RISK,1044,19,0.977,0,86.2,1,1
BUYER-02360,LOW_RISK,1510,30,0.97,0,83.3,1,0
BUYER-02361,LOW_RISK,700,64,0.997,0,84.3,1,0
BUYER-02362,LOW_RISK,597,19,0.981,0,86.3,1,0
BUYER-02363,LOW_RISK,1476,34,0.986,0,91.0,1,0
BUYER-02364,LOW_RISK,1506,75,0.98,0,88.7,1,0
BUYER-02365,LOW_RISK,494,50,1.0,0,88.9,1,0
BUYER-02366,LOW_RISK,233,41,0.954,0,84.0,1,0
BUYER-02367,LOW_RISK,405,80,0.97,0,87.3,1,0
BUYER-02368,LOW_RISK,362,56,0.995,0,94.4,1,0
BUYER-02369,LOW_RISK,479,38,0.964,0,83.6,1,0
BUYER-02370,LOW_RISK,635,58,0.998,0,94.5,1,0
BUYER-02371,LOW_RISK,432,32,0.976,0,96.0,1,0
BUYER-02372,MEDIUM_RISK,632,18,0.813,0,63.4,1,0
BUYER-02373,LOW_RISK,1351,46,0.978,0,91.7,1,0
BUYER-02374,LOW_RISK,278,31,0.966,0,94.0,1,0
BUYER-02375,LOW_RISK,550,54,0.99,0,92.8,1,0
BUYER-02376,LOW_RISK,1795,78,0.978,0,96.1,1,0
BUYER-02377,LOW_RISK,1004,71,0.98,0,86.1,1,0
BUYER-02378,LOW_RISK,1586,75,0.986,0,92.5,1,0
BUYER-02379,LOW_RISK,472,58,0.978,0,86.3,1,1
BUYER-02380,LOW_RISK,1665,57,0.985,0,86.0,1,0
BUYER-02381,MEDIUM_RISK,653,16,0.899,0,59.4,1,0
BUYER-02382,MEDIUM_RISK,392,17,0.87,0,61.6,1,0
BUYER-02383,MEDIUM_RISK,468,19,0.932,1,76.2,1,0
BUYER-02384,LOW_RISK,648,49,0.982,0,83.4,1,0
BUYER-02385,LOW_RISK,805,62,0.989,0,95.5,1,0
BUYER-02386,LOW_RISK,1479,20,0.954,0,85.8,1,0
BUYER-02387,LOW_RISK,371,31,0.979,0,83.4,1,0
BUYER-02388,LOW_RISK,765,80,0.996,0,94.9,1,0
BUYER-02389,LOW_RISK,201,64,0.984,0,96.9,1,1
BUYER-02390,LOW_RISK,459,71,0.975,0,93.0,1,0
BUYER-02391,LOW_RISK,1566,78,0.985,0,88.5,1,0
BUYER-02392,LOW_RISK,1442,34,0.996,0,93.9,1,0
BUYER-02393,LOW_RISK,1642,64,0.985,0,94.0,1,0
BUYER-02394,LOW_RISK,680,77,0.984,0,82.7,1,0
BUYER-02395,MEDIUM_RISK,489,8,0.894,1,76.2,0,0
BUYER-02396,LOW_RISK,1252,38,0.959,0,87.9,1,0
BUYER-02397,LOW_RISK,453,75,0.968,0,82.8,1,0
BUYER-02398,LOW_RISK,1194,58,0.959,0,97.5,1,0
BUYER-02399,LOW_RISK,872,41,0.992,0,95.6,1,0
BUYER-02400,LOW_RISK,421,47,0.965,0,86.7,1,0
BUYER-02401,LOW_RISK,616,10,0.987,0,91.1,1,0
BUYER-02402,LOW_RISK,625,49,0.996,0,97.3,1,0
BUYER-02403,LOW_RISK,1235,14,0.997,0,96.3,1,0
BUYER-02404,LOW_RISK,1179,17,0.968,0,91.8,1,0
BUYER-02405,LOW_RISK,852,48,0.968,0,82.1,1,0
BUYER-02406,LOW_RISK,1659,33,0.97,0,82.1,1,0
BUYER-02407,LOW_RISK,1062,72,0.96,0,90.5,1,0
BUYER-02408,LOW_RISK,494,62,0.956,0,89.8,1,0
BUYER-02409,REPEATED_HIGH_RISK,46,6,0.286,6,15.5,0,0
BUYER-02410,LOW_RISK,926,64,0.995,0,90.6,1,0
BUYER-02411,LOW_RISK,731,23,0.999,0,92.5,1,0
BUYER-02412,LOW_RISK,1079,30,0.957,0,94.0,1,0
BUYER-02413,LOW_RISK,191,55,0.994,0,93.3,1,0
BUYER-02414,LOW_RISK,406,34,0.964,0,84.1,1,0
BUYER-02415,LOW_RISK,1042,52,0.995,0,84.6,1,0
BUYER-02416,HIGH_RISK,116,9,0.782,2,48.7,0,1
BUYER-02417,LOW_RISK,423,63,0.974,0,89.9,1,1
BUYER-02418,LOW_RISK,1576,26,0.966,0,94.2,1,0
BUYER-02419,LOW_RISK,998,74,0.986,0,93.9,1,0
BUYER-02420,LOW_RISK,976,26,0.955,0,83.7,1,0
BUYER-02421,LOW_RISK,223,26,0.958,0,90.0,1,0
BUYER-02422,LOW_RISK,1751,40,0.953,0,95.3,1,0
BUYER-02423,LOW_RISK,1059,11,0.972,0,86.6,1,0
BUYER-02424,LOW_RISK,1175,20,0.988,0,86.0,1,0
BUYER-02425,LOW_RISK,492,75,0.959,0,86.5,1,0
BUYER-02426,MEDIUM_RISK,147,11,0.939,1,60.9,1,0
BUYER-02427,LOW_RISK,1058,35,0.974,0,94.5,1,0
BUYER-02428,HIGH_RISK,67,13,0.739,1,42.4,1,0
BUYER-02429,LOW_RISK,566,29,0.961,0,84.1,1,0
BUYER-02430,MEDIUM_RISK,69,11,0.939,1,77.3,1,0
BUYER-02431,LOW_RISK,1053,12,0.981,0,83.5,1,1
BUYER-02432,MEDIUM_RISK,82,15,0.857,0,62.4,1,1
BUYER-02433,REPEATED_HIGH_RISK,169,5,0.284,6,17.6,1,1
BUYER-02434,LOW_RISK,1224,64,0.982,0,86.9,1,0
BUYER-02435,HIGH_RISK,152,7,0.653,1,38.0,1,0
BUYER-02436,LOW_RISK,1036,41,0.966,0,82.8,1,0
BUYER-02437,LOW_RISK,263,10,0.953,0,93.9,1,0
BUYER-02438,LOW_RISK,614,46,0.974,0,96.5,1,1
BUYER-02439,LOW_RISK,386,65,0.959,0,97.2,1,0
BUYER-02440,LOW_RISK,924,52,0.965,0,83.6,1,0
BUYER-02441,LOW_RISK,207,80,0.989,0,84.1,1,0
BUYER-02442,LOW_RISK,918,56,0.987,0,91.4,1,0
BUYER-02443,LOW_RISK,1418,57,0.962,0,86.4,1,0
BUYER-02444,MEDIUM_RISK,628,15,0.812,1,57.6,1,0
BUYER-02445,LOW_RISK,1469,25,0.952,0,97.5,1,0
BUYER-02446,LOW_RISK,1520,34,0.96,0,89.1,1,0
BUYER-02447,LOW_RISK,382,19,0.997,0,91.9,1,0
BUYER-02448,LOW_RISK,797,70,0.999,0,85.2,1,0
BUYER-02449,LOW_RISK,1656,29,0.952,0,85.1,1,0
BUYER-02450,LOW_RISK,1307,42,0.995,0,94.1,1,0
BUYER-02451,LOW_RISK,1327,54,0.995,0,89.2,1,0
BUYER-02452,HIGH_RISK,75,8,0.613,2,39.1,1,1
BUYER-02453,LOW_RISK,1211,12,0.958,0,86.4,1,0
BUYER-02454,LOW_RISK,444,47,0.952,0,91.1,1,0
BUYER-02455,LOW_RISK,1600,34,0.987,0,88.4,1,0
BUYER-02456,LOW_RISK,1582,78,0.994,0,97.5,1,0
BUYER-02457,LOW_RISK,518,66,0.988,0,88.1,1,0
BUYER-02458,LOW_RISK,1776,59,0.97,0,86.3,1,1
BUYER-02459,LOW_RISK,556,10,0.958,0,85.5,1,1
BUYER-02460,LOW_RISK,1606,11,0.994,0,94.7,1,0
BUYER-02461,REPEATED_HIGH_RISK,123,10,0.469,5,14.1,0,1
BUYER-02462,MEDIUM_RISK,255,12,0.899,0,68.3,1,0
BUYER-02463,LOW_RISK,530,38,0.952,0,85.8,1,0
BUYER-02464,LOW_RISK,260,28,0.997,0,86.4,1,0
BUYER-02465,LOW_RISK,452,44,0.994,0,82.8,1,1
BUYER-02466,LOW_RISK,689,36,0.977,0,82.0,1,0
BUYER-02467,LOW_RISK,891,57,0.966,0,97.1,1,0
BUYER-02468,LOW_RISK,1304,43,0.986,0,88.5,1,0
BUYER-02469,LOW_RISK,1432,47,0.966,0,82.9,1,0
BUYER-02470,LOW_RISK,201,55,0.961,0,97.4,1,0
BUYER-02471,LOW_RISK,541,42,0.999,0,90.6,1,0
BUYER-02472,HIGH_RISK,313,3,0.737,2,43.7,1,0
BUYER-02473,MEDIUM_RISK,699,11,0.922,0,70.2,0,0
BUYER-02474,LOW_RISK,1308,36,0.991,0,85.5,1,0
BUYER-02475,LOW_RISK,730,36,0.979,0,94.9,1,0
BUYER-02476,MEDIUM_RISK,434,7,0.862,0,72.5,1,0
BUYER-02477,LOW_RISK,1068,57,0.957,0,89.7,1,1
BUYER-02478,LOW_RISK,1195,33,0.973,0,95.0,1,0
BUYER-02479,LOW_RISK,540,34,0.978,0,97.1,1,0
BUYER-02480,LOW_RISK,549,46,0.951,0,84.6,1,1
BUYER-02481,LOW_RISK,543,60,0.984,0,85.0,1,0
BUYER-02482,MEDIUM_RISK,176,5,0.86,0,65.9,1,0
BUYER-02483,HIGH_RISK,345,8,0.619,2,41.0,1,0
BUYER-02484,LOW_RISK,1668,11,0.98,0,88.0,1,0
BUYER-02485,LOW_RISK,222,24,0.991,0,94.2,1,0
BUYER-02486,REPEATED_HIGH_RISK,171,2,0.25,3,13.4,0,1
BUYER-02487,LOW_RISK,1464,11,0.99,0,82.2,1,0
BUYER-02488,MEDIUM_RISK,138,20,0.903,1,63.1,1,0
BUYER-02489,LOW_RISK,1628,20,0.96,0,89.7,1,0
BUYER-02490,LOW_RISK,1332,66,0.991,0,86.9,1,0
BUYER-02491,LOW_RISK,1160,29,0.962,0,90.7,1,1
BUYER-02492,LOW_RISK,727,79,0.956,0,95.2,1,0
BUYER-02493,LOW_RISK,390,79,0.965,0,90.2,1,0
BUYER-02494,LOW_RISK,1030,28,0.95,0,85.6,1,1
BUYER-02495,LOW_RISK,644,64,0.969,0,87.7,1,0
BUYER-02496,LOW_RISK,767,38,0.996,0,93.0,1,0
BUYER-02497,LOW_RISK,1586,24,0.975,0,97.9,1,0
BUYER-02498,MEDIUM_RISK,259,6,0.934,1,61.8,1,0
BUYER-02499,REPEATED_HIGH_RISK,26,7,0.245,3,25.9,1,0
BUYER-02500,LOW_RISK,1418,29,0.959,0,90.5,1,0
BUYER-02501,MEDIUM_RISK,644,8,0.895,0,58.6,1,0
BUYER-02502,LOW_RISK,1546,48,0.981,0,86.6,1,0
BUYER-02503,LOW_RISK,392,44,0.996,0,92.6,1,0
BUYER-02504,HIGH_RISK,150,14,0.772,1,45.6,1,0
BUYER-02505,LOW_RISK,1795,10,0.993,0,97.6,1,0
BUYER-02506,LOW_RISK,1772,28,0.966,0,88.2,1,0
BUYER-02507,MEDIUM_RISK,519,5,0.816,0,65.3,1,1
BUYER-02508,LOW_RISK,1668,45,0.957,0,87.2,1,0
BUYER-02509,MEDIUM_RISK,160,8,0.907,1,63.5,1,1
BUYER-02510,MEDIUM_RISK,536,16,0.867,0,78.3,1,1
BUYER-02511,LOW_RISK,1412,52,0.957,0,97.1,1,0
BUYER-02512,MEDIUM_RISK,281,15,0.859,0,66.9,1,1
BUYER-02513,LOW_RISK,1273,73,0.977,0,95.1,1,0
BUYER-02514,LOW_RISK,967,20,0.979,0,88.7,1,0
BUYER-02515,LOW_RISK,1363,38,0.985,0,85.8,1,0
BUYER-02516,MEDIUM_RISK,32,9,0.939,0,55.4,1,0
BUYER-02517,LOW_RISK,1323,70,0.998,0,96.7,1,0
BUYER-02518,LOW_RISK,302,54,0.968,0,95.6,1,0
BUYER-02519,LOW_RISK,1774,27,0.965,0,84.3,1,0
BUYER-02520,LOW_RISK,1309,63,0.962,0,95.2,1,0
BUYER-02521,LOW_RISK,294,27,0.956,0,93.1,1,0
BUYER-02522,LOW_RISK,473,58,0.987,0,93.1,1,0
BUYER-02523,LOW_RISK,1049,57,0.953,0,83.7,1,0
BUYER-02524,LOW_RISK,1371,19,0.974,0,91.5,1,0
BUYER-02525,LOW_RISK,503,13,0.957,0,84.3,1,0
BUYER-02526,LOW_RISK,681,19,0.951,0,95.3,1,0
BUYER-02527,LOW_RISK,1032,29,0.988,0,89.5,1,0
BUYER-02528,HIGH_RISK,86,13,0.7,1,48.1,0,1
BUYER-02529,LOW_RISK,1142,62,0.986,0,89.1,1,0
BUYER-02530,REPEATED_HIGH_RISK,172,2,0.309,4,9.2,1,0
BUYER-02531,LOW_RISK,1495,14,0.98,0,84.8,1,0
BUYER-02532,MEDIUM_RISK,194,3,0.855,1,65.2,1,1
BUYER-02533,LOW_RISK,1110,80,0.986,0,86.1,1,0
BUYER-02534,LOW_RISK,1351,74,0.965,0,85.6,1,0
BUYER-02535,LOW_RISK,501,44,0.999,0,90.3,1,1
BUYER-02536,MEDIUM_RISK,158,9,0.856,0,56.3,1,1
BUYER-02537,LOW_RISK,983,33,0.991,0,97.6,1,0
BUYER-02538,LOW_RISK,1419,19,0.991,0,89.5,1,0
BUYER-02539,LOW_RISK,821,61,0.991,0,84.6,1,0
BUYER-02540,LOW_RISK,940,64,0.96,0,83.7,1,0
BUYER-02541,LOW_RISK,339,56,0.98,0,95.5,1,0
BUYER-02542,LOW_RISK,237,40,0.964,0,90.7,1,0
BUYER-02543,MEDIUM_RISK,96,9,0.884,1,73.2,1,0
BUYER-02544,LOW_RISK,813,34,0.978,0,92.2,1,0
BUYER-02545,LOW_RISK,246,40,0.963,0,97.6,1,0
BUYER-02546,LOW_RISK,1336,15,0.978,0,94.6,1,0
BUYER-02547,LOW_RISK,273,16,0.966,0,97.1,1,0
BUYER-02548,LOW_RISK,197,55,0.988,0,97.3,1,0
BUYER-02549,LOW_RISK,1204,34,0.966,0,88.3,1,0
BUYER-02550,LOW_RISK,908,26,0.985,0,83.6,1,0
BUYER-02551,LOW_RISK,1014,74,0.955,0,94.9,1,0
BUYER-02552,LOW_RISK,487,13,0.979,0,88.1,1,0
BUYER-02553,LOW_RISK,1380,14,0.965,0,84.4,1,0
BUYER-02554,HIGH_RISK,252,3,0.768,1,33.6,1,0
BUYER-02555,LOW_RISK,1651,39,0.994,0,94.9,1,0
BUYER-02556,HIGH_RISK,349,4,0.746,2,34.7,1,1
BUYER-02557,LOW_RISK,1207,76,1.0,0,91.7,1,1
BUYER-02558,LOW_RISK,1251,53,0.972,0,84.1,1,0
BUYER-02559,LOW_RISK,775,56,0.981,0,97.0,1,0
BUYER-02560,LOW_RISK,261,59,0.962,0,98.0,1,0
BUYER-02561,LOW_RISK,1422,19,0.998,0,91.1,1,0
BUYER-02562,LOW_RISK,1198,22,0.99,0,84.3,1,0
BUYER-02563,LOW_RISK,813,80,0.993,0,94.8,1,0
BUYER-02564,LOW_RISK,358,73,0.955,0,87.0,1,1
BUYER-02565,LOW_RISK,785,30,0.953,0,91.2,1,0
BUYER-02566,LOW_RISK,903,21,0.954,0,93.4,1,0
BUYER-02567,LOW_RISK,1123,43,0.999,0,97.7,1,0
BUYER-02568,LOW_RISK,1742,66,0.983,0,84.2,1,0
BUYER-02569,LOW_RISK,433,72,0.952,0,95.7,1,0
BUYER-02570,MEDIUM_RISK,440,16,0.92,0,77.0,1,0
BUYER-02571,LOW_RISK,444,66,0.968,0,95.5,1,0
BUYER-02572,MEDIUM_RISK,351,14,0.812,0,64.9,1,0
BUYER-02573,LOW_RISK,1101,43,0.994,0,97.9,1,0
BUYER-02574,LOW_RISK,267,17,0.987,0,85.9,1,0
BUYER-02575,LOW_RISK,1328,11,0.958,0,83.7,1,0
BUYER-02576,LOW_RISK,949,30,0.979,0,95.7,1,0
BUYER-02577,HIGH_RISK,129,8,0.766,1,43.4,1,0
BUYER-02578,LOW_RISK,894,69,0.973,0,90.6,1,0
BUYER-02579,LOW_RISK,1132,23,0.954,0,93.7,1,1
BUYER-02580,LOW_RISK,992,65,0.96,0,87.3,1,0
BUYER-02581,LOW_RISK,829,53,1.0,0,89.8,1,0
BUYER-02582,MEDIUM_RISK,517,6,0.839,0,55.9,1,0
BUYER-02583,LOW_RISK,498,70,0.957,0,85.4,1,0
BUYER-02584,LOW_RISK,1343,14,0.999,0,94.4,1,0
BUYER-02585,LOW_RISK,307,56,0.989,0,97.7,1,0
BUYER-02586,LOW_RISK,617,16,0.961,0,82.4,1,0
BUYER-02587,LOW_RISK,1733,64,0.963,0,92.2,1,0
BUYER-02588,LOW_RISK,351,28,0.953,0,88.5,1,0
BUYER-02589,LOW_RISK,790,67,0.994,0,90.4,1,0
BUYER-02590,LOW_RISK,1551,43,0.959,0,82.9,1,0
BUYER-02591,MEDIUM_RISK,468,13,0.935,1,62.1,1,0
BUYER-02592,LOW_RISK,586,54,0.997,0,89.7,1,0
BUYER-02593,LOW_RISK,1276,30,0.998,0,89.0,1,0
BUYER-02594,LOW_RISK,1599,59,0.991,0,91.0,1,0
BUYER-02595,LOW_RISK,1402,35,0.954,0,92.7,1,0
BUYER-02596,LOW_RISK,1442,28,0.966,0,97.8,1,0
BUYER-02597,LOW_RISK,1683,50,0.951,0,96.3,1,0
BUYER-02598,LOW_RISK,482,73,0.993,0,83.8,1,0
BUYER-02599,LOW_RISK,1560,62,0.963,0,93.6,1,0
BUYER-02600,LOW_RISK,1102,26,0.982,0,92.2,1,0
BUYER-02601,LOW_RISK,1364,22,0.952,0,93.9,1,1
BUYER-02602,LOW_RISK,564,63,0.985,0,94.4,1,0
BUYER-02603,LOW_RISK,1410,58,0.961,0,85.4,1,0
BUYER-02604,LOW_RISK,571,11,0.969,0,87.8,1,0
BUYER-02605,LOW_RISK,798,49,0.975,0,95.9,1,0
BUYER-02606,LOW_RISK,1612,73,0.982,0,89.3,1,0
BUYER-02607,LOW_RISK,1020,55,0.968,0,90.7,1,0
BUYER-02608,LOW_RISK,1251,52,0.956,0,84.8,1,0
BUYER-02609,LOW_RISK,1057,57,0.959,0,91.5,1,0
BUYER-02610,LOW_RISK,1291,65,0.969,0,95.5,1,0
BUYER-02611,MEDIUM_RISK,477,23,0.84,0,69.9,1,0
BUYER-02612,LOW_RISK,383,21,0.99,0,83.7,1,0
BUYER-02613,LOW_RISK,1510,12,0.981,0,88.6,1,0
BUYER-02614,LOW_RISK,1196,79,0.955,0,89.1,1,0
BUYER-02615,LOW_RISK,1370,14,0.983,0,95.6,1,0
BUYER-02616,LOW_RISK,613,38,0.989,0,90.8,1,0
BUYER-02617,LOW_RISK,414,35,0.993,0,97.2,1,0
BUYER-02618,LOW_RISK,898,69,0.971,0,95.1,1,0
BUYER-02619,MEDIUM_RISK,435,3,0.932,0,73.8,1,1
BUYER-02620,LOW_RISK,1219,46,0.963,0,92.5,1,0
BUYER-02621,LOW_RISK,809,63,0.984,0,82.1,1,0
BUYER-02622,MEDIUM_RISK,454,4,0.802,1,58.7,1,1
BUYER-02623,LOW_RISK,946,76,0.991,0,91.6,1,0
BUYER-02624,MEDIUM_RISK,373,8,0.934,0,78.8,1,0
BUYER-02625,LOW_RISK,675,60,0.96,0,92.3,1,0
BUYER-02626,HIGH_RISK,41,14,0.777,2,39.3,0,1
BUYER-02627,LOW_RISK,1483,59,0.999,0,84.8,1,0
BUYER-02628,LOW_RISK,831,76,0.958,0,85.7,1,0
BUYER-02629,LOW_RISK,1634,26,0.975,0,92.1,1,0
BUYER-02630,LOW_RISK,1786,60,0.992,0,92.0,1,0
BUYER-02631,LOW_RISK,712,80,0.958,0,87.2,1,0
BUYER-02632,LOW_RISK,370,21,0.951,0,82.2,1,0
BUYER-02633,LOW_RISK,1757,29,0.951,0,93.3,1,0
BUYER-02634,LOW_RISK,341,58,0.951,0,93.7,1,1
BUYER-02635,LOW_RISK,1109,55,0.959,0,92.4,1,0
BUYER-02636,LOW_RISK,634,48,0.96,0,95.4,1,0
BUYER-02637,HIGH_RISK,208,14,0.649,1,32.9,1,1
BUYER-02638,LOW_RISK,349,28,0.981,0,92.2,1,0
BUYER-02639,HIGH_RISK,311,15,0.62,1,39.8,1,0
BUYER-02640,LOW_RISK,1400,25,0.955,0,86.5,1,0
BUYER-02641,LOW_RISK,549,21,0.954,0,95.5,1,0
BUYER-02642,LOW_RISK,605,60,0.955,0,94.7,1,0
BUYER-02643,LOW_RISK,1027,19,0.974,0,92.0,1,0
BUYER-02644,LOW_RISK,610,63,0.969,0,87.0,1,0
BUYER-02645,LOW_RISK,1103,30,0.959,0,82.2,1,0
BUYER-02646,LOW_RISK,545,14,0.956,0,87.5,1,0
BUYER-02647,HIGH_RISK,192,9,0.789,1,42.2,1,0
BUYER-02648,LOW_RISK,190,30,0.976,0,86.1,1,0
BUYER-02649,LOW_RISK,429,34,0.98,0,90.6,1,0
BUYER-02650,LOW_RISK,1240,75,0.988,0,85.5,1,0
BUYER-02651,LOW_RISK,927,24,0.995,0,82.5,1,0
BUYER-02652,LOW_RISK,463,38,0.954,0,93.1,1,0
BUYER-02653,LOW_RISK,439,44,0.964,0,85.2,1,0
BUYER-02654,LOW_RISK,368,54,0.985,0,92.4,1,0
BUYER-02655,LOW_RISK,1136,73,0.972,0,97.1,1,0
BUYER-02656,LOW_RISK,575,42,0.959,0,93.0,1,0
BUYER-02657,MEDIUM_RISK,317,15,0.814,0,74.0,1,0
BUYER-02658,MEDIUM_RISK,631,12,0.823,0,59.9,1,1
BUYER-02659,LOW_RISK,1658,72,0.972,0,89.1,1,0
BUYER-02660,LOW_RISK,1401,44,0.991,0,92.0,1,0
BUYER-02661,LOW_RISK,1423,59,0.971,0,91.1,1,1
BUYER-02662,MEDIUM_RISK,412,23,0.915,1,65.8,1,0
BUYER-02663,LOW_RISK,249,75,0.963,0,88.6,1,0
BUYER-02664,LOW_RISK,1416,77,0.968,0,82.5,1,0
BUYER-02665,LOW_RISK,548,51,0.971,0,85.0,1,0
BUYER-02666,LOW_RISK,682,19,0.961,0,87.9,1,0
BUYER-02667,LOW_RISK,477,50,0.956,0,87.1,1,0
BUYER-02668,LOW_RISK,202,52,0.961,0,91.1,1,0
BUYER-02669,LOW_RISK,838,39,0.978,0,88.2,1,0
BUYER-02670,LOW_RISK,1412,37,0.976,0,83.6,1,0
BUYER-02671,LOW_RISK,749,19,0.979,0,92.3,1,0
BUYER-02672,LOW_RISK,1577,65,0.966,0,87.1,1,0
BUYER-02673,LOW_RISK,583,16,0.99,0,90.0,1,0
BUYER-02674,LOW_RISK,742,63,0.956,0,89.2,1,0
BUYER-02675,MEDIUM_RISK,645,13,0.883,0,60.7,1,0
BUYER-02676,LOW_RISK,223,46,0.951,0,94.5,1,0
BUYER-02677,LOW_RISK,1359,10,0.996,0,86.5,1,0
BUYER-02678,LOW_RISK,1004,14,0.995,0,96.7,1,0
BUYER-02679,LOW_RISK,260,53,0.982,0,83.1,1,1
BUYER-02680,LOW_RISK,374,63,0.986,0,86.4,1,0
BUYER-02681,LOW_RISK,1723,54,0.97,0,90.9,1,0
BUYER-02682,MEDIUM_RISK,350,18,0.886,0,64.4,1,0
BUYER-02683,LOW_RISK,1606,68,0.975,0,92.3,1,0
BUYER-02684,LOW_RISK,428,57,0.997,0,83.6,1,0
BUYER-02685,LOW_RISK,638,16,0.991,0,84.2,1,0
BUYER-02686,LOW_RISK,841,65,0.961,0,83.4,1,0
BUYER-02687,LOW_RISK,1662,57,0.991,0,90.6,1,0
BUYER-02688,LOW_RISK,190,16,0.963,0,94.6,1,0
BUYER-02689,LOW_RISK,406,16,0.997,0,83.2,1,0
BUYER-02690,LOW_RISK,854,58,0.963,0,84.7,1,0
BUYER-02691,LOW_RISK,462,68,0.956,0,87.1,1,0
BUYER-02692,LOW_RISK,483,62,0.982,0,92.7,1,0
BUYER-02693,LOW_RISK,1248,77,0.962,0,89.6,1,0
BUYER-02694,LOW_RISK,1183,45,0.966,0,93.7,1,0
BUYER-02695,HIGH_RISK,130,3,0.65,2,37.0,1,0
BUYER-02696,LOW_RISK,349,55,0.978,0,96.0,1,1
BUYER-02697,LOW_RISK,1530,36,0.985,0,83.2,1,0
BUYER-02698,LOW_RISK,1192,17,0.961,0,92.7,1,0
BUYER-02699,LOW_RISK,1138,59,0.959,0,83.7,1,0
BUYER-02700,LOW_RISK,607,77,0.976,0,87.0,1,0
BUYER-02701,LOW_RISK,818,68,0.983,0,95.6,1,0
BUYER-02702,HIGH_RISK,69,4,0.642,2,38.2,1,0
BUYER-02703,LOW_RISK,1106,75,0.96,0,88.4,1,0
BUYER-02704,LOW_RISK,320,45,0.971,0,93.0,1,0
BUYER-02705,LOW_RISK,1362,23,0.957,0,96.0,1,0
BUYER-02706,LOW_RISK,1705,24,0.962,0,96.3,1,0
BUYER-02707,LOW_RISK,563,44,0.951,0,92.6,1,0
BUYER-02708,LOW_RISK,1107,55,0.963,0,96.8,1,0
BUYER-02709,LOW_RISK,352,55,0.972,0,84.4,1,0
BUYER-02710,LOW_RISK,1208,65,0.975,0,82.9,1,0
BUYER-02711,LOW_RISK,738,57,0.955,0,92.4,1,1
BUYER-02712,LOW_RISK,1679,64,0.96,0,85.0,1,0
BUYER-02713,LOW_RISK,541,45,0.976,0,89.9,1,0
BUYER-02714,LOW_RISK,1067,23,0.984,0,92.3,1,0
BUYER-02715,LOW_RISK,407,38,0.956,0,96.3,1,0
BUYER-02716,LOW_RISK,1358,44,0.962,0,90.5,1,0
BUYER-02717,LOW_RISK,744,38,0.994,0,93.2,1,0
BUYER-02718,HIGH_RISK,222,8,0.675,1,35.7,1,1
BUYER-02719,MEDIUM_RISK,304,18,0.829,1,73.9,1,0
BUYER-02720,LOW_RISK,891,46,0.985,0,86.6,1,0
BUYER-02721,MEDIUM_RISK,33,6,0.826,1,76.8,1,0
BUYER-02722,LOW_RISK,1454,71,0.987,0,95.6,1,0
BUYER-02723,LOW_RISK,1588,40,0.959,0,92.9,1,0
BUYER-02724,LOW_RISK,521,33,0.967,0,89.3,1,0
BUYER-02725,LOW_RISK,206,70,0.971,0,82.3,1,0
BUYER-02726,LOW_RISK,720,19,0.959,0,94.2,1,0
BUYER-02727,LOW_RISK,199,55,0.998,0,91.3,1,0
BUYER-02728,LOW_RISK,1180,41,0.974,0,82.7,1,0
BUYER-02729,LOW_RISK,215,47,0.992,0,90.4,1,0
BUYER-02730,LOW_RISK,522,28,0.989,0,83.6,1,0
BUYER-02731,LOW_RISK,1687,52,0.973,0,93.8,1,0
BUYER-02732,LOW_RISK,1297,42,0.983,0,86.1,1,1
BUYER-02733,LOW_RISK,1119,11,0.991,0,86.8,1,0
BUYER-02734,HIGH_RISK,185,10,0.747,2,46.6,1,0
BUYER-02735,HIGH_RISK,320,9,0.621,1,43.7,1,1
BUYER-02736,LOW_RISK,1671,12,0.957,0,88.6,1,0
BUYER-02737,REPEATED_HIGH_RISK,63,4,0.336,3,12.9,0,0
BUYER-02738,LOW_RISK,1697,65,0.968,0,93.9,1,0
BUYER-02739,HIGH_RISK,114,8,0.721,2,48.4,1,0
BUYER-02740,LOW_RISK,1463,79,0.995,0,89.2,1,0
BUYER-02741,LOW_RISK,1259,32,0.963,0,92.9,1,0
BUYER-02742,LOW_RISK,858,60,0.979,0,97.1,1,0
BUYER-02743,LOW_RISK,745,49,0.96,0,91.3,1,0
BUYER-02744,LOW_RISK,1617,53,0.992,0,84.0,1,0
BUYER-02745,LOW_RISK,1111,54,0.964,0,97.5,1,0
BUYER-02746,LOW_RISK,1201,28,0.973,0,84.4,1,0
BUYER-02747,LOW_RISK,773,30,0.965,0,86.6,1,0
BUYER-02748,LOW_RISK,783,11,0.973,0,85.5,1,0
BUYER-02749,LOW_RISK,1394,25,0.953,0,86.9,1,0
BUYER-02750,LOW_RISK,1061,55,0.983,0,82.0,1,0
BUYER-02751,LOW_RISK,694,27,0.968,0,86.5,1,0
BUYER-02752,LOW_RISK,1208,29,0.998,0,93.4,1,0
BUYER-02753,LOW_RISK,472,35,0.972,0,96.7,1,0
BUYER-02754,LOW_RISK,775,38,0.952,0,96.9,1,0
BUYER-02755,MEDIUM_RISK,284,24,0.889,1,65.1,1,0
BUYER-02756,LOW_RISK,380,43,0.996,0,91.6,1,0
BUYER-02757,LOW_RISK,534,65,0.984,0,87.2,1,0
BUYER-02758,MEDIUM_RISK,622,7,0.896,1,59.8,1,0
BUYER-02759,LOW_RISK,457,63,0.978,0,86.8,1,0
BUYER-02760,LOW_RISK,355,48,0.978,0,92.1,1,0
BUYER-02761,LOW_RISK,1297,33,0.969,0,96.0,1,0
BUYER-02762,LOW_RISK,1074,22,0.957,0,89.1,1,1
BUYER-02763,LOW_RISK,821,74,0.997,0,93.4,1,0
BUYER-02764,LOW_RISK,1139,55,0.971,0,88.7,1,0
BUYER-02765,LOW_RISK,1020,69,0.951,0,90.9,1,0
BUYER-02766,HIGH_RISK,230,3,0.744,1,42.5,1,0
BUYER-02767,LOW_RISK,799,41,0.979,0,88.0,1,0
BUYER-02768,LOW_RISK,1451,79,0.995,0,96.0,1,0
BUYER-02769,LOW_RISK,289,60,0.956,0,92.7,1,0
BUYER-02770,LOW_RISK,1127,76,0.973,0,82.9,1,0
BUYER-02771,LOW_RISK,292,44,0.991,0,92.4,1,0
BUYER-02772,LOW_RISK,862,22,0.991,0,91.0,1,0
BUYER-02773,LOW_RISK,1594,52,0.993,0,83.9,1,0
BUYER-02774,LOW_RISK,1377,75,0.987,0,82.8,1,0
BUYER-02775,LOW_RISK,599,76,0.957,0,93.8,1,0
BUYER-02776,LOW_RISK,1194,27,0.961,0,92.8,1,0
BUYER-02777,LOW_RISK,496,48,0.981,0,93.5,1,0
BUYER-02778,LOW_RISK,193,72,0.981,0,85.2,1,0
BUYER-02779,LOW_RISK,317,10,0.958,0,96.1,1,0
BUYER-02780,LOW_RISK,1244,22,0.962,0,83.7,1,0
BUYER-02781,LOW_RISK,230,74,0.972,0,82.9,1,0
BUYER-02782,MEDIUM_RISK,154,12,0.857,0,78.6,1,0
BUYER-02783,REPEATED_HIGH_RISK,67,10,0.299,6,25.2,0,0
BUYER-02784,LOW_RISK,1443,25,0.972,0,92.2,1,0
BUYER-02785,MEDIUM_RISK,219,7,0.915,0,70.8,1,0
BUYER-02786,LOW_RISK,529,75,0.987,0,90.7,1,0
BUYER-02787,HIGH_RISK,258,9,0.655,1,43.3,0,0
BUYER-02788,LOW_RISK,1385,73,0.968,0,86.4,1,0
BUYER-02789,HIGH_RISK,212,13,0.752,2,39.9,1,1
BUYER-02790,REPEATED_HIGH_RISK,115,4,0.211,6,10.4,1,1
BUYER-02791,LOW_RISK,977,11,0.979,0,82.5,1,0
BUYER-02792,REPEATED_HIGH_RISK,173,9,0.216,5,27.3,1,0
BUYER-02793,LOW_RISK,1138,68,0.964,0,97.7,1,0
BUYER-02794,LOW_RISK,912,74,0.993,0,90.1,1,0
BUYER-02795,LOW_RISK,894,77,0.97,0,83.0,1,1
BUYER-02796,LOW_RISK,1523,29,0.968,0,93.5,1,0
BUYER-02797,LOW_RISK,874,68,0.986,0,94.6,1,0
BUYER-02798,LOW_RISK,750,48,0.996,0,83.1,1,0
BUYER-02799,REPEATED_HIGH_RISK,172,9,0.343,6,20.1,1,1
BUYER-02800,LOW_RISK,549,74,0.989,0,90.4,1,0
BUYER-02801,LOW_RISK,445,51,0.979,0,91.3,1,0
BUYER-02802,MEDIUM_RISK,628,22,0.916,0,56.6,1,1
BUYER-02803,HIGH_RISK,30,15,0.739,2,35.9,1,1
BUYER-02804,HIGH_RISK,355,3,0.695,2,43.5,1,0
BUYER-02805,LOW_RISK,842,39,0.999,0,94.9,1,0
BUYER-02806,HIGH_RISK,136,3,0.771,1,35.0,0,0
BUYER-02807,LOW_RISK,966,63,0.996,0,83.0,1,0
BUYER-02808,LOW_RISK,692,24,0.952,0,94.0,1,0
BUYER-02809,LOW_RISK,1084,57,0.98,0,95.5,1,0
BUYER-02810,LOW_RISK,536,51,0.955,0,89.2,1,0
BUYER-02811,LOW_RISK,452,35,0.96,0,89.9,1,0
BUYER-02812,LOW_RISK,1570,46,0.961,0,93.9,1,0
BUYER-02813,LOW_RISK,1068,77,0.99,0,85.1,1,0
BUYER-02814,LOW_RISK,1372,13,0.981,0,92.7,1,0
BUYER-02815,LOW_RISK,596,14,0.991,0,96.3,1,0
BUYER-02816,LOW_RISK,916,62,0.978,0,95.8,1,0
BUYER-02817,LOW_RISK,877,33,0.984,0,97.3,1,0
BUYER-02818,LOW_RISK,1671,77,0.975,0,95.3,1,0
BUYER-02819,LOW_RISK,1348,70,0.975,0,87.7,1,0
BUYER-02820,LOW_RISK,1324,27,0.99,0,89.0,1,0
BUYER-02821,MEDIUM_RISK,670,15,0.922,0,68.7,1,0
BUYER-02822,LOW_RISK,440,76,0.965,0,83.9,1,0
BUYER-02823,LOW_RISK,652,16,0.98,0,87.3,1,0
BUYER-02824,LOW_RISK,638,47,0.996,0,86.0,1,0
BUYER-02825,LOW_RISK,1620,55,0.953,0,95.9,1,0
BUYER-02826,MEDIUM_RISK,324,5,0.875,1,60.8,1,1
BUYER-02827,LOW_RISK,1240,74,0.966,0,91.9,1,0
BUYER-02828,LOW_RISK,1298,24,0.979,0,97.0,1,0
BUYER-02829,LOW_RISK,718,13,0.952,0,88.7,1,1
BUYER-02830,LOW_RISK,590,52,0.994,0,83.0,1,0
BUYER-02831,LOW_RISK,598,80,0.991,0,87.3,1,0
BUYER-02832,LOW_RISK,1731,17,0.962,0,83.2,1,0
BUYER-02833,LOW_RISK,1334,14,0.967,0,83.1,1,0
BUYER-02834,LOW_RISK,1032,20,0.994,0,89.7,1,0
BUYER-02835,LOW_RISK,445,44,0.986,0,83.7,1,0
BUYER-02836,MEDIUM_RISK,538,19,0.832,0,63.4,1,0
BUYER-02837,REPEATED_HIGH_RISK,129,6,0.497,4,8.4,0,1
BUYER-02838,LOW_RISK,293,13,0.989,0,95.0,1,0
BUYER-02839,LOW_RISK,1274,58,0.984,0,93.8,1,0
BUYER-02840,LOW_RISK,1311,71,0.953,0,94.3,1,0
BUYER-02841,LOW_RISK,1604,26,0.971,0,88.8,1,0
BUYER-02842,LOW_RISK,462,24,0.972,0,96.4,1,0
BUYER-02843,MEDIUM_RISK,406,14,0.827,0,65.5,1,0
BUYER-02844,HIGH_RISK,44,5,0.644,1,42.0,1,0
BUYER-02845,LOW_RISK,645,62,0.987,0,96.2,1,0
BUYER-02846,LOW_RISK,1278,15,1.0,0,82.2,1,0
BUYER-02847,LOW_RISK,1654,41,0.991,0,83.2,1,0
BUYER-02848,LOW_RISK,439,66,0.959,0,82.7,1,0
BUYER-02849,LOW_RISK,896,41,1.0,0,84.1,1,0
BUYER-02850,LOW_RISK,994,71,0.983,0,92.5,1,0
BUYER-02851,LOW_RISK,336,42,0.997,0,85.3,1,0
BUYER-02852,LOW_RISK,1624,55,0.995,0,95.7,1,0
BUYER-02853,LOW_RISK,1088,48,0.997,0,94.5,1,0
BUYER-02854,MEDIUM_RISK,329,23,0.834,0,76.4,1,0
BUYER-02855,LOW_RISK,833,79,0.975,0,82.9,1,0
BUYER-02856,LOW_RISK,1021,72,0.964,0,85.3,1,0
BUYER-02857,LOW_RISK,460,76,0.962,0,93.9,1,0
BUYER-02858,LOW_RISK,611,25,0.969,0,95.1,1,1
BUYER-02859,LOW_RISK,470,14,0.999,0,93.2,1,0
BUYER-02860,LOW_RISK,1511,68,0.998,0,82.3,1,0
BUYER-02861,MEDIUM_RISK,64,11,0.839,0,64.2,1,0
BUYER-02862,LOW_RISK,353,17,0.964,0,91.8,1,0
BUYER-02863,HIGH_RISK,268,2,0.764,1,38.5,1,0
BUYER-02864,LOW_RISK,270,38,0.96,0,85.0,1,0
BUYER-02865,LOW_RISK,1062,78,0.953,0,86.9,1,0
BUYER-02866,LOW_RISK,1289,54,0.997,0,96.6,1,0
BUYER-02867,LOW_RISK,1725,53,0.996,0,96.5,1,0
BUYER-02868,LOW_RISK,1722,37,0.988,0,87.5,1,0
BUYER-02869,LOW_RISK,1452,65,0.993,0,94.5,1,0
BUYER-02870,LOW_RISK,1686,17,0.99,0,90.9,1,0
BUYER-02871,MEDIUM_RISK,324,20,0.865,1,68.7,1,1
BUYER-02872,HIGH_RISK,305,14,0.699,1,34.8,0,1
BUYER-02873,MEDIUM_RISK,420,17,0.904,0,77.2,0,0
BUYER-02874,LOW_RISK,450,11,0.964,0,92.9,1,0
BUYER-02875,LOW_RISK,741,20,1.0,0,94.3,1,0
BUYER-02876,LOW_RISK,785,53,0.979,0,82.6,1,0
BUYER-02877,LOW_RISK,741,56,0.963,0,86.0,1,0
BUYER-02878,LOW_RISK,1517,11,0.956,0,91.1,1,0
BUYER-02879,LOW_RISK,837,43,0.992,0,89.1,1,0
BUYER-02880,LOW_RISK,215,66,0.95,0,82.6,1,0
BUYER-02881,LOW_RISK,914,71,0.982,0,90.9,1,0
BUYER-02882,MEDIUM_RISK,448,4,0.881,0,56.9,1,1
BUYER-02883,LOW_RISK,1429,80,0.966,0,83.0,1,0
BUYER-02884,LOW_RISK,548,43,0.988,0,86.4,1,0
BUYER-02885,LOW_RISK,1193,26,0.961,0,84.8,1,0
BUYER-02886,HIGH_RISK,331,12,0.609,1,33.9,1,0
BUYER-02887,LOW_RISK,258,33,0.984,0,95.8,1,0
BUYER-02888,LOW_RISK,1367,50,0.952,0,93.5,1,1
BUYER-02889,LOW_RISK,304,43,0.999,0,82.3,1,0
BUYER-02890,MEDIUM_RISK,391,20,0.901,0,69.4,1,0
BUYER-02891,LOW_RISK,896,23,0.954,0,89.1,1,0
BUYER-02892,LOW_RISK,1226,19,0.962,0,87.2,1,1
BUYER-02893,LOW_RISK,940,63,0.954,0,88.8,1,0
BUYER-02894,LOW_RISK,759,28,0.951,0,91.7,1,0
BUYER-02895,LOW_RISK,917,52,0.999,0,96.4,1,0
BUYER-02896,MEDIUM_RISK,413,18,0.932,0,62.1,1,0
BUYER-02897,LOW_RISK,243,30,0.968,0,86.7,1,0
BUYER-02898,LOW_RISK,487,13,0.955,0,85.4,1,0
BUYER-02899,LOW_RISK,821,75,0.986,0,93.9,1,0
BUYER-02900,LOW_RISK,1784,54,0.997,0,88.1,1,0
BUYER-02901,LOW_RISK,1373,14,0.983,0,84.4,1,0
BUYER-02902,LOW_RISK,1741,20,0.998,0,97.3,1,0
BUYER-02903,LOW_RISK,639,74,1.0,0,92.1,1,0
BUYER-02904,LOW_RISK,1683,63,0.977,0,83.9,1,0
BUYER-02905,LOW_RISK,1260,16,0.98,0,92.5,1,0
BUYER-02906,LOW_RISK,1245,66,0.966,0,85.1,1,0
BUYER-02907,HIGH_RISK,309,6,0.773,2,37.6,1,1
BUYER-02908,LOW_RISK,1752,56,0.962,0,87.0,1,0
BUYER-02909,LOW_RISK,416,40,0.972,0,97.3,1,0
BUYER-02910,LOW_RISK,1019,56,0.954,0,91.0,1,1
BUYER-02911,LOW_RISK,336,56,0.983,0,91.7,1,0
BUYER-02912,LOW_RISK,1099,63,0.961,0,95.2,1,0
BUYER-02913,LOW_RISK,436,78,0.962,0,96.5,1,0
BUYER-02914,HIGH_RISK,360,11,0.727,1,42.3,1,0
BUYER-02915,LOW_RISK,767,53,0.966,0,83.3,1,0
BUYER-02916,LOW_RISK,1042,74,0.999,0,91.2,1,0
BUYER-02917,LOW_RISK,1475,35,0.995,0,96.0,1,0
BUYER-02918,MEDIUM_RISK,45,8,0.817,0,61.3,1,0
BUYER-02919,LOW_RISK,1315,70,0.987,0,84.0,1,0
BUYER-02920,LOW_RISK,249,65,0.951,0,84.7,1,0
BUYER-02921,LOW_RISK,329,26,0.976,0,90.5,1,0
BUYER-02922,LOW_RISK,974,64,0.968,0,88.4,1,0
BUYER-02923,LOW_RISK,1320,40,0.986,0,83.9,1,1
BUYER-02924,LOW_RISK,869,23,1.0,0,82.7,1,0
BUYER-02925,LOW_RISK,1692,55,0.997,0,96.6,1,0
BUYER-02926,MEDIUM_RISK,675,17,0.904,0,65.5,0,0
BUYER-02927,LOW_RISK,1731,71,0.985,0,93.7,1,0
BUYER-02928,REPEATED_HIGH_RISK,157,10,0.232,3,19.9,1,1
BUYER-02929,LOW_RISK,937,68,0.969,0,89.0,1,0
BUYER-02930,LOW_RISK,1221,45,0.997,0,83.6,1,0
BUYER-02931,LOW_RISK,788,73,0.967,0,91.0,1,0
BUYER-02932,LOW_RISK,1255,75,0.992,0,88.8,1,0
BUYER-02933,LOW_RISK,841,59,0.966,0,84.9,1,0
BUYER-02934,LOW_RISK,473,15,0.991,0,93.8,1,0
BUYER-02935,LOW_RISK,1677,36,0.972,0,86.5,1,1
BUYER-02936,LOW_RISK,1440,50,0.955,0,86.6,1,0
BUYER-02937,LOW_RISK,422,46,0.964,0,89.0,1,0
BUYER-02938,LOW_RISK,526,46,0.997,0,86.2,1,0
BUYER-02939,HIGH_RISK,325,14,0.62,2,35.9,1,1
BUYER-02940,LOW_RISK,750,28,0.955,0,90.8,1,0
BUYER-02941,LOW_RISK,1221,31,0.951,0,96.4,1,0
BUYER-02942,LOW_RISK,1285,78,0.99,0,82.1,1,0
BUYER-02943,LOW_RISK,232,57,0.96,0,97.1,1,0
BUYER-02944,LOW_RISK,1349,64,0.987,0,90.3,1,0
BUYER-02945,LOW_RISK,1109,47,0.996,0,93.5,1,0
BUYER-02946,LOW_RISK,425,66,0.994,0,89.9,1,0
BUYER-02947,LOW_RISK,357,27,1.0,0,93.7,1,0
BUYER-02948,LOW_RISK,418,55,0.99,0,93.9,1,0
BUYER-02949,LOW_RISK,635,19,0.966,0,90.1,1,0
BUYER-02950,MEDIUM_RISK,312,17,0.888,0,67.3,1,0
BUYER-02951,MEDIUM_RISK,105,25,0.896,0,76.4,1,0
BUYER-02952,LOW_RISK,258,65,0.955,0,93.3,1,0
BUYER-02953,LOW_RISK,1247,50,0.96,0,90.9,1,0
BUYER-02954,LOW_RISK,1462,14,0.997,0,92.0,1,0
BUYER-02955,MEDIUM_RISK,281,7,0.882,0,75.9,1,0
BUYER-02956,LOW_RISK,630,35,0.963,0,84.4,1,1
BUYER-02957,LOW_RISK,563,73,0.964,0,85.2,1,0
BUYER-02958,MEDIUM_RISK,120,19,0.92,0,73.0,1,0
BUYER-02959,LOW_RISK,186,65,0.953,0,90.9,1,0
BUYER-02960,LOW_RISK,607,32,0.952,0,93.0,1,0
BUYER-02961,LOW_RISK,1436,58,0.982,0,85.8,1,0
BUYER-02962,LOW_RISK,894,71,0.977,0,97.3,1,0
BUYER-02963,LOW_RISK,794,39,0.994,0,92.7,1,0
BUYER-02964,HIGH_RISK,265,14,0.72,1,42.2,0,0
BUYER-02965,MEDIUM_RISK,586,18,0.841,0,60.3,1,0
BUYER-02966,LOW_RISK,1726,46,0.971,0,89.2,1,0
BUYER-02967,LOW_RISK,686,64,0.956,0,89.4,1,0
BUYER-02968,LOW_RISK,833,24,0.967,0,88.4,1,0
BUYER-02969,HIGH_RISK,80,14,0.768,2,46.3,0,0
BUYER-02970,LOW_RISK,1181,62,0.984,0,82.5,1,1
BUYER-02971,LOW_RISK,728,74,0.961,0,95.6,1,0
BUYER-02972,LOW_RISK,1017,17,0.978,0,87.2,1,0
BUYER-02973,LOW_RISK,1562,50,0.971,0,94.9,1,0
BUYER-02974,LOW_RISK,1050,61,0.963,0,82.9,1,0
BUYER-02975,LOW_RISK,1174,38,0.967,0,95.1,1,0
BUYER-02976,LOW_RISK,811,67,0.97,0,91.2,1,0
BUYER-02977,MEDIUM_RISK,200,20,0.829,0,70.0,1,1
BUYER-02978,LOW_RISK,1436,52,0.956,0,90.6,1,0
BUYER-02979,LOW_RISK,1659,12,0.99,0,83.4,1,0
BUYER-02980,HIGH_RISK,185,7,0.746,1,41.4,1,1
BUYER-02981,LOW_RISK,1521,16,0.976,0,87.8,1,0
BUYER-02982,LOW_RISK,586,30,0.992,0,88.3,1,0
BUYER-02983,LOW_RISK,1650,39,0.965,0,84.6,1,0
BUYER-02984,LOW_RISK,945,52,0.971,0,90.8,1,0
BUYER-02985,LOW_RISK,689,11,0.952,0,82.3,1,0
BUYER-02986,HIGH_RISK,284,3,0.695,2,45.5,1,1
BUYER-02987,LOW_RISK,266,30,0.964,0,82.4,1,0
BUYER-02988,LOW_RISK,1473,41,0.952,0,94.0,1,0
BUYER-02989,LOW_RISK,1785,58,0.983,0,84.1,1,0
BUYER-02990,MEDIUM_RISK,306,5,0.811,0,67.1,0,0
BUYER-02991,LOW_RISK,1620,63,0.951,0,93.9,1,0
BUYER-02992,LOW_RISK,1289,29,0.955,0,91.4,1,0
BUYER-02993,LOW_RISK,981,34,0.992,0,95.7,1,0
BUYER-02994,LOW_RISK,1787,51,0.971,0,93.9,1,1
BUYER-02995,LOW_RISK,798,45,0.973,0,83.6,1,0
BUYER-02996,MEDIUM_RISK,620,18,0.853,0,65.3,1,0
BUYER-02997,LOW_RISK,635,62,0.978,0,89.7,1,0
BUYER-02998,LOW_RISK,1619,78,0.975,0,88.1,1,0
BUYER-02999,LOW_RISK,1197,60,0.998,0,94.2,1,0
BUYER-03000,MEDIUM_RISK,140,17,0.831,0,78.4,0,0
BUYER-03001,LOW_RISK,993,39,0.972,0,89.6,1,0
BUYER-03002,LOW_RISK,403,49,0.967,0,95.0,1,1
BUYER-03003,LOW_RISK,351,22,0.978,0,85.3,1,0
BUYER-03004,LOW_RISK,1183,41,0.954,0,88.5,1,1
BUYER-03005,LOW_RISK,1149,76,0.986,0,91.1,1,1
BUYER-03006,MEDIUM_RISK,268,4,0.907,0,61.0,1,0
BUYER-03007,MEDIUM_RISK,348,13,0.917,0,55.9,1,0
BUYER-03008,LOW_RISK,1591,62,0.994,0,86.3,1,0
BUYER-03009,LOW_RISK,608,72,0.977,0,87.0,1,0
BUYER-03010,LOW_RISK,1515,40,0.966,0,93.3,1,0
BUYER-03011,LOW_RISK,1233,20,0.996,0,88.8,1,0
BUYER-03012,LOW_RISK,338,58,0.956,0,82.2,1,0
BUYER-03013,LOW_RISK,1244,25,0.958,0,89.0,1,0
BUYER-03014,LOW_RISK,412,14,0.994,0,89.9,1,0
BUYER-03015,LOW_RISK,1462,77,0.974,0,94.0,1,0
BUYER-03016,LOW_RISK,1300,63,0.97,0,86.7,1,0
BUYER-03017,LOW_RISK,1071,47,0.986,0,96.1,1,0
BUYER-03018,LOW_RISK,735,76,0.966,0,96.2,1,0
BUYER-03019,LOW_RISK,1334,31,0.957,0,90.4,1,0
BUYER-03020,LOW_RISK,598,57,0.976,0,86.0,1,0
BUYER-03021,LOW_RISK,1127,36,0.997,0,96.8,1,0
BUYER-03022,LOW_RISK,1654,27,0.958,0,93.4,1,0
BUYER-03023,LOW_RISK,1150,11,0.966,0,84.9,1,0
BUYER-03024,LOW_RISK,1143,18,1.0,0,82.1,1,0
BUYER-03025,LOW_RISK,1616,34,0.96,0,83.5,1,0
BUYER-03026,LOW_RISK,1119,52,0.955,0,92.0,1,0
BUYER-03027,HIGH_RISK,319,4,0.613,2,42.8,0,0
BUYER-03028,LOW_RISK,642,54,0.981,0,96.8,1,0
BUYER-03029,LOW_RISK,742,46,0.991,0,95.9,1,0
BUYER-03030,LOW_RISK,1376,49,0.968,0,94.3,1,0
BUYER-03031,LOW_RISK,701,79,0.982,0,85.2,1,0
BUYER-03032,LOW_RISK,1393,29,0.955,0,85.5,1,0
BUYER-03033,LOW_RISK,545,43,0.978,0,84.0,1,0
BUYER-03034,LOW_RISK,1249,59,0.967,0,94.4,1,0
BUYER-03035,LOW_RISK,1392,45,0.998,0,93.8,1,0
BUYER-03036,LOW_RISK,1441,70,0.96,0,82.0,1,0
BUYER-03037,LOW_RISK,654,37,0.955,0,94.9,1,1
BUYER-03038,REPEATED_HIGH_RISK,44,4,0.263,3,14.5,1,0
BUYER-03039,LOW_RISK,286,27,0.976,0,89.0,1,0
BUYER-03040,LOW_RISK,1541,70,0.966,0,90.0,1,0
BUYER-03041,LOW_RISK,420,40,0.978,0,88.0,1,0
BUYER-03042,HIGH_RISK,212,13,0.69,1,37.3,1,1
BUYER-03043,LOW_RISK,1249,50,0.977,0,96.1,1,0
BUYER-03044,LOW_RISK,618,31,0.997,0,95.3,1,0
BUYER-03045,LOW_RISK,1636,28,0.992,0,91.0,1,0
BUYER-03046,LOW_RISK,1183,42,0.984,0,90.9,1,0
BUYER-03047,LOW_RISK,1071,54,0.959,0,95.9,1,0
BUYER-03048,LOW_RISK,1134,54,0.986,0,85.4,1,0
BUYER-03049,LOW_RISK,1326,34,0.969,0,84.9,1,1
BUYER-03050,LOW_RISK,1711,11,0.96,0,87.8,1,0
BUYER-03051,LOW_RISK,579,10,0.979,0,87.3,1,0
BUYER-03052,LOW_RISK,935,42,0.975,0,82.2,1,0
BUYER-03053,LOW_RISK,739,14,0.982,0,92.3,1,0
BUYER-03054,LOW_RISK,995,15,1.0,0,93.3,1,0
BUYER-03055,LOW_RISK,741,17,0.999,0,95.2,1,0
BUYER-03056,HIGH_RISK,256,11,0.72,1,40.3,1,0
BUYER-03057,LOW_RISK,1149,79,0.99,0,82.6,1,0
BUYER-03058,LOW_RISK,239,29,0.985,0,84.8,1,1
BUYER-03059,LOW_RISK,449,20,0.971,0,95.5,1,0
BUYER-03060,HIGH_RISK,43,9,0.721,2,33.1,1,1
BUYER-03061,LOW_RISK,379,79,0.964,0,95.6,1,0
BUYER-03062,LOW_RISK,1521,12,0.967,0,92.8,1,1
BUYER-03063,LOW_RISK,828,31,0.995,0,91.4,1,0
BUYER-03064,LOW_RISK,930,76,0.951,0,92.6,1,0
BUYER-03065,LOW_RISK,1032,17,0.953,0,95.2,1,0
BUYER-03066,LOW_RISK,1207,28,0.986,0,83.3,1,0
BUYER-03067,LOW_RISK,1088,15,0.964,0,85.2,1,0
BUYER-03068,HIGH_RISK,273,8,0.633,2,44.7,1,0
BUYER-03069,LOW_RISK,186,49,0.964,0,87.6,1,0
BUYER-03070,LOW_RISK,879,69,0.978,0,93.1,1,0
BUYER-03071,LOW_RISK,1339,69,0.954,0,96.7,1,0
BUYER-03072,LOW_RISK,553,21,0.959,0,91.5,1,0
BUYER-03073,LOW_RISK,221,31,0.989,0,85.5,1,0
BUYER-03074,LOW_RISK,947,68,0.954,0,93.6,1,0
BUYER-03075,LOW_RISK,685,49,0.992,0,92.3,1,0
BUYER-03076,MEDIUM_RISK,225,7,0.843,0,64.1,1,0
BUYER-03077,HIGH_RISK,161,4,0.653,1,41.6,1,0
BUYER-03078,LOW_RISK,1027,38,0.992,0,86.4,1,0
BUYER-03079,LOW_RISK,588,32,0.999,0,86.1,1,0
BUYER-03080,HIGH_RISK,240,6,0.618,2,38.0,0,1
BUYER-03081,LOW_RISK,924,54,0.989,0,90.4,1,1
BUYER-03082,MEDIUM_RISK,676,24,0.916,0,55.9,1,0
BUYER-03083,LOW_RISK,1378,59,0.958,0,91.1,1,0
BUYER-03084,LOW_RISK,1618,65,0.967,0,95.0,1,0
BUYER-03085,LOW_RISK,771,36,0.967,0,97.5,1,0
BUYER-03086,LOW_RISK,1309,44,0.955,0,94.4,1,0
BUYER-03087,LOW_RISK,708,37,0.973,0,82.5,1,0
BUYER-03088,LOW_RISK,416,76,0.983,0,85.0,1,0
BUYER-03089,LOW_RISK,466,69,0.979,0,88.0,1,0
BUYER-03090,LOW_RISK,953,14,0.966,0,83.7,1,0
BUYER-03091,LOW_RISK,914,11,0.958,0,89.6,1,0
BUYER-03092,HIGH_RISK,187,12,0.772,1,35.2,0,1
BUYER-03093,LOW_RISK,913,49,0.958,0,90.7,1,0
BUYER-03094,MEDIUM_RISK,52,17,0.913,0,66.0,1,0
BUYER-03095,LOW_RISK,1359,65,0.987,0,89.6,1,0
BUYER-03096,LOW_RISK,678,42,0.986,0,91.6,1,0
BUYER-03097,HIGH_RISK,262,12,0.676,2,32.7,1,0
BUYER-03098,LOW_RISK,659,74,0.955,0,88.8,1,0
BUYER-03099,LOW_RISK,731,61,0.98,0,84.6,1,0
BUYER-03100,LOW_RISK,520,48,0.994,0,97.4,1,1
BUYER-03101,LOW_RISK,1253,35,0.998,0,91.1,1,0
BUYER-03102,LOW_RISK,465,26,0.983,0,94.6,1,0
BUYER-03103,MEDIUM_RISK,85,5,0.843,1,73.4,1,0
BUYER-03104,LOW_RISK,888,68,0.97,0,89.4,1,0
BUYER-03105,LOW_RISK,1528,28,0.96,0,84.8,1,1
BUYER-03106,LOW_RISK,809,20,0.959,0,95.7,1,0
BUYER-03107,LOW_RISK,1074,21,0.986,0,84.5,1,0
BUYER-03108,LOW_RISK,1317,57,0.95,0,84.5,1,0
BUYER-03109,LOW_RISK,384,70,0.977,0,88.3,1,0
BUYER-03110,LOW_RISK,615,70,0.983,0,95.3,1,0
BUYER-03111,LOW_RISK,1626,41,0.988,0,83.5,1,0
BUYER-03112,LOW_RISK,443,50,0.988,0,84.1,1,0
BUYER-03113,LOW_RISK,1763,51,0.995,0,95.1,1,0
BUYER-03114,LOW_RISK,1675,64,0.98,0,90.5,1,0
BUYER-03115,LOW_RISK,890,72,0.983,0,97.5,1,0
BUYER-03116,MEDIUM_RISK,57,10,0.924,0,59.3,1,0
BUYER-03117,LOW_RISK,661,57,0.968,0,90.0,1,0
BUYER-03118,LOW_RISK,183,60,0.996,0,92.3,1,0
BUYER-03119,LOW_RISK,462,73,0.959,0,85.4,1,0
BUYER-03120,LOW_RISK,1071,21,0.967,0,92.5,1,1
BUYER-03121,LOW_RISK,1051,29,0.964,0,88.2,1,0
BUYER-03122,LOW_RISK,1164,14,0.963,0,97.3,1,0
BUYER-03123,LOW_RISK,547,30,0.97,0,90.3,1,0
BUYER-03124,LOW_RISK,397,69,0.99,0,87.5,1,0
BUYER-03125,LOW_RISK,1680,22,0.983,0,88.5,1,0
BUYER-03126,LOW_RISK,205,30,0.966,0,91.2,1,1
BUYER-03127,LOW_RISK,966,68,0.951,0,92.5,1,1
BUYER-03128,LOW_RISK,1552,61,0.971,0,82.9,1,0
BUYER-03129,HIGH_RISK,232,6,0.741,1,34.0,1,0
BUYER-03130,MEDIUM_RISK,491,19,0.852,0,66.4,1,1
BUYER-03131,LOW_RISK,866,78,0.999,0,83.8,1,0
BUYER-03132,MEDIUM_RISK,213,16,0.874,0,64.2,1,0
BUYER-03133,MEDIUM_RISK,111,7,0.801,0,77.8,0,0
BUYER-03134,LOW_RISK,1629,43,0.96,0,95.0,1,0
BUYER-03135,LOW_RISK,1670,68,0.972,0,89.4,1,0
BUYER-03136,LOW_RISK,261,25,0.993,0,89.4,1,0
BUYER-03137,LOW_RISK,282,57,0.963,0,87.4,1,1
BUYER-03138,LOW_RISK,786,13,0.977,0,84.9,1,0
BUYER-03139,LOW_RISK,910,63,0.951,0,87.2,1,1
BUYER-03140,LOW_RISK,1482,14,0.98,0,87.7,1,0
BUYER-03141,LOW_RISK,254,78,0.987,0,86.0,1,0
BUYER-03142,MEDIUM_RISK,116,20,0.813,0,72.4,1,0
BUYER-03143,LOW_RISK,1476,73,0.972,0,86.4,1,0
BUYER-03144,LOW_RISK,1118,41,0.996,0,96.5,1,0
BUYER-03145,LOW_RISK,1680,77,0.978,0,82.7,1,0
BUYER-03146,LOW_RISK,848,57,0.952,0,91.7,1,1
BUYER-03147,MEDIUM_RISK,683,6,0.853,1,78.5,1,1
BUYER-03148,LOW_RISK,341,53,0.996,0,94.0,1,0
BUYER-03149,LOW_RISK,1045,61,0.951,0,97.2,1,0
BUYER-03150,LOW_RISK,706,20,0.992,0,88.9,1,0
BUYER-03151,LOW_RISK,418,34,0.979,0,97.9,1,1
BUYER-03152,LOW_RISK,1440,75,0.977,0,94.7,1,0
BUYER-03153,LOW_RISK,1601,16,0.969,0,89.6,1,0
BUYER-03154,LOW_RISK,1737,65,0.964,0,93.0,1,0
BUYER-03155,LOW_RISK,560,45,0.975,0,82.7,1,0
BUYER-03156,LOW_RISK,996,33,0.984,0,86.4,1,0
BUYER-03157,MEDIUM_RISK,446,9,0.803,0,64.9,1,1
BUYER-03158,LOW_RISK,445,45,0.963,0,91.6,1,0
BUYER-03159,MEDIUM_RISK,680,13,0.814,1,60.4,1,0
BUYER-03160,LOW_RISK,1632,51,0.961,0,91.8,1,0
BUYER-03161,LOW_RISK,1671,68,0.979,0,92.2,1,0
BUYER-03162,LOW_RISK,853,79,0.969,0,96.9,1,1
BUYER-03163,LOW_RISK,205,53,0.967,0,87.5,1,0
BUYER-03164,LOW_RISK,1090,29,0.973,0,93.9,1,0
BUYER-03165,LOW_RISK,611,78,0.985,0,92.8,1,0
BUYER-03166,LOW_RISK,703,61,0.952,0,95.6,1,0
BUYER-03167,MEDIUM_RISK,110,23,0.868,0,78.6,1,0
BUYER-03168,LOW_RISK,350,36,0.987,0,90.5,1,0
BUYER-03169,LOW_RISK,802,47,0.988,0,89.2,1,0
BUYER-03170,LOW_RISK,1137,13,0.958,0,91.4,1,0
BUYER-03171,LOW_RISK,1458,55,0.978,0,88.6,1,0
BUYER-03172,LOW_RISK,1746,12,0.988,0,86.5,1,1
BUYER-03173,LOW_RISK,1703,72,0.999,0,88.0,1,0
BUYER-03174,LOW_RISK,1280,26,0.969,0,97.2,1,0
BUYER-03175,LOW_RISK,432,22,0.97,0,85.4,1,0
BUYER-03176,LOW_RISK,406,47,0.959,0,84.5,1,0
BUYER-03177,LOW_RISK,1772,61,0.978,0,87.6,1,0
BUYER-03178,MEDIUM_RISK,252,16,0.926,0,61.7,1,0
BUYER-03179,LOW_RISK,1757,56,0.982,0,92.6,1,0
BUYER-03180,LOW_RISK,1586,50,0.975,0,90.5,1,0
BUYER-03181,LOW_RISK,641,61,0.975,0,89.4,1,0
BUYER-03182,LOW_RISK,1100,30,0.996,0,84.8,1,0
BUYER-03183,LOW_RISK,770,10,0.977,0,87.3,1,0
BUYER-03184,LOW_RISK,1130,32,0.984,0,83.6,1,0
BUYER-03185,LOW_RISK,1368,63,0.999,0,88.6,1,0
BUYER-03186,LOW_RISK,1483,13,0.981,0,84.2,1,0
BUYER-03187,LOW_RISK,1449,74,1.0,0,91.6,1,0
BUYER-03188,LOW_RISK,1679,62,0.997,0,87.2,1,1
BUYER-03189,MEDIUM_RISK,285,8,0.88,0,66.3,1,0
BUYER-03190,LOW_RISK,366,57,0.951,0,91.6,1,0
BUYER-03191,LOW_RISK,1797,59,0.978,0,95.8,1,0
BUYER-03192,MEDIUM_RISK,195,17,0.852,1,76.0,0,0
BUYER-03193,HIGH_RISK,104,9,0.778,1,47.7,0,1
BUYER-03194,LOW_RISK,840,26,0.965,0,96.3,1,0
BUYER-03195,LOW_RISK,603,69,0.973,0,92.9,1,0
BUYER-03196,LOW_RISK,1088,40,0.99,0,97.6,1,0
BUYER-03197,HIGH_RISK,271,12,0.621,1,42.3,0,1
BUYER-03198,MEDIUM_RISK,369,8,0.834,0,72.3,1,0
BUYER-03199,LOW_RISK,323,10,0.987,0,92.9,1,0
BUYER-03200,LOW_RISK,1012,76,1.0,0,95.8,1,0
BUYER-03201,LOW_RISK,324,63,0.998,0,96.1,1,0
BUYER-03202,LOW_RISK,1280,25,0.986,0,91.7,1,0
BUYER-03203,LOW_RISK,1273,13,0.972,0,95.2,1,0
BUYER-03204,MEDIUM_RISK,91,12,0.914,1,74.9,1,0
BUYER-03205,LOW_RISK,1665,15,0.968,0,93.5,1,0
BUYER-03206,MEDIUM_RISK,553,23,0.891,0,65.3,0,0
BUYER-03207,MEDIUM_RISK,157,6,0.82,0,61.3,1,0
BUYER-03208,LOW_RISK,1367,24,0.986,0,87.9,1,0
BUYER-03209,LOW_RISK,1524,53,0.957,0,85.9,1,0
BUYER-03210,LOW_RISK,1168,36,0.963,0,87.3,1,0
BUYER-03211,LOW_RISK,1600,19,0.973,0,93.3,1,0
BUYER-03212,LOW_RISK,1721,41,0.988,0,87.5,1,0
BUYER-03213,LOW_RISK,1591,66,0.967,0,89.2,1,0
BUYER-03214,LOW_RISK,708,45,0.98,0,94.2,1,0
BUYER-03215,LOW_RISK,483,76,0.964,0,85.5,1,0
BUYER-03216,LOW_RISK,939,56,0.986,0,86.9,1,0
BUYER-03217,LOW_RISK,1646,30,0.978,0,86.9,1,0
BUYER-03218,LOW_RISK,1640,66,0.984,0,84.5,1,0
BUYER-03219,LOW_RISK,1603,26,0.957,0,86.7,1,0
BUYER-03220,LOW_RISK,966,42,0.982,0,82.4,1,0
BUYER-03221,LOW_RISK,613,48,0.957,0,82.2,1,0
BUYER-03222,LOW_RISK,925,75,0.987,0,97.9,1,0
BUYER-03223,LOW_RISK,1011,71,0.981,0,84.7,1,0
BUYER-03224,LOW_RISK,884,29,0.979,0,90.0,1,0
BUYER-03225,LOW_RISK,1251,57,0.969,0,96.8,1,0
BUYER-03226,MEDIUM_RISK,693,8,0.922,0,66.6,1,1
BUYER-03227,LOW_RISK,1171,58,0.951,0,97.2,1,0
BUYER-03228,LOW_RISK,881,38,0.965,0,85.6,1,0
BUYER-03229,LOW_RISK,749,25,0.982,0,87.7,1,0
BUYER-03230,LOW_RISK,1120,11,0.992,0,95.5,1,0
BUYER-03231,LOW_RISK,1783,77,0.995,0,93.9,1,0
BUYER-03232,LOW_RISK,924,14,0.97,0,83.6,1,0
BUYER-03233,LOW_RISK,854,74,0.953,0,90.9,1,0
BUYER-03234,LOW_RISK,1275,78,0.994,0,97.5,1,0
BUYER-03235,LOW_RISK,294,67,0.978,0,86.0,1,0
BUYER-03236,LOW_RISK,704,33,0.984,0,92.4,1,0
BUYER-03237,LOW_RISK,681,39,0.984,0,89.3,1,1
BUYER-03238,HIGH_RISK,35,11,0.65,2,36.7,0,0
BUYER-03239,LOW_RISK,1701,34,0.987,0,96.7,1,0
BUYER-03240,LOW_RISK,451,76,0.965,0,85.3,1,0
BUYER-03241,LOW_RISK,679,71,0.973,0,90.6,1,0
BUYER-03242,LOW_RISK,1780,16,0.966,0,92.1,1,1
BUYER-03243,LOW_RISK,582,71,0.956,0,83.3,1,0
BUYER-03244,LOW_RISK,584,22,0.977,0,85.4,1,0
BUYER-03245,LOW_RISK,1177,48,0.978,0,91.3,1,0
BUYER-03246,LOW_RISK,408,66,0.989,0,85.1,1,1
BUYER-03247,LOW_RISK,1480,68,1.0,0,86.0,1,0
BUYER-03248,LOW_RISK,1013,44,0.975,0,84.8,1,1
BUYER-03249,MEDIUM_RISK,549,18,0.872,0,77.8,1,0
BUYER-03250,LOW_RISK,793,43,0.993,0,86.0,1,0
BUYER-03251,LOW_RISK,743,74,0.965,0,89.0,1,0
BUYER-03252,LOW_RISK,1729,33,0.974,0,87.1,1,0
BUYER-03253,LOW_RISK,1223,70,0.975,0,84.9,1,0
BUYER-03254,LOW_RISK,1737,65,0.984,0,83.5,1,0
BUYER-03255,LOW_RISK,1087,53,0.982,0,90.6,1,0
BUYER-03256,LOW_RISK,554,34,0.989,0,94.2,1,0
BUYER-03257,LOW_RISK,616,49,0.975,0,87.1,1,0
BUYER-03258,LOW_RISK,1266,70,0.955,0,86.8,1,0
BUYER-03259,LOW_RISK,1428,36,0.979,0,84.5,1,0
BUYER-03260,MEDIUM_RISK,190,9,0.907,0,73.9,1,0
BUYER-03261,LOW_RISK,503,30,0.966,0,90.3,1,0
BUYER-03262,LOW_RISK,1150,63,0.989,0,86.3,1,1
BUYER-03263,LOW_RISK,718,70,0.997,0,95.4,1,0
BUYER-03264,LOW_RISK,939,28,0.965,0,93.6,1,1
BUYER-03265,LOW_RISK,1706,50,0.972,0,88.8,1,0
BUYER-03266,LOW_RISK,985,63,0.95,0,97.0,1,0
BUYER-03267,LOW_RISK,293,62,0.968,0,94.9,1,0
BUYER-03268,LOW_RISK,1115,45,0.951,0,93.3,1,0
BUYER-03269,LOW_RISK,607,42,0.965,0,88.0,1,0
BUYER-03270,LOW_RISK,839,64,0.99,0,87.2,1,0
BUYER-03271,LOW_RISK,1326,35,0.99,0,91.9,1,0
BUYER-03272,LOW_RISK,1081,45,0.955,0,85.9,1,0
BUYER-03273,LOW_RISK,846,71,0.997,0,91.5,1,0
BUYER-03274,LOW_RISK,274,59,0.984,0,96.5,1,0
BUYER-03275,MEDIUM_RISK,528,10,0.839,0,69.6,1,0
BUYER-03276,MEDIUM_RISK,414,4,0.814,0,70.4,1,0
BUYER-03277,MEDIUM_RISK,312,20,0.852,0,77.2,1,0
BUYER-03278,LOW_RISK,407,70,0.957,0,94.0,1,0
BUYER-03279,LOW_RISK,844,62,0.991,0,96.0,1,0
BUYER-03280,LOW_RISK,1387,48,0.979,0,91.0,1,0
BUYER-03281,LOW_RISK,1077,41,0.966,0,90.7,1,0
BUYER-03282,LOW_RISK,1533,43,0.978,0,95.1,1,1
BUYER-03283,MEDIUM_RISK,52,7,0.908,0,56.6,1,0
BUYER-03284,MEDIUM_RISK,351,14,0.927,0,65.7,1,0
BUYER-03285,LOW_RISK,619,33,0.966,0,85.6,1,0
BUYER-03286,LOW_RISK,921,52,0.96,0,97.5,1,0
BUYER-03287,LOW_RISK,710,42,0.98,0,96.9,1,0
BUYER-03288,LOW_RISK,467,25,0.982,0,88.8,1,0
BUYER-03289,MEDIUM_RISK,528,4,0.916,0,56.4,1,0
BUYER-03290,LOW_RISK,1229,57,0.951,0,89.0,1,0
BUYER-03291,LOW_RISK,245,74,0.994,0,87.2,1,0
BUYER-03292,MEDIUM_RISK,581,18,0.84,0,63.0,1,1
BUYER-03293,LOW_RISK,317,19,0.978,0,97.6,1,0
BUYER-03294,LOW_RISK,1778,24,0.977,0,94.8,1,1
BUYER-03295,HIGH_RISK,59,11,0.775,1,42.4,0,0
BUYER-03296,LOW_RISK,570,19,0.988,0,88.9,1,0
BUYER-03297,LOW_RISK,747,69,0.973,0,96.1,1,0
BUYER-03298,LOW_RISK,1693,29,0.983,0,83.2,1,0
BUYER-03299,LOW_RISK,1506,53,0.973,0,94.5,1,0
BUYER-03300,LOW_RISK,1694,65,0.994,0,88.4,1,0
BUYER-03301,LOW_RISK,781,10,0.981,0,88.2,1,0
BUYER-03302,REPEATED_HIGH_RISK,9,5,0.323,4,13.2,0,0
BUYER-03303,LOW_RISK,636,51,0.977,0,92.5,1,0
BUYER-03304,LOW_RISK,590,55,0.995,0,93.4,1,0
BUYER-03305,LOW_RISK,1361,29,0.959,0,84.4,1,0
BUYER-03306,LOW_RISK,811,33,0.955,0,90.5,1,0
BUYER-03307,LOW_RISK,260,26,0.977,0,97.3,1,0
BUYER-03308,LOW_RISK,850,50,0.996,0,92.5,1,1
BUYER-03309,LOW_RISK,593,48,0.958,0,97.9,1,0
BUYER-03310,LOW_RISK,657,37,0.989,0,82.4,1,0
BUYER-03311,LOW_RISK,1080,25,0.992,0,88.0,1,0
BUYER-03312,LOW_RISK,1089,36,0.969,0,89.1,1,0
BUYER-03313,LOW_RISK,997,35,0.96,0,88.1,1,0
BUYER-03314,LOW_RISK,435,21,0.998,0,90.1,1,0
BUYER-03315,LOW_RISK,1364,76,0.956,0,94.1,1,0
BUYER-03316,LOW_RISK,426,72,0.987,0,87.7,1,0
BUYER-03317,LOW_RISK,828,63,0.96,0,97.8,1,0
BUYER-03318,LOW_RISK,1218,56,0.974,0,90.1,1,0
BUYER-03319,LOW_RISK,1115,12,0.95,0,94.9,1,0
BUYER-03320,LOW_RISK,999,22,0.968,0,97.1,1,0
BUYER-03321,LOW_RISK,313,65,0.997,0,92.4,1,0
BUYER-03322,LOW_RISK,649,20,0.983,0,95.0,1,0
BUYER-03323,LOW_RISK,1145,12,0.998,0,86.4,1,0
BUYER-03324,LOW_RISK,1505,51,0.952,0,95.6,1,0
BUYER-03325,LOW_RISK,543,11,0.956,0,84.5,1,0
BUYER-03326,LOW_RISK,1603,70,0.988,0,83.0,1,0
BUYER-03327,LOW_RISK,609,47,0.969,0,88.6,1,0
BUYER-03328,LOW_RISK,502,63,0.959,0,97.0,1,0
BUYER-03329,LOW_RISK,490,33,0.968,0,96.8,1,0
BUYER-03330,LOW_RISK,1790,30,0.951,0,85.3,1,0
BUYER-03331,LOW_RISK,1006,57,0.995,0,86.2,1,0
BUYER-03332,LOW_RISK,837,13,0.989,0,87.3,1,0
BUYER-03333,LOW_RISK,1143,14,0.987,0,84.3,1,0
BUYER-03334,LOW_RISK,1014,15,0.977,0,94.2,1,0
BUYER-03335,MEDIUM_RISK,567,8,0.822,0,55.4,1,1
BUYER-03336,LOW_RISK,636,21,0.971,0,83.1,1,0
BUYER-03337,MEDIUM_RISK,517,17,0.938,1,75.5,0,0
BUYER-03338,LOW_RISK,1279,66,0.957,0,91.7,1,0
BUYER-03339,LOW_RISK,1484,10,0.966,0,89.5,1,0
BUYER-03340,LOW_RISK,706,26,0.966,0,90.6,1,0
BUYER-03341,MEDIUM_RISK,658,24,0.9,1,66.5,1,1
BUYER-03342,LOW_RISK,1713,35,0.956,0,90.2,1,0
BUYER-03343,LOW_RISK,472,38,0.983,0,93.9,1,0
BUYER-03344,LOW_RISK,1648,61,0.964,0,91.8,1,0
BUYER-03345,LOW_RISK,691,38,0.963,0,93.7,1,0
BUYER-03346,LOW_RISK,796,52,0.986,0,89.4,1,0
BUYER-03347,LOW_RISK,1389,76,0.976,0,97.8,1,0
BUYER-03348,LOW_RISK,726,26,0.966,0,88.0,1,0
BUYER-03349,LOW_RISK,477,14,0.987,0,94.8,1,0
BUYER-03350,LOW_RISK,1474,16,0.99,0,97.7,1,0
BUYER-03351,LOW_RISK,209,28,0.982,0,95.4,1,0
BUYER-03352,LOW_RISK,667,30,0.97,0,82.2,1,0
BUYER-03353,MEDIUM_RISK,522,18,0.92,0,59.5,1,0
BUYER-03354,LOW_RISK,1362,61,0.973,0,85.4,1,0
BUYER-03355,LOW_RISK,1452,43,0.977,0,83.9,1,0
BUYER-03356,LOW_RISK,752,75,0.996,0,87.4,1,0
BUYER-03357,LOW_RISK,561,42,0.967,0,96.0,1,0
BUYER-03358,LOW_RISK,1761,80,0.973,0,83.5,1,0
BUYER-03359,MEDIUM_RISK,380,19,0.837,0,73.8,1,0
BUYER-03360,LOW_RISK,1053,13,0.998,0,84.0,1,0
BUYER-03361,LOW_RISK,645,68,0.992,0,83.9,1,0
BUYER-03362,LOW_RISK,1639,47,0.956,0,87.6,1,0
BUYER-03363,LOW_RISK,1106,65,0.978,0,97.0,1,0
BUYER-03364,LOW_RISK,1213,33,0.97,0,97.1,1,0
BUYER-03365,MEDIUM_RISK,553,9,0.82,0,71.3,1,0
BUYER-03366,LOW_RISK,1769,12,0.96,0,93.9,1,1
BUYER-03367,LOW_RISK,1256,29,0.978,0,90.5,1,0
BUYER-03368,LOW_RISK,276,78,0.968,0,85.7,1,1
BUYER-03369,LOW_RISK,1267,31,0.969,0,83.6,1,0
BUYER-03370,LOW_RISK,519,38,0.992,0,94.0,1,0
BUYER-03371,LOW_RISK,491,79,0.997,0,91.8,1,0
BUYER-03372,LOW_RISK,594,45,0.952,0,97.5,1,0
BUYER-03373,LOW_RISK,1000,47,0.969,0,90.3,1,0
BUYER-03374,LOW_RISK,1042,70,0.973,0,84.2,1,0
BUYER-03375,LOW_RISK,794,10,0.954,0,93.3,1,0
BUYER-03376,LOW_RISK,1548,49,0.96,0,93.7,1,0
BUYER-03377,LOW_RISK,1396,18,0.953,0,88.6,1,0
BUYER-03378,LOW_RISK,474,71,0.991,0,94.2,1,0
BUYER-03379,LOW_RISK,676,60,0.989,0,92.3,1,0
BUYER-03380,LOW_RISK,980,34,0.962,0,87.6,1,0
BUYER-03381,LOW_RISK,643,45,0.957,0,88.4,1,0
BUYER-03382,LOW_RISK,1666,29,0.96,0,84.3,1,0
BUYER-03383,LOW_RISK,744,51,0.951,0,83.9,1,0
BUYER-03384,LOW_RISK,817,77,0.955,0,92.1,1,0
BUYER-03385,LOW_RISK,1144,39,0.983,0,86.8,1,0
BUYER-03386,MEDIUM_RISK,157,20,0.904,0,65.9,1,0
BUYER-03387,LOW_RISK,324,53,0.994,0,97.2,1,0
BUYER-03388,LOW_RISK,263,58,0.992,0,86.1,1,0
BUYER-03389,LOW_RISK,1463,69,0.971,0,84.7,1,0
BUYER-03390,LOW_RISK,1633,72,0.988,0,85.6,1,0
BUYER-03391,LOW_RISK,391,21,1.0,0,91.7,1,0
BUYER-03392,MEDIUM_RISK,643,14,0.834,1,75.4,1,0
BUYER-03393,MEDIUM_RISK,536,25,0.935,1,65.1,1,0
BUYER-03394,LOW_RISK,1486,23,0.993,0,86.5,1,0
BUYER-03395,MEDIUM_RISK,312,11,0.89,1,62.9,1,0
BUYER-03396,REPEATED_HIGH_RISK,177,6,0.574,3,8.3,0,1
BUYER-03397,MEDIUM_RISK,527,10,0.882,0,60.3,1,0
BUYER-03398,MEDIUM_RISK,474,24,0.837,1,78.9,1,0
BUYER-03399,LOW_RISK,1631,72,0.978,0,95.4,1,0
BUYER-03400,LOW_RISK,949,76,0.994,0,92.7,1,0
BUYER-03401,LOW_RISK,266,23,0.98,0,94.7,1,0
BUYER-03402,LOW_RISK,381,22,0.956,0,94.2,1,0
BUYER-03403,REPEATED_HIGH_RISK,99,8,0.51,3,14.9,0,0
BUYER-03404,LOW_RISK,1794,66,0.993,0,91.2,1,0
BUYER-03405,LOW_RISK,1250,14,0.997,0,95.0,1,0
BUYER-03406,LOW_RISK,1466,65,0.983,0,82.4,1,0
BUYER-03407,MEDIUM_RISK,610,8,0.803,0,77.7,1,0
BUYER-03408,REPEATED_HIGH_RISK,32,6,0.55,3,22.6,0,1
BUYER-03409,LOW_RISK,699,55,0.991,0,87.5,1,1
BUYER-03410,LOW_RISK,689,45,0.972,0,82.8,1,0
BUYER-03411,LOW_RISK,1118,43,0.988,0,84.6,1,0
BUYER-03412,LOW_RISK,1323,80,0.982,0,93.9,1,0
BUYER-03413,LOW_RISK,1722,54,0.989,0,84.8,1,0
BUYER-03414,LOW_RISK,1203,21,0.967,0,91.9,1,0
BUYER-03415,LOW_RISK,1695,39,0.966,0,86.9,1,0
BUYER-03416,LOW_RISK,1658,21,0.982,0,87.0,1,1
BUYER-03417,LOW_RISK,1198,33,0.988,0,85.2,1,1
BUYER-03418,LOW_RISK,1628,72,0.968,0,94.9,1,0
BUYER-03419,LOW_RISK,920,30,0.998,0,87.2,1,0
BUYER-03420,LOW_RISK,408,34,0.979,0,96.5,1,0
BUYER-03421,LOW_RISK,1614,47,0.988,0,90.6,1,0
BUYER-03422,LOW_RISK,995,19,0.96,0,83.4,1,0
BUYER-03423,LOW_RISK,1404,61,0.993,0,84.3,1,0
BUYER-03424,LOW_RISK,876,78,0.968,0,84.1,1,0
BUYER-03425,MEDIUM_RISK,424,6,0.918,0,72.7,1,1
BUYER-03426,LOW_RISK,781,20,0.966,0,85.6,1,0
BUYER-03427,LOW_RISK,263,41,0.977,0,92.7,1,0
BUYER-03428,LOW_RISK,740,13,0.975,0,95.3,1,0
BUYER-03429,MEDIUM_RISK,254,10,0.923,1,65.6,1,0
BUYER-03430,LOW_RISK,622,28,0.951,0,85.9,1,0
BUYER-03431,LOW_RISK,222,71,0.992,0,88.6,1,0
BUYER-03432,REPEATED_HIGH_RISK,148,5,0.357,6,20.5,0,0
BUYER-03433,LOW_RISK,972,43,0.985,0,97.7,1,1
BUYER-03434,LOW_RISK,719,65,0.969,0,96.4,1,0
BUYER-03435,LOW_RISK,660,50,0.977,0,83.2,1,0
BUYER-03436,LOW_RISK,1599,27,0.966,0,95.2,1,0
BUYER-03437,LOW_RISK,1618,41,0.99,0,91.3,1,0
BUYER-03438,LOW_RISK,377,74,0.985,0,90.6,1,0
BUYER-03439,MEDIUM_RISK,137,22,0.832,0,63.4,1,1
BUYER-03440,MEDIUM_RISK,690,20,0.915,0,60.4,1,0
BUYER-03441,LOW_RISK,731,16,0.973,0,89.0,1,0
BUYER-03442,LOW_RISK,1390,65,0.953,0,97.9,1,0
BUYER-03443,LOW_RISK,225,67,0.978,0,82.9,1,0
BUYER-03444,REPEATED_HIGH_RISK,95,9,0.53,4,9.3,1,1
BUYER-03445,REPEATED_HIGH_RISK,97,3,0.563,5,19.4,0,1
BUYER-03446,LOW_RISK,1670,13,0.986,0,89.9,1,0
BUYER-03447,LOW_RISK,1622,27,0.999,0,85.4,1,0
BUYER-03448,LOW_RISK,1105,49,0.977,0,92.8,1,0
BUYER-03449,LOW_RISK,856,39,0.978,0,96.0,1,0
BUYER-03450,LOW_RISK,1013,28,0.988,0,97.7,1,0
BUYER-03451,LOW_RISK,1381,50,0.993,0,97.5,1,0
BUYER-03452,LOW_RISK,288,55,0.979,0,94.4,1,0
BUYER-03453,LOW_RISK,325,18,0.976,0,93.7,1,0
BUYER-03454,LOW_RISK,1680,34,0.962,0,91.6,1,0
BUYER-03455,HIGH_RISK,106,15,0.634,2,43.0,1,0
BUYER-03456,LOW_RISK,1193,25,0.967,0,83.5,1,0
BUYER-03457,LOW_RISK,1006,59,0.99,0,88.1,1,1
BUYER-03458,LOW_RISK,1151,27,0.992,0,84.9,1,0
BUYER-03459,LOW_RISK,817,55,0.959,0,88.9,1,0
BUYER-03460,LOW_RISK,696,73,0.955,0,86.2,1,0
BUYER-03461,LOW_RISK,590,39,0.968,0,92.4,1,0
BUYER-03462,LOW_RISK,347,53,0.973,0,83.5,1,0
BUYER-03463,LOW_RISK,707,12,0.994,0,83.0,1,0
BUYER-03464,LOW_RISK,1320,17,0.984,0,83.5,1,0
BUYER-03465,LOW_RISK,183,77,0.951,0,87.2,1,0
BUYER-03466,LOW_RISK,807,13,0.99,0,91.1,1,0
BUYER-03467,LOW_RISK,947,18,0.998,0,85.0,1,0
BUYER-03468,LOW_RISK,1451,73,0.959,0,85.5,1,0
BUYER-03469,MEDIUM_RISK,383,6,0.922,1,76.9,1,1
BUYER-03470,LOW_RISK,1408,57,0.979,0,96.3,1,0
BUYER-03471,LOW_RISK,1626,32,0.975,0,95.0,1,0
BUYER-03472,LOW_RISK,1091,13,0.981,0,97.0,1,0
BUYER-03473,LOW_RISK,426,49,0.997,0,83.7,1,0
BUYER-03474,LOW_RISK,1578,33,0.98,0,84.7,1,0
BUYER-03475,MEDIUM_RISK,132,18,0.827,0,58.7,1,0
BUYER-03476,LOW_RISK,1435,53,0.997,0,96.9,1,0
BUYER-03477,HIGH_RISK,295,15,0.674,2,39.6,1,0
BUYER-03478,LOW_RISK,418,80,0.953,0,85.9,1,0
BUYER-03479,LOW_RISK,469,40,0.998,0,89.9,1,0
BUYER-03480,LOW_RISK,1007,15,0.968,0,96.7,1,0
BUYER-03481,LOW_RISK,1163,22,0.992,0,83.5,1,0
BUYER-03482,LOW_RISK,1521,51,0.996,0,91.0,1,0
BUYER-03483,LOW_RISK,1618,78,0.976,0,94.1,1,0
BUYER-03484,MEDIUM_RISK,688,9,0.84,0,58.3,1,1
BUYER-03485,LOW_RISK,1743,35,0.965,0,92.0,1,0
BUYER-03486,LOW_RISK,1007,65,0.969,0,89.8,1,0
BUYER-03487,LOW_RISK,1186,23,0.966,0,89.7,1,1
BUYER-03488,LOW_RISK,976,49,0.975,0,94.6,1,1
BUYER-03489,LOW_RISK,768,17,0.976,0,82.7,1,0
BUYER-03490,LOW_RISK,362,49,0.995,0,94.0,1,0
BUYER-03491,LOW_RISK,1349,79,0.959,0,87.0,1,0
BUYER-03492,LOW_RISK,278,78,0.951,0,97.5,1,0
BUYER-03493,MEDIUM_RISK,424,9,0.849,0,67.9,1,1
BUYER-03494,MEDIUM_RISK,474,19,0.873,1,59.3,1,0
BUYER-03495,LOW_RISK,939,15,0.996,0,83.6,1,0
BUYER-03496,LOW_RISK,560,38,0.986,0,83.2,1,0
BUYER-03497,MEDIUM_RISK,238,18,0.829,0,70.4,1,0
BUYER-03498,MEDIUM_RISK,45,4,0.929,1,59.9,1,0
BUYER-03499,LOW_RISK,1591,24,0.996,0,82.1,1,0
BUYER-03500,LOW_RISK,672,52,0.999,0,97.8,1,0
BUYER-03501,LOW_RISK,647,57,0.996,0,88.4,1,0
BUYER-03502,LOW_RISK,499,28,0.98,0,91.9,1,0
BUYER-03503,REPEATED_HIGH_RISK,73,8,0.459,5,12.1,1,1
BUYER-03504,LOW_RISK,1518,44,0.97,0,82.2,1,0
BUYER-03505,MEDIUM_RISK,453,15,0.839,1,76.6,1,0
BUYER-03506,LOW_RISK,1775,72,0.963,0,82.2,1,0
BUYER-03507,HIGH_RISK,217,2,0.732,2,39.6,1,0
BUYER-03508,LOW_RISK,1537,38,0.954,0,83.8,1,0
BUYER-03509,MEDIUM_RISK,192,18,0.809,1,67.9,1,0
BUYER-03510,LOW_RISK,522,42,0.998,0,93.4,1,0
BUYER-03511,LOW_RISK,1603,60,0.964,0,86.6,1,0
BUYER-03512,LOW_RISK,1347,43,0.955,0,83.9,1,0
BUYER-03513,HIGH_RISK,118,3,0.705,1,40.5,1,0
BUYER-03514,LOW_RISK,440,76,1.0,0,89.5,1,0
BUYER-03515,MEDIUM_RISK,141,6,0.832,0,75.0,1,0
BUYER-03516,MEDIUM_RISK,218,5,0.907,0,74.4,1,0
BUYER-03517,LOW_RISK,675,65,0.981,0,89.0,1,0
BUYER-03518,LOW_RISK,472,66,0.98,0,82.7,1,0
BUYER-03519,LOW_RISK,1211,34,0.988,0,93.6,1,0
BUYER-03520,LOW_RISK,269,11,0.997,0,87.5,1,0
BUYER-03521,LOW_RISK,693,32,0.968,0,85.2,1,0
BUYER-03522,LOW_RISK,1499,17,0.97,0,84.4,1,0
BUYER-03523,LOW_RISK,777,74,0.953,0,84.9,1,0
BUYER-03524,LOW_RISK,578,52,0.983,0,89.0,1,0
BUYER-03525,LOW_RISK,1082,18,0.992,0,91.6,1,0
BUYER-03526,LOW_RISK,769,30,0.957,0,97.4,1,0
BUYER-03527,HIGH_RISK,44,3,0.73,2,39.0,0,0
BUYER-03528,LOW_RISK,1274,12,0.981,0,84.7,1,0
BUYER-03529,HIGH_RISK,179,7,0.607,2,47.3,1,0
BUYER-03530,LOW_RISK,1581,39,0.95,0,82.1,1,0
BUYER-03531,LOW_RISK,299,59,0.988,0,83.9,1,1
BUYER-03532,LOW_RISK,639,14,0.978,0,83.2,1,1
BUYER-03533,LOW_RISK,1508,70,0.997,0,92.3,1,0
BUYER-03534,LOW_RISK,758,59,0.972,0,94.0,1,0
BUYER-03535,LOW_RISK,1578,72,0.981,0,87.5,1,0
BUYER-03536,LOW_RISK,1483,68,0.974,0,96.4,1,0
BUYER-03537,LOW_RISK,1110,78,0.994,0,85.6,1,0
BUYER-03538,LOW_RISK,767,32,0.998,0,88.2,1,0
BUYER-03539,LOW_RISK,706,30,0.968,0,82.3,1,0
BUYER-03540,LOW_RISK,794,28,0.952,0,88.6,1,0
BUYER-03541,LOW_RISK,1288,39,0.999,0,84.0,1,0
BUYER-03542,LOW_RISK,1463,55,0.96,0,88.5,1,0
BUYER-03543,LOW_RISK,1035,68,0.987,0,89.1,1,0
BUYER-03544,LOW_RISK,975,69,0.968,0,87.2,1,0
BUYER-03545,MEDIUM_RISK,438,7,0.901,1,59.9,1,0
BUYER-03546,LOW_RISK,624,34,0.978,0,97.2,1,0
BUYER-03547,LOW_RISK,1673,56,0.995,0,90.8,1,0
BUYER-03548,LOW_RISK,1744,62,0.969,0,86.9,1,0
BUYER-03549,LOW_RISK,984,28,0.974,0,90.7,1,0
BUYER-03550,LOW_RISK,1106,48,0.995,0,97.3,1,0
BUYER-03551,LOW_RISK,1457,62,0.953,0,85.5,1,0
BUYER-03552,LOW_RISK,1309,30,0.983,0,97.0,1,0
BUYER-03553,LOW_RISK,1064,33,0.997,0,82.4,1,0
BUYER-03554,LOW_RISK,602,59,0.978,0,84.8,1,0
BUYER-03555,LOW_RISK,1707,29,0.982,0,91.2,1,0
BUYER-03556,LOW_RISK,585,29,0.971,0,89.5,1,0
BUYER-03557,LOW_RISK,1692,26,0.988,0,89.8,1,0
BUYER-03558,LOW_RISK,1430,77,0.987,0,96.0,1,0
BUYER-03559,LOW_RISK,1564,22,0.989,0,83.4,1,0
BUYER-03560,LOW_RISK,197,16,0.967,0,83.4,1,0
BUYER-03561,LOW_RISK,910,35,0.987,0,97.3,1,0
BUYER-03562,MEDIUM_RISK,344,5,0.851,0,76.8,1,0
BUYER-03563,LOW_RISK,1374,67,0.974,0,93.3,1,0
BUYER-03564,LOW_RISK,773,48,0.955,0,91.0,1,0
BUYER-03565,LOW_RISK,491,30,0.971,0,90.5,1,0
BUYER-03566,LOW_RISK,1446,62,0.958,0,90.8,1,0
BUYER-03567,LOW_RISK,1141,45,0.984,0,96.5,1,0
BUYER-03568,LOW_RISK,412,28,0.995,0,83.6,1,0
BUYER-03569,LOW_RISK,260,27,0.994,0,89.6,1,0
BUYER-03570,MEDIUM_RISK,518,8,0.907,1,69.1,1,0
BUYER-03571,LOW_RISK,922,66,0.979,0,84.9,1,0
BUYER-03572,LOW_RISK,220,72,0.997,0,91.1,1,1
BUYER-03573,MEDIUM_RISK,377,5,0.924,0,56.7,1,1
BUYER-03574,REPEATED_HIGH_RISK,41,6,0.457,4,10.2,1,1
BUYER-03575,MEDIUM_RISK,231,23,0.845,0,72.1,1,0
BUYER-03576,LOW_RISK,1790,20,0.968,0,97.7,1,0
BUYER-03577,LOW_RISK,1193,12,0.981,0,91.4,1,0
BUYER-03578,LOW_RISK,526,56,0.993,0,85.1,1,0
BUYER-03579,LOW_RISK,753,76,0.995,0,82.4,1,0
BUYER-03580,LOW_RISK,832,31,0.953,0,85.8,1,0
BUYER-03581,LOW_RISK,807,43,0.972,0,88.9,1,0
BUYER-03582,MEDIUM_RISK,71,11,0.905,0,73.2,0,0
BUYER-03583,LOW_RISK,1118,20,0.967,0,82.5,1,0
BUYER-03584,MEDIUM_RISK,669,3,0.903,0,55.5,1,0
BUYER-03585,LOW_RISK,959,35,0.995,0,88.1,1,0
BUYER-03586,LOW_RISK,253,44,0.985,0,87.4,1,0
BUYER-03587,LOW_RISK,1229,64,0.97,0,87.5,1,0
BUYER-03588,LOW_RISK,889,43,0.978,0,89.8,1,0
BUYER-03589,LOW_RISK,726,20,0.996,0,96.7,1,0
BUYER-03590,LOW_RISK,353,50,0.993,0,96.3,1,0
BUYER-03591,HIGH_RISK,26,14,0.624,2,45.0,1,0
BUYER-03592,LOW_RISK,677,19,0.959,0,83.0,1,1
BUYER-03593,LOW_RISK,1351,40,0.989,0,95.8,1,0
BUYER-03594,LOW_RISK,199,11,0.987,0,87.5,1,0
BUYER-03595,LOW_RISK,1444,19,0.958,0,92.0,1,0
BUYER-03596,LOW_RISK,1123,52,0.989,0,83.7,1,0
BUYER-03597,LOW_RISK,429,17,0.985,0,85.2,1,0
BUYER-03598,LOW_RISK,1707,20,0.959,0,93.5,1,0
BUYER-03599,LOW_RISK,367,10,0.972,0,93.0,1,0
BUYER-03600,LOW_RISK,610,16,0.986,0,88.2,1,0
BUYER-03601,LOW_RISK,1460,77,0.96,0,95.1,1,0
BUYER-03602,LOW_RISK,1630,73,0.98,0,85.0,1,0
BUYER-03603,LOW_RISK,769,17,0.972,0,90.1,1,0
BUYER-03604,LOW_RISK,342,32,0.999,0,86.2,1,0
BUYER-03605,LOW_RISK,1290,34,0.985,0,93.2,1,1
BUYER-03606,LOW_RISK,335,34,0.959,0,87.1,1,0
BUYER-03607,MEDIUM_RISK,263,8,0.855,1,75.1,1,0
BUYER-03608,LOW_RISK,787,62,0.975,0,86.6,1,0
BUYER-03609,MEDIUM_RISK,466,11,0.915,0,72.7,0,0
BUYER-03610,HIGH_RISK,286,2,0.724,1,48.5,1,0
BUYER-03611,LOW_RISK,695,46,0.988,0,83.0,1,0
BUYER-03612,LOW_RISK,308,73,0.967,0,93.7,1,0
BUYER-03613,LOW_RISK,1449,65,0.954,0,94.2,1,0
BUYER-03614,LOW_RISK,1646,67,0.951,0,93.9,1,0
BUYER-03615,LOW_RISK,360,50,0.979,0,96.7,1,0
BUYER-03616,LOW_RISK,920,18,0.978,0,93.6,1,0
BUYER-03617,LOW_RISK,833,67,0.968,0,95.0,1,0
BUYER-03618,MEDIUM_RISK,409,18,0.842,0,66.7,1,0
BUYER-03619,LOW_RISK,1298,34,0.961,0,84.7,1,0
BUYER-03620,LOW_RISK,1594,55,0.97,0,96.1,1,0
BUYER-03621,LOW_RISK,844,61,0.973,0,96.4,1,0
BUYER-03622,LOW_RISK,1106,29,0.957,0,94.0,1,0
BUYER-03623,LOW_RISK,1039,13,0.994,0,94.6,1,0
BUYER-03624,MEDIUM_RISK,420,23,0.821,0,63.8,1,0
BUYER-03625,LOW_RISK,1069,32,0.958,0,97.1,1,0
BUYER-03626,LOW_RISK,624,22,0.951,0,89.6,1,0
BUYER-03627,LOW_RISK,734,53,0.96,0,90.0,1,0
BUYER-03628,MEDIUM_RISK,192,12,0.916,0,75.5,1,1
BUYER-03629,LOW_RISK,748,39,0.959,0,91.7,1,0
BUYER-03630,LOW_RISK,1202,65,0.972,0,95.6,1,0
BUYER-03631,LOW_RISK,1178,17,0.968,0,83.7,1,0
BUYER-03632,LOW_RISK,842,71,0.98,0,84.3,1,0
BUYER-03633,LOW_RISK,1242,73,0.99,0,88.7,1,0
BUYER-03634,LOW_RISK,206,49,0.982,0,87.4,1,0
BUYER-03635,LOW_RISK,816,64,0.981,0,91.6,1,0
BUYER-03636,LOW_RISK,1264,46,0.967,0,88.0,1,0
BUYER-03637,MEDIUM_RISK,161,14,0.879,0,66.4,1,0
BUYER-03638,LOW_RISK,216,67,0.969,0,85.9,1,0
BUYER-03639,LOW_RISK,848,39,0.996,0,96.4,1,1
BUYER-03640,LOW_RISK,1478,70,0.989,0,90.9,1,0
BUYER-03641,LOW_RISK,1362,52,0.985,0,96.4,1,1
BUYER-03642,MEDIUM_RISK,359,23,0.88,0,76.9,1,1
BUYER-03643,LOW_RISK,1630,40,0.991,0,86.0,1,0
BUYER-03644,LOW_RISK,1333,70,0.995,0,87.0,1,0
BUYER-03645,LOW_RISK,375,59,0.988,0,92.0,1,0
BUYER-03646,LOW_RISK,346,77,0.975,0,91.6,1,0
BUYER-03647,LOW_RISK,1670,44,0.953,0,88.2,1,0
BUYER-03648,LOW_RISK,575,45,0.986,0,87.8,1,0
BUYER-03649,LOW_RISK,1772,17,0.974,0,85.6,1,0
BUYER-03650,REPEATED_HIGH_RISK,7,7,0.335,6,19.2,0,0
BUYER-03651,LOW_RISK,1784,44,0.998,0,89.8,1,0
BUYER-03652,LOW_RISK,823,78,0.96,0,95.0,1,0
BUYER-03653,MEDIUM_RISK,222,22,0.885,0,62.1,0,0
BUYER-03654,LOW_RISK,304,34,0.976,0,90.1,1,0
BUYER-03655,LOW_RISK,688,58,0.971,0,95.1,1,0
BUYER-03656,LOW_RISK,202,48,0.963,0,84.3,1,0
BUYER-03657,LOW_RISK,231,13,0.983,0,94.2,1,0
BUYER-03658,LOW_RISK,341,57,0.973,0,96.6,1,0
BUYER-03659,LOW_RISK,482,67,0.981,0,90.9,1,0
BUYER-03660,MEDIUM_RISK,638,17,0.906,0,57.6,1,1
BUYER-03661,LOW_RISK,740,68,0.964,0,93.3,1,0
BUYER-03662,LOW_RISK,1108,46,0.958,0,84.1,1,0
BUYER-03663,LOW_RISK,214,25,0.953,0,87.2,1,0
BUYER-03664,LOW_RISK,1157,57,0.957,0,95.3,1,0
BUYER-03665,LOW_RISK,948,80,0.951,0,88.9,1,1
BUYER-03666,LOW_RISK,843,60,0.959,0,91.8,1,0
BUYER-03667,MEDIUM_RISK,65,23,0.84,0,68.6,1,0
BUYER-03668,LOW_RISK,1344,15,0.994,0,82.9,1,0
BUYER-03669,LOW_RISK,1648,26,0.975,0,96.8,1,0
BUYER-03670,LOW_RISK,466,29,0.955,0,84.6,1,0
BUYER-03671,LOW_RISK,1641,40,0.955,0,87.8,1,0
BUYER-03672,LOW_RISK,911,53,0.954,0,87.5,1,0
BUYER-03673,LOW_RISK,322,73,0.97,0,83.0,1,0
BUYER-03674,LOW_RISK,1032,60,0.985,0,90.8,1,0
BUYER-03675,LOW_RISK,363,36,0.972,0,83.8,1,1
BUYER-03676,LOW_RISK,714,39,0.962,0,92.3,1,0
BUYER-03677,LOW_RISK,1322,13,0.953,0,95.5,1,0
BUYER-03678,LOW_RISK,641,71,0.952,0,85.5,1,0
BUYER-03679,LOW_RISK,656,29,0.998,0,84.2,1,0
BUYER-03680,LOW_RISK,834,51,0.969,0,92.1,1,0
BUYER-03681,LOW_RISK,990,12,0.976,0,86.6,1,0
BUYER-03682,LOW_RISK,228,63,0.978,0,82.6,1,1
BUYER-03683,LOW_RISK,1387,14,0.96,0,91.3,1,0
BUYER-03684,LOW_RISK,194,54,0.985,0,91.3,1,0
BUYER-03685,LOW_RISK,933,75,0.995,0,84.6,1,0
BUYER-03686,LOW_RISK,615,29,0.977,0,96.6,1,0
BUYER-03687,MEDIUM_RISK,667,12,0.837,1,64.0,1,1
BUYER-03688,LOW_RISK,975,30,0.992,0,94.1,1,0
BUYER-03689,LOW_RISK,704,52,0.96,0,96.4,1,0
BUYER-03690,LOW_RISK,984,25,0.983,0,89.2,1,0
BUYER-03691,MEDIUM_RISK,486,22,0.935,0,71.1,1,1
BUYER-03692,LOW_RISK,1756,61,0.96,0,83.8,1,0
BUYER-03693,LOW_RISK,973,23,0.987,0,96.0,1,0
BUYER-03694,LOW_RISK,589,48,0.992,0,92.8,1,0
BUYER-03695,LOW_RISK,1394,48,0.968,0,82.9,1,0
BUYER-03696,LOW_RISK,1462,39,0.978,0,96.2,1,0
BUYER-03697,HIGH_RISK,144,5,0.697,1,37.3,0,0
BUYER-03698,LOW_RISK,623,33,0.993,0,85.3,1,0
BUYER-03699,MEDIUM_RISK,427,13,0.864,0,64.4,1,0
BUYER-03700,LOW_RISK,1723,31,0.996,0,89.7,1,0
BUYER-03701,LOW_RISK,1402,46,0.99,0,92.7,1,0
BUYER-03702,LOW_RISK,688,19,0.981,0,96.2,1,0
BUYER-03703,LOW_RISK,243,16,0.993,0,97.1,1,0
BUYER-03704,MEDIUM_RISK,30,12,0.862,0,72.5,1,0
BUYER-03705,HIGH_RISK,96,3,0.61,2,35.7,1,1
BUYER-03706,MEDIUM_RISK,225,16,0.904,0,63.9,1,0
BUYER-03707,LOW_RISK,753,63,0.983,0,86.8,1,0
BUYER-03708,LOW_RISK,251,25,0.965,0,86.2,1,0
BUYER-03709,LOW_RISK,599,25,0.996,0,93.9,1,0
BUYER-03710,HIGH_RISK,364,14,0.606,2,47.8,1,0
BUYER-03711,LOW_RISK,1155,32,0.951,0,83.4,1,1
BUYER-03712,LOW_RISK,660,68,0.993,0,91.3,1,0
BUYER-03713,LOW_RISK,1321,44,0.964,0,93.2,1,0
BUYER-03714,LOW_RISK,1162,18,0.987,0,84.5,1,1
BUYER-03715,REPEATED_HIGH_RISK,23,8,0.458,3,8.7,0,1
BUYER-03716,LOW_RISK,1065,69,0.971,0,97.6,1,0
BUYER-03717,LOW_RISK,1361,15,0.983,0,97.4,1,0
BUYER-03718,LOW_RISK,755,46,0.986,0,85.2,1,0
BUYER-03719,LOW_RISK,727,13,0.984,0,97.4,1,0
BUYER-03720,LOW_RISK,565,40,0.984,0,95.0,1,0
BUYER-03721,LOW_RISK,1511,15,0.994,0,95.4,1,0
BUYER-03722,MEDIUM_RISK,475,20,0.933,0,66.7,1,1
BUYER-03723,MEDIUM_RISK,267,25,0.919,0,56.1,1,0
BUYER-03724,LOW_RISK,925,21,0.98,0,89.3,1,0
BUYER-03725,LOW_RISK,1147,79,0.958,0,92.5,1,0
BUYER-03726,MEDIUM_RISK,410,20,0.876,0,62.7,1,0
BUYER-03727,LOW_RISK,1489,54,0.97,0,91.3,1,1
BUYER-03728,LOW_RISK,942,69,0.999,0,94.3,1,0
BUYER-03729,LOW_RISK,482,73,0.984,0,88.5,1,0
BUYER-03730,LOW_RISK,1064,21,0.98,0,96.2,1,0
BUYER-03731,LOW_RISK,861,55,0.982,0,89.2,1,0
BUYER-03732,HIGH_RISK,291,15,0.729,1,47.1,1,1
BUYER-03733,LOW_RISK,883,74,0.996,0,97.7,1,0
BUYER-03734,LOW_RISK,477,53,0.977,0,95.3,1,1
BUYER-03735,LOW_RISK,506,27,0.999,0,94.7,1,0
BUYER-03736,LOW_RISK,1599,60,0.954,0,88.7,1,0
BUYER-03737,LOW_RISK,409,74,0.977,0,90.3,1,0
BUYER-03738,LOW_RISK,1358,10,0.963,0,90.8,1,0
BUYER-03739,LOW_RISK,517,39,0.984,0,94.6,1,0
BUYER-03740,LOW_RISK,1181,24,0.966,0,95.4,1,0
BUYER-03741,MEDIUM_RISK,412,20,0.931,1,67.6,1,0
BUYER-03742,LOW_RISK,984,38,0.979,0,94.0,1,0
BUYER-03743,LOW_RISK,1588,23,0.961,0,92.3,1,0
BUYER-03744,LOW_RISK,498,34,0.986,0,96.3,1,0
BUYER-03745,LOW_RISK,1213,23,0.975,0,96.7,1,0
BUYER-03746,LOW_RISK,1603,49,0.962,0,88.5,1,0
BUYER-03747,LOW_RISK,608,79,0.982,0,97.2,1,0
BUYER-03748,LOW_RISK,571,13,0.951,0,86.7,1,0
BUYER-03749,LOW_RISK,604,33,0.991,0,92.9,1,0
BUYER-03750,MEDIUM_RISK,98,11,0.863,1,57.9,1,1
BUYER-03751,MEDIUM_RISK,396,24,0.856,0,71.7,1,1
BUYER-03752,MEDIUM_RISK,337,13,0.854,0,60.0,1,1
BUYER-03753,LOW_RISK,1057,71,0.982,0,91.5,1,0
BUYER-03754,LOW_RISK,1570,72,0.999,0,90.0,1,1
BUYER-03755,LOW_RISK,899,13,0.963,0,89.6,1,0
BUYER-03756,LOW_RISK,965,78,0.988,0,88.8,1,0
BUYER-03757,LOW_RISK,1382,54,0.997,0,93.0,1,0
BUYER-03758,LOW_RISK,235,58,0.952,0,89.8,1,0
BUYER-03759,LOW_RISK,357,70,0.963,0,83.5,1,1
BUYER-03760,MEDIUM_RISK,281,25,0.888,0,57.3,1,0
BUYER-03761,LOW_RISK,957,53,0.962,0,97.7,1,0
BUYER-03762,LOW_RISK,250,51,0.965,0,94.4,1,0
BUYER-03763,LOW_RISK,1104,37,0.981,0,83.5,1,0
BUYER-03764,LOW_RISK,1580,26,0.98,0,92.8,1,0
BUYER-03765,LOW_RISK,237,74,0.972,0,90.0,1,0
BUYER-03766,LOW_RISK,1128,45,0.985,0,88.2,1,0
BUYER-03767,LOW_RISK,1277,16,0.963,0,83.9,1,0
BUYER-03768,LOW_RISK,1238,72,0.959,0,89.2,1,0
BUYER-03769,LOW_RISK,513,15,0.965,0,87.3,1,0
BUYER-03770,LOW_RISK,404,29,0.998,0,83.2,1,0
BUYER-03771,LOW_RISK,1167,72,0.962,0,88.2,1,0
BUYER-03772,MEDIUM_RISK,699,8,0.908,0,56.1,1,0
BUYER-03773,LOW_RISK,554,38,0.967,0,92.9,1,0
BUYER-03774,LOW_RISK,1190,39,0.986,0,94.9,1,0
BUYER-03775,LOW_RISK,417,22,0.958,0,84.1,1,0
BUYER-03776,MEDIUM_RISK,649,21,0.803,0,66.9,1,1
BUYER-03777,MEDIUM_RISK,470,3,0.899,0,76.5,1,0
BUYER-03778,LOW_RISK,934,79,0.955,0,89.6,1,0
BUYER-03779,LOW_RISK,751,65,0.978,0,88.8,1,0
BUYER-03780,MEDIUM_RISK,96,5,0.837,0,77.8,1,0
BUYER-03781,LOW_RISK,912,70,0.97,0,96.7,1,0
BUYER-03782,LOW_RISK,461,25,0.951,0,83.4,1,0
BUYER-03783,LOW_RISK,562,35,0.972,0,97.9,1,0
BUYER-03784,MEDIUM_RISK,412,20,0.837,0,56.6,1,0
BUYER-03785,LOW_RISK,1797,33,0.979,0,83.9,1,0
BUYER-03786,LOW_RISK,261,39,0.96,0,86.8,1,0
BUYER-03787,LOW_RISK,1709,60,0.951,0,83.0,1,0
BUYER-03788,LOW_RISK,1794,11,0.956,0,92.7,1,0
BUYER-03789,LOW_RISK,1379,77,0.95,0,96.1,1,1
BUYER-03790,REPEATED_HIGH_RISK,42,7,0.55,6,24.0,0,0
BUYER-03791,LOW_RISK,566,70,0.974,0,85.4,1,0
BUYER-03792,LOW_RISK,533,59,0.978,0,92.0,1,0
BUYER-03793,LOW_RISK,325,28,0.983,0,95.7,1,0
BUYER-03794,LOW_RISK,477,18,0.974,0,97.8,1,0
BUYER-03795,LOW_RISK,328,31,0.962,0,94.1,1,0
BUYER-03796,LOW_RISK,1461,56,0.997,0,95.2,1,0
BUYER-03797,LOW_RISK,1012,17,0.988,0,82.7,1,0
BUYER-03798,LOW_RISK,836,60,0.951,0,92.7,1,1
BUYER-03799,LOW_RISK,945,60,0.972,0,95.4,1,0
BUYER-03800,LOW_RISK,640,26,0.974,0,97.2,1,0
BUYER-03801,LOW_RISK,1223,62,0.982,0,94.1,1,0
BUYER-03802,MEDIUM_RISK,191,10,0.884,0,61.9,1,0
BUYER-03803,LOW_RISK,1763,19,0.972,0,82.5,1,0
BUYER-03804,REPEATED_HIGH_RISK,23,10,0.232,4,23.5,1,0
BUYER-03805,LOW_RISK,261,57,0.964,0,86.5,1,0
BUYER-03806,HIGH_RISK,347,14,0.787,2,37.8,0,0
BUYER-03807,LOW_RISK,1276,51,0.996,0,95.7,1,0
BUYER-03808,LOW_RISK,1142,75,0.974,0,94.1,1,0
BUYER-03809,LOW_RISK,1589,27,0.973,0,83.5,1,0
BUYER-03810,LOW_RISK,1182,53,0.977,0,91.9,1,0
BUYER-03811,LOW_RISK,308,42,0.981,0,96.9,1,0
BUYER-03812,LOW_RISK,771,75,0.961,0,96.8,1,0
BUYER-03813,LOW_RISK,843,40,0.978,0,87.6,1,0
BUYER-03814,LOW_RISK,807,34,0.991,0,90.3,1,0
BUYER-03815,LOW_RISK,1022,45,0.963,0,88.8,1,1
BUYER-03816,LOW_RISK,1529,34,0.988,0,96.2,1,0
BUYER-03817,LOW_RISK,465,47,0.959,0,93.0,1,0
BUYER-03818,MEDIUM_RISK,585,20,0.845,1,74.2,1,1
BUYER-03819,MEDIUM_RISK,625,19,0.824,1,72.4,1,0
BUYER-03820,LOW_RISK,776,41,0.96,0,94.6,1,0
BUYER-03821,LOW_RISK,870,33,0.994,0,95.0,1,0
BUYER-03822,LOW_RISK,947,41,0.97,0,93.5,1,0
BUYER-03823,LOW_RISK,1343,68,0.977,0,84.3,1,0
BUYER-03824,LOW_RISK,1421,19,0.963,0,97.5,1,0
BUYER-03825,LOW_RISK,1307,60,0.95,0,85.0,1,0
BUYER-03826,LOW_RISK,701,73,0.973,0,97.9,1,0
BUYER-03827,LOW_RISK,1375,45,0.976,0,88.7,1,0
BUYER-03828,LOW_RISK,724,16,0.999,0,92.0,1,0
BUYER-03829,MEDIUM_RISK,531,22,0.815,1,65.5,1,1
BUYER-03830,LOW_RISK,821,25,0.957,0,84.0,1,0
BUYER-03831,LOW_RISK,1736,16,0.952,0,83.1,1,0
BUYER-03832,LOW_RISK,400,80,0.977,0,84.0,1,0
BUYER-03833,MEDIUM_RISK,128,24,0.859,1,56.0,1,0
BUYER-03834,LOW_RISK,1532,17,0.95,0,87.4,1,0
BUYER-03835,LOW_RISK,1458,45,0.964,0,85.9,1,0
BUYER-03836,LOW_RISK,631,44,0.996,0,87.7,1,0
BUYER-03837,MEDIUM_RISK,272,7,0.803,0,69.0,1,0
BUYER-03838,LOW_RISK,1741,38,0.959,0,97.5,1,0
BUYER-03839,MEDIUM_RISK,422,9,0.876,1,55.4,1,0
BUYER-03840,LOW_RISK,508,21,0.979,0,91.8,1,0
BUYER-03841,LOW_RISK,732,72,0.956,0,85.9,1,0
BUYER-03842,LOW_RISK,1012,38,0.962,0,91.8,1,0
BUYER-03843,LOW_RISK,535,38,0.964,0,82.1,1,0
BUYER-03844,LOW_RISK,1554,49,0.972,0,95.8,1,0
BUYER-03845,LOW_RISK,971,67,0.961,0,83.6,1,0
BUYER-03846,LOW_RISK,347,62,0.986,0,89.1,1,0
BUYER-03847,HIGH_RISK,211,15,0.717,1,38.5,0,1
BUYER-03848,LOW_RISK,1288,44,0.96,0,92.8,1,0
BUYER-03849,LOW_RISK,1074,77,0.967,0,82.3,1,0
BUYER-03850,LOW_RISK,1219,59,0.992,0,91.7,1,0
BUYER-03851,LOW_RISK,943,28,0.985,0,91.6,1,0
BUYER-03852,LOW_RISK,1611,58,0.958,0,88.5,1,0
BUYER-03853,LOW_RISK,626,50,0.968,0,86.4,1,1
BUYER-03854,MEDIUM_RISK,327,10,0.853,0,76.1,1,1
BUYER-03855,LOW_RISK,229,41,0.982,0,83.0,1,0
BUYER-03856,LOW_RISK,1640,12,0.969,0,87.5,1,0
BUYER-03857,LOW_RISK,960,12,0.975,0,93.6,1,0
BUYER-03858,LOW_RISK,1048,21,0.972,0,87.6,1,0
BUYER-03859,LOW_RISK,731,56,0.996,0,86.2,1,0
BUYER-03860,MEDIUM_RISK,191,8,0.831,0,69.1,1,1
BUYER-03861,LOW_RISK,1239,77,0.991,0,95.5,1,0
BUYER-03862,LOW_RISK,961,56,0.952,0,85.7,1,0
BUYER-03863,LOW_RISK,1628,30,0.955,0,93.1,1,0
BUYER-03864,LOW_RISK,282,42,0.954,0,96.9,1,0
BUYER-03865,LOW_RISK,1107,29,0.965,0,95.7,1,0
BUYER-03866,LOW_RISK,750,33,0.961,0,87.0,1,0
BUYER-03867,LOW_RISK,1246,18,0.962,0,83.5,1,0
BUYER-03868,LOW_RISK,286,32,0.964,0,89.5,1,0
BUYER-03869,LOW_RISK,1046,31,0.962,0,94.9,1,0
BUYER-03870,LOW_RISK,580,19,0.953,0,83.6,1,0
BUYER-03871,LOW_RISK,1783,32,0.977,0,94.5,1,0
BUYER-03872,LOW_RISK,1313,57,0.986,0,84.4,1,0
BUYER-03873,LOW_RISK,562,41,0.989,0,87.2,1,1
BUYER-03874,MEDIUM_RISK,205,11,0.872,0,55.5,0,1
BUYER-03875,LOW_RISK,1213,17,0.97,0,84.7,1,0
BUYER-03876,LOW_RISK,1140,29,0.992,0,85.9,1,0
BUYER-03877,LOW_RISK,1427,57,0.979,0,86.5,1,0
BUYER-03878,MEDIUM_RISK,281,17,0.825,0,57.6,1,0
BUYER-03879,LOW_RISK,688,30,0.982,0,94.1,1,0
BUYER-03880,LOW_RISK,317,58,0.957,0,86.6,1,0
BUYER-03881,LOW_RISK,1263,72,0.984,0,88.3,1,0
BUYER-03882,LOW_RISK,1288,61,0.994,0,89.5,1,0
BUYER-03883,HIGH_RISK,346,10,0.667,2,42.3,0,0
BUYER-03884,LOW_RISK,1651,61,0.988,0,90.4,1,0
BUYER-03885,MEDIUM_RISK,447,8,0.87,0,67.0,1,0
BUYER-03886,MEDIUM_RISK,67,9,0.81,0,78.9,0,0
BUYER-03887,MEDIUM_RISK,335,6,0.885,0,64.9,1,0
BUYER-03888,LOW_RISK,949,48,0.969,0,87.0,1,0
BUYER-03889,LOW_RISK,586,12,0.961,0,94.4,1,0
BUYER-03890,LOW_RISK,1716,28,0.972,0,91.4,1,0
BUYER-03891,LOW_RISK,1733,27,0.982,0,86.8,1,0
BUYER-03892,LOW_RISK,680,28,0.951,0,85.6,1,0
BUYER-03893,LOW_RISK,1079,42,0.974,0,89.5,1,0
BUYER-03894,LOW_RISK,1132,57,0.994,0,89.4,1,0
BUYER-03895,LOW_RISK,1031,16,0.962,0,84.3,1,0
BUYER-03896,MEDIUM_RISK,685,6,0.841,0,56.3,1,0
BUYER-03897,LOW_RISK,1132,59,0.994,0,96.0,1,0
BUYER-03898,MEDIUM_RISK,109,22,0.841,0,74.7,1,0
BUYER-03899,LOW_RISK,1309,71,0.952,0,97.7,1,0
BUYER-03900,MEDIUM_RISK,520,5,0.849,0,59.6,1,0
BUYER-03901,LOW_RISK,1217,31,0.951,0,83.6,1,0
BUYER-03902,LOW_RISK,1704,44,0.953,0,90.2,1,0
BUYER-03903,MEDIUM_RISK,675,19,0.852,0,65.8,1,0
BUYER-03904,LOW_RISK,864,68,0.967,0,87.2,1,0
BUYER-03905,MEDIUM_RISK,406,4,0.912,1,69.1,1,0
BUYER-03906,LOW_RISK,1077,72,0.972,0,90.2,1,0
BUYER-03907,LOW_RISK,1544,80,0.986,0,91.1,1,0
BUYER-03908,LOW_RISK,317,29,0.997,0,88.0,1,1
BUYER-03909,LOW_RISK,1532,66,0.987,0,92.2,1,0
BUYER-03910,LOW_RISK,474,28,0.988,0,85.1,1,1
BUYER-03911,LOW_RISK,1443,59,0.964,0,85.5,1,0
BUYER-03912,LOW_RISK,270,48,0.951,0,84.1,1,0
BUYER-03913,LOW_RISK,1036,34,0.971,0,95.2,1,0
BUYER-03914,HIGH_RISK,92,8,0.704,1,36.3,1,0
BUYER-03915,HIGH_RISK,122,2,0.788,2,34.8,0,1
BUYER-03916,LOW_RISK,256,43,0.986,0,94.6,1,0
BUYER-03917,LOW_RISK,628,69,0.996,0,84.6,1,0
BUYER-03918,LOW_RISK,1557,73,0.956,0,92.7,1,0
BUYER-03919,LOW_RISK,881,57,0.993,0,97.3,1,0
BUYER-03920,LOW_RISK,708,80,0.994,0,95.0,1,0
BUYER-03921,HIGH_RISK,184,12,0.726,2,41.0,1,0
BUYER-03922,LOW_RISK,1547,76,0.984,0,94.9,1,0
BUYER-03923,LOW_RISK,1773,41,0.961,0,82.4,1,0
BUYER-03924,LOW_RISK,1169,44,0.966,0,90.1,1,0
BUYER-03925,REPEATED_HIGH_RISK,134,8,0.219,5,24.0,0,0
BUYER-03926,LOW_RISK,707,23,0.991,0,90.9,1,0
BUYER-03927,LOW_RISK,1784,38,0.994,0,86.0,1,0
BUYER-03928,LOW_RISK,493,22,0.985,0,90.1,1,1
BUYER-03929,LOW_RISK,1025,61,0.971,0,87.3,1,0
BUYER-03930,LOW_RISK,346,41,0.958,0,89.7,1,0
BUYER-03931,MEDIUM_RISK,97,13,0.93,0,56.4,1,0
BUYER-03932,LOW_RISK,1011,65,0.958,0,89.6,1,0
BUYER-03933,LOW_RISK,242,52,0.997,0,83.9,1,0
BUYER-03934,LOW_RISK,662,72,0.994,0,89.9,1,1
BUYER-03935,LOW_RISK,991,37,0.97,0,95.6,1,0
BUYER-03936,LOW_RISK,766,41,0.981,0,84.6,1,0
BUYER-03937,LOW_RISK,506,51,0.98,0,95.7,1,0
BUYER-03938,LOW_RISK,386,20,0.954,0,93.8,1,0
BUYER-03939,LOW_RISK,487,79,0.971,0,96.3,1,0
BUYER-03940,LOW_RISK,1608,29,1.0,0,82.0,1,0
BUYER-03941,LOW_RISK,543,14,0.957,0,97.7,1,0
BUYER-03942,MEDIUM_RISK,405,24,0.896,0,74.8,1,0
BUYER-03943,LOW_RISK,911,21,0.952,0,96.3,1,0
BUYER-03944,LOW_RISK,856,22,0.952,0,91.3,1,0
BUYER-03945,LOW_RISK,260,10,0.991,0,85.1,1,0
BUYER-03946,LOW_RISK,528,60,0.991,0,89.8,1,0
BUYER-03947,LOW_RISK,727,47,0.981,0,90.4,1,0
BUYER-03948,LOW_RISK,1434,46,0.957,0,89.4,1,0
BUYER-03949,LOW_RISK,712,30,0.982,0,93.2,1,0
BUYER-03950,LOW_RISK,376,73,0.98,0,93.0,1,0
BUYER-03951,LOW_RISK,245,60,0.993,0,92.6,1,0
BUYER-03952,MEDIUM_RISK,514,17,0.85,0,67.2,1,0
BUYER-03953,HIGH_RISK,165,12,0.734,1,38.8,1,0
BUYER-03954,LOW_RISK,661,49,0.983,0,85.4,1,0
BUYER-03955,LOW_RISK,1124,29,0.985,0,82.6,1,0
BUYER-03956,MEDIUM_RISK,90,21,0.923,0,58.5,1,0
BUYER-03957,MEDIUM_RISK,489,7,0.821,0,56.8,1,0
BUYER-03958,LOW_RISK,1757,52,0.984,0,91.3,1,0
BUYER-03959,LOW_RISK,1651,71,0.972,0,84.0,1,0
BUYER-03960,LOW_RISK,1499,80,0.986,0,86.8,1,0
BUYER-03961,LOW_RISK,1632,36,0.995,0,92.5,1,0
BUYER-03962,LOW_RISK,925,30,0.97,0,87.5,1,0
BUYER-03963,LOW_RISK,280,14,0.992,0,94.9,1,0
BUYER-03964,LOW_RISK,977,33,0.991,0,89.4,1,0
BUYER-03965,LOW_RISK,994,51,0.972,0,95.1,1,0
BUYER-03966,LOW_RISK,1706,64,0.983,0,97.3,1,0
BUYER-03967,LOW_RISK,1719,33,0.95,0,94.5,1,0
BUYER-03968,LOW_RISK,693,63,0.955,0,96.0,1,0
BUYER-03969,LOW_RISK,865,28,0.952,0,84.2,1,0
BUYER-03970,LOW_RISK,1230,73,0.998,0,96.5,1,0
BUYER-03971,HIGH_RISK,107,8,0.607,2,32.2,1,0
BUYER-03972,LOW_RISK,918,53,0.99,0,88.0,1,0
BUYER-03973,LOW_RISK,185,23,0.974,0,95.2,1,0
BUYER-03974,LOW_RISK,1206,35,0.961,0,87.3,1,0
BUYER-03975,LOW_RISK,1528,74,0.964,0,88.3,1,0
BUYER-03976,MEDIUM_RISK,571,21,0.886,0,69.7,1,0
BUYER-03977,LOW_RISK,1070,15,0.973,0,93.5,1,0
BUYER-03978,LOW_RISK,1300,47,0.977,0,94.1,1,0
BUYER-03979,LOW_RISK,271,46,0.967,0,88.5,1,0
BUYER-03980,LOW_RISK,1464,18,0.974,0,96.1,1,0
BUYER-03981,MEDIUM_RISK,504,22,0.88,1,77.2,1,0
BUYER-03982,LOW_RISK,1390,38,0.972,0,86.8,1,0
BUYER-03983,LOW_RISK,1515,14,0.991,0,92.7,1,0
BUYER-03984,LOW_RISK,1366,42,0.97,0,82.1,1,0
BUYER-03985,LOW_RISK,649,15,0.961,0,95.1,1,0
BUYER-03986,MEDIUM_RISK,274,15,0.8,1,56.1,1,0
BUYER-03987,LOW_RISK,335,45,0.977,0,96.4,1,0
BUYER-03988,LOW_RISK,1033,12,0.975,0,97.2,1,0
BUYER-03989,LOW_RISK,1750,49,0.988,0,92.6,1,0
BUYER-03990,MEDIUM_RISK,538,21,0.83,0,70.9,1,1
BUYER-03991,LOW_RISK,768,24,0.993,0,96.8,1,0
BUYER-03992,LOW_RISK,976,52,0.959,0,92.5,1,1
BUYER-03993,LOW_RISK,209,64,0.954,0,92.3,1,0
BUYER-03994,LOW_RISK,1162,12,0.955,0,96.9,1,0
BUYER-03995,LOW_RISK,1677,43,0.958,0,86.7,1,0
BUYER-03996,LOW_RISK,706,63,0.958,0,88.8,1,0
BUYER-03997,LOW_RISK,1673,30,0.968,0,94.2,1,0
BUYER-03998,LOW_RISK,771,49,1.0,0,93.1,1,0
BUYER-03999,LOW_RISK,1488,18,0.954,0,84.5,1,0
BUYER-04000,LOW_RISK,428,10,0.998,0,83.1,1,0
BUYER-04001,LOW_RISK,1757,44,0.998,0,83.8,1,0
BUYER-04002,LOW_RISK,1104,53,0.956,0,94.3,1,0
BUYER-04003,LOW_RISK,1776,78,0.973,0,84.0,1,0
BUYER-04004,LOW_RISK,1548,45,0.989,0,87.7,1,0
BUYER-04005,LOW_RISK,368,55,0.959,0,94.9,1,0
BUYER-04006,LOW_RISK,1296,42,0.986,0,96.6,1,0
BUYER-04007,LOW_RISK,1450,21,1.0,0,84.6,1,0
BUYER-04008,LOW_RISK,880,30,0.976,0,93.0,1,0
BUYER-04009,LOW_RISK,577,71,1.0,0,94.1,1,0
BUYER-04010,LOW_RISK,899,13,0.967,0,88.2,1,0
BUYER-04011,LOW_RISK,1729,65,0.955,0,90.2,1,0
BUYER-04012,LOW_RISK,1004,37,0.958,0,91.9,1,0
BUYER-04013,LOW_RISK,1170,18,0.999,0,93.9,1,0
BUYER-04014,LOW_RISK,1525,73,0.978,0,89.3,1,0
BUYER-04015,LOW_RISK,839,57,0.96,0,82.7,1,0
BUYER-04016,LOW_RISK,1107,34,0.95,0,87.7,1,0
BUYER-04017,MEDIUM_RISK,411,23,0.847,0,73.0,1,1
BUYER-04018,MEDIUM_RISK,37,13,0.921,0,57.0,1,1
BUYER-04019,LOW_RISK,376,76,0.978,0,83.9,1,0
BUYER-04020,LOW_RISK,458,70,0.975,0,97.9,1,1
BUYER-04021,LOW_RISK,1666,53,0.956,0,95.0,1,0
BUYER-04022,LOW_RISK,1790,50,0.962,0,90.6,1,0
BUYER-04023,LOW_RISK,1051,47,0.952,0,83.7,1,0
BUYER-04024,MEDIUM_RISK,337,24,0.935,0,58.3,1,0
BUYER-04025,LOW_RISK,708,58,1.0,0,86.5,1,0
BUYER-04026,MEDIUM_RISK,451,5,0.937,1,63.7,1,0
BUYER-04027,LOW_RISK,1200,49,0.987,0,88.5,1,1
BUYER-04028,LOW_RISK,233,46,0.966,0,93.4,1,0
BUYER-04029,LOW_RISK,461,77,0.98,0,95.6,1,0
BUYER-04030,LOW_RISK,922,24,0.955,0,86.2,1,0
BUYER-04031,LOW_RISK,863,50,0.994,0,84.9,1,0
BUYER-04032,LOW_RISK,614,20,0.962,0,86.4,1,0
BUYER-04033,LOW_RISK,1737,80,0.988,0,96.6,1,0
BUYER-04034,REPEATED_HIGH_RISK,27,10,0.555,5,26.1,0,1
BUYER-04035,LOW_RISK,1527,48,0.955,0,88.5,1,0
BUYER-04036,REPEATED_HIGH_RISK,17,6,0.549,6,9.9,0,0
BUYER-04037,HIGH_RISK,185,6,0.741,2,34.3,0,1
BUYER-04038,LOW_RISK,373,10,0.955,0,89.6,1,0
BUYER-04039,LOW_RISK,1140,56,0.97,0,83.7,1,0
BUYER-04040,LOW_RISK,505,41,0.954,0,84.7,1,1
BUYER-04041,MEDIUM_RISK,694,21,0.898,0,57.5,1,0
BUYER-04042,LOW_RISK,214,70,0.961,0,93.3,1,1
BUYER-04043,LOW_RISK,526,75,0.962,0,88.5,1,0
BUYER-04044,LOW_RISK,1575,76,0.994,0,91.2,1,0
BUYER-04045,LOW_RISK,1674,34,0.975,0,85.8,1,0
BUYER-04046,LOW_RISK,1060,37,0.981,0,88.2,1,0
BUYER-04047,LOW_RISK,1260,47,0.967,0,88.5,1,0
BUYER-04048,LOW_RISK,1389,62,0.996,0,86.6,1,0
BUYER-04049,MEDIUM_RISK,285,22,0.92,0,58.0,1,0
BUYER-04050,LOW_RISK,1040,42,0.982,0,90.0,1,0
BUYER-04051,MEDIUM_RISK,147,15,0.883,0,72.9,1,0
BUYER-04052,LOW_RISK,1595,26,0.979,0,95.0,1,0
BUYER-04053,MEDIUM_RISK,624,6,0.935,0,61.0,0,0
BUYER-04054,LOW_RISK,1636,15,0.962,0,86.0,1,0
BUYER-04055,LOW_RISK,275,19,0.984,0,84.1,1,0
BUYER-04056,LOW_RISK,626,45,0.998,0,91.2,1,0
BUYER-04057,LOW_RISK,1514,36,0.986,0,95.3,1,1
BUYER-04058,LOW_RISK,208,62,0.955,0,85.3,1,0
BUYER-04059,MEDIUM_RISK,177,7,0.901,0,73.9,0,0
BUYER-04060,REPEATED_HIGH_RISK,101,7,0.571,6,21.2,1,0
BUYER-04061,LOW_RISK,1573,45,0.972,0,85.2,1,0
BUYER-04062,LOW_RISK,1480,28,0.96,0,87.7,1,1
BUYER-04063,LOW_RISK,1543,41,0.974,0,97.2,1,0
BUYER-04064,LOW_RISK,1075,16,0.963,0,88.9,1,1
BUYER-04065,MEDIUM_RISK,192,4,0.909,1,75.0,1,0
BUYER-04066,LOW_RISK,1712,68,0.976,0,85.3,1,0
BUYER-04067,LOW_RISK,406,46,0.957,0,86.5,1,0
BUYER-04068,HIGH_RISK,233,14,0.603,1,45.4,1,0
BUYER-04069,LOW_RISK,1264,18,0.979,0,87.6,1,1
BUYER-04070,MEDIUM_RISK,689,10,0.863,0,71.5,1,1
BUYER-04071,LOW_RISK,744,71,0.998,0,86.3,1,0
BUYER-04072,LOW_RISK,1163,38,0.972,0,84.1,1,0
BUYER-04073,LOW_RISK,1779,40,0.982,0,88.2,1,0
BUYER-04074,LOW_RISK,1309,75,0.982,0,84.3,1,0
BUYER-04075,LOW_RISK,728,57,0.976,0,93.0,1,0
BUYER-04076,LOW_RISK,736,76,0.99,0,93.9,1,0
BUYER-04077,LOW_RISK,221,18,0.978,0,96.2,1,0
BUYER-04078,LOW_RISK,674,46,0.963,0,85.9,1,1
BUYER-04079,LOW_RISK,1548,77,0.996,0,92.0,1,0
BUYER-04080,LOW_RISK,1262,10,0.957,0,82.3,1,0
BUYER-04081,LOW_RISK,1753,80,0.971,0,87.5,1,0
BUYER-04082,LOW_RISK,1165,34,0.959,0,93.7,1,0
BUYER-04083,LOW_RISK,1656,64,0.963,0,94.9,1,0
BUYER-04084,LOW_RISK,1380,35,0.981,0,92.7,1,1
BUYER-04085,LOW_RISK,1412,55,0.955,0,89.5,1,0
BUYER-04086,LOW_RISK,581,41,0.966,0,95.7,1,0
BUYER-04087,LOW_RISK,910,70,0.988,0,90.5,1,0
BUYER-04088,LOW_RISK,1189,39,0.972,0,91.0,1,0
BUYER-04089,MEDIUM_RISK,108,6,0.879,0,58.3,1,0
BUYER-04090,LOW_RISK,1021,15,0.96,0,88.6,1,0
BUYER-04091,LOW_RISK,1692,19,0.955,0,97.8,1,0
BUYER-04092,LOW_RISK,1303,66,0.986,0,85.5,1,0
BUYER-04093,LOW_RISK,619,37,0.969,0,82.6,1,0
BUYER-04094,MEDIUM_RISK,41,21,0.857,1,78.8,1,0
BUYER-04095,LOW_RISK,1496,67,0.995,0,83.5,1,0
BUYER-04096,LOW_RISK,664,25,0.955,0,86.0,1,0
BUYER-04097,LOW_RISK,1405,78,0.987,0,97.0,1,0
BUYER-04098,LOW_RISK,673,15,0.974,0,86.4,1,0
BUYER-04099,LOW_RISK,522,10,0.996,0,89.8,1,0
BUYER-04100,LOW_RISK,623,62,0.994,0,83.6,1,0
BUYER-04101,LOW_RISK,1211,39,0.996,0,86.4,1,0
BUYER-04102,LOW_RISK,1054,54,0.997,0,94.1,1,0
BUYER-04103,LOW_RISK,1319,31,0.951,0,83.6,1,0
BUYER-04104,LOW_RISK,1464,12,0.983,0,85.1,1,0
BUYER-04105,LOW_RISK,501,39,0.987,0,93.7,1,0
BUYER-04106,LOW_RISK,581,36,0.96,0,86.7,1,0
BUYER-04107,HIGH_RISK,46,12,0.685,1,42.5,0,0
BUYER-04108,LOW_RISK,244,25,0.986,0,93.6,1,0
BUYER-04109,MEDIUM_RISK,405,23,0.906,0,73.3,1,1
BUYER-04110,LOW_RISK,1586,65,0.958,0,83.0,1,1
BUYER-04111,LOW_RISK,505,70,0.969,0,84.7,1,0
BUYER-04112,LOW_RISK,251,78,0.959,0,95.5,1,1
BUYER-04113,LOW_RISK,1040,23,0.954,0,84.5,1,0
BUYER-04114,LOW_RISK,329,29,0.971,0,89.0,1,0
BUYER-04115,LOW_RISK,1612,31,0.963,0,90.3,1,0
BUYER-04116,LOW_RISK,1316,77,0.997,0,96.9,1,0
BUYER-04117,MEDIUM_RISK,629,13,0.924,0,58.8,1,1
BUYER-04118,LOW_RISK,1397,78,0.983,0,85.4,1,0
BUYER-04119,LOW_RISK,1099,64,0.959,0,95.4,1,0
BUYER-04120,LOW_RISK,1091,45,0.966,0,91.7,1,1
BUYER-04121,LOW_RISK,1682,12,0.96,0,86.7,1,0
BUYER-04122,LOW_RISK,1762,78,0.973,0,83.5,1,0
BUYER-04123,LOW_RISK,1370,24,0.99,0,84.0,1,0
BUYER-04124,MEDIUM_RISK,85,10,0.903,0,67.8,1,0
BUYER-04125,LOW_RISK,411,71,0.97,0,92.4,1,0
BUYER-04126,LOW_RISK,1639,27,0.953,0,84.9,1,0
BUYER-04127,LOW_RISK,654,26,0.962,0,82.8,1,0
BUYER-04128,HIGH_RISK,325,10,0.768,1,36.1,1,1
BUYER-04129,LOW_RISK,1311,20,0.967,0,90.6,1,1
BUYER-04130,LOW_RISK,711,43,0.967,0,84.2,1,0
BUYER-04131,LOW_RISK,545,15,0.971,0,95.6,1,0
BUYER-04132,LOW_RISK,600,27,0.99,0,85.5,1,1
BUYER-04133,LOW_RISK,1483,21,0.976,0,92.0,1,0
BUYER-04134,LOW_RISK,326,64,0.986,0,90.7,1,0
BUYER-04135,LOW_RISK,1690,51,0.973,0,92.9,1,0
BUYER-04136,LOW_RISK,871,13,0.952,0,82.2,1,0
BUYER-04137,LOW_RISK,235,13,0.993,0,93.6,1,0
BUYER-04138,LOW_RISK,351,51,0.958,0,93.9,1,0
BUYER-04139,LOW_RISK,1484,20,0.954,0,85.0,1,0
BUYER-04140,LOW_RISK,381,66,0.989,0,90.6,1,0
BUYER-04141,LOW_RISK,940,17,0.989,0,94.0,1,0
BUYER-04142,LOW_RISK,1418,13,0.986,0,97.8,1,0
BUYER-04143,LOW_RISK,820,58,0.984,0,94.7,1,0
BUYER-04144,MEDIUM_RISK,546,23,0.841,0,62.0,1,0
BUYER-04145,MEDIUM_RISK,193,5,0.876,1,58.6,0,1
BUYER-04146,LOW_RISK,1548,79,0.974,0,89.9,1,0
BUYER-04147,LOW_RISK,1752,19,0.958,0,95.2,1,0
BUYER-04148,LOW_RISK,771,74,0.981,0,82.7,1,1
BUYER-04149,LOW_RISK,957,70,0.952,0,89.0,1,0
BUYER-04150,LOW_RISK,233,15,0.98,0,82.0,1,0
BUYER-04151,LOW_RISK,715,41,0.969,0,92.2,1,0
BUYER-04152,LOW_RISK,361,56,0.986,0,86.4,1,0
BUYER-04153,LOW_RISK,487,61,0.969,0,84.0,1,1
BUYER-04154,LOW_RISK,1025,29,0.99,0,90.2,1,0
BUYER-04155,LOW_RISK,838,57,0.983,0,87.9,1,0
BUYER-04156,LOW_RISK,528,58,0.986,0,90.8,1,0
BUYER-04157,LOW_RISK,260,70,0.953,0,85.3,1,0
BUYER-04158,MEDIUM_RISK,450,22,0.92,1,68.4,1,0
BUYER-04159,HIGH_RISK,331,7,0.749,1,32.3,1,1
BUYER-04160,LOW_RISK,1458,77,0.959,0,83.0,1,1
BUYER-04161,LOW_RISK,728,16,0.996,0,95.8,1,0
BUYER-04162,LOW_RISK,697,77,0.956,0,90.9,1,0
BUYER-04163,LOW_RISK,1263,10,0.963,0,93.7,1,0
BUYER-04164,LOW_RISK,1498,32,0.977,0,89.6,1,0
BUYER-04165,LOW_RISK,689,76,0.96,0,93.5,1,1
BUYER-04166,LOW_RISK,564,77,0.982,0,88.4,1,0
BUYER-04167,LOW_RISK,676,29,0.984,0,84.3,1,0
BUYER-04168,LOW_RISK,999,47,0.986,0,90.3,1,0
BUYER-04169,LOW_RISK,1501,49,0.97,0,84.5,1,0
BUYER-04170,LOW_RISK,677,63,0.988,0,84.1,1,0
BUYER-04171,LOW_RISK,1659,77,0.972,0,83.7,1,0
BUYER-04172,REPEATED_HIGH_RISK,71,3,0.376,3,24.4,0,1
BUYER-04173,LOW_RISK,777,59,0.958,0,97.1,1,0
BUYER-04174,LOW_RISK,945,47,0.993,0,82.7,1,0
BUYER-04175,MEDIUM_RISK,442,10,0.901,1,63.9,0,0
BUYER-04176,REPEATED_HIGH_RISK,146,4,0.312,3,21.4,1,1
BUYER-04177,LOW_RISK,1142,58,0.965,0,94.7,1,0
BUYER-04178,LOW_RISK,775,75,0.979,0,95.0,1,0
BUYER-04179,LOW_RISK,1214,12,0.989,0,93.7,1,0
BUYER-04180,LOW_RISK,934,40,0.978,0,90.0,1,0
BUYER-04181,LOW_RISK,545,45,0.967,0,97.6,1,0
BUYER-04182,LOW_RISK,1133,17,0.984,0,87.4,1,0
BUYER-04183,LOW_RISK,773,17,1.0,0,86.7,1,0
BUYER-04184,LOW_RISK,599,37,0.96,0,94.2,1,0
BUYER-04185,LOW_RISK,907,34,0.991,0,86.1,1,0
BUYER-04186,LOW_RISK,825,25,0.97,0,85.6,1,0
BUYER-04187,LOW_RISK,469,23,0.955,0,93.4,1,0
BUYER-04188,LOW_RISK,1111,77,0.973,0,96.1,1,0
BUYER-04189,LOW_RISK,433,79,0.952,0,97.6,1,0
BUYER-04190,LOW_RISK,673,21,0.982,0,85.2,1,0
BUYER-04191,LOW_RISK,623,27,0.97,0,87.2,1,0
BUYER-04192,MEDIUM_RISK,261,4,0.924,0,75.5,1,0
BUYER-04193,LOW_RISK,1661,19,0.998,0,96.7,1,0
BUYER-04194,LOW_RISK,1433,74,0.975,0,97.4,1,0
BUYER-04195,LOW_RISK,977,22,0.973,0,90.0,1,0
BUYER-04196,LOW_RISK,1013,80,0.986,0,90.4,1,0
BUYER-04197,LOW_RISK,197,11,0.996,0,85.3,1,0
BUYER-04198,LOW_RISK,234,13,0.979,0,87.4,1,0
BUYER-04199,LOW_RISK,1029,24,0.977,0,95.4,1,0
BUYER-04200,LOW_RISK,1252,11,0.962,0,88.0,1,0
BUYER-04201,MEDIUM_RISK,513,23,0.898,0,61.3,1,0
BUYER-04202,LOW_RISK,760,25,0.998,0,96.5,1,0
BUYER-04203,LOW_RISK,186,37,0.97,0,91.8,1,0
BUYER-04204,HIGH_RISK,192,4,0.768,1,33.3,1,0
BUYER-04205,LOW_RISK,1416,19,0.99,0,95.9,1,0
BUYER-04206,LOW_RISK,1489,46,0.955,0,86.7,1,0
BUYER-04207,LOW_RISK,653,60,0.976,0,87.5,1,0
BUYER-04208,LOW_RISK,234,27,0.988,0,88.5,1,0
BUYER-04209,LOW_RISK,529,30,0.997,0,91.7,1,0
BUYER-04210,LOW_RISK,1215,28,0.954,0,89.2,1,0
BUYER-04211,LOW_RISK,866,53,0.971,0,83.5,1,0
BUYER-04212,LOW_RISK,254,47,0.957,0,90.6,1,0
BUYER-04213,LOW_RISK,1710,15,0.991,0,92.1,1,0
BUYER-04214,LOW_RISK,1773,53,0.962,0,97.0,1,1
BUYER-04215,LOW_RISK,1057,65,0.998,0,93.9,1,0
BUYER-04216,MEDIUM_RISK,561,25,0.813,0,72.9,1,1
BUYER-04217,LOW_RISK,1053,12,0.997,0,97.1,1,1
BUYER-04218,LOW_RISK,293,76,0.994,0,87.8,1,0
BUYER-04219,LOW_RISK,994,21,0.991,0,94.2,1,0
BUYER-04220,LOW_RISK,971,29,0.984,0,83.2,1,0
BUYER-04221,LOW_RISK,1706,37,0.955,0,84.8,1,0
BUYER-04222,LOW_RISK,627,42,0.995,0,87.7,1,0
BUYER-04223,MEDIUM_RISK,470,19,0.877,1,65.5,1,0
BUYER-04224,LOW_RISK,402,72,0.981,0,89.8,1,0
BUYER-04225,LOW_RISK,1742,28,0.981,0,97.7,1,0
BUYER-04226,LOW_RISK,720,47,0.987,0,82.6,1,0
BUYER-04227,LOW_RISK,675,48,0.995,0,82.1,1,0
BUYER-04228,LOW_RISK,1260,67,0.989,0,87.5,1,0
BUYER-04229,LOW_RISK,666,71,0.993,0,96.6,1,0
BUYER-04230,LOW_RISK,1688,77,0.957,0,82.7,1,0
BUYER-04231,LOW_RISK,658,57,0.981,0,84.0,1,0
BUYER-04232,LOW_RISK,389,57,0.973,0,93.1,1,0
BUYER-04233,LOW_RISK,1420,16,0.975,0,97.9,1,0
BUYER-04234,MEDIUM_RISK,624,25,0.809,0,61.9,1,1
BUYER-04235,LOW_RISK,1355,33,0.997,0,93.4,1,0
BUYER-04236,LOW_RISK,1107,42,0.979,0,84.6,1,0
BUYER-04237,LOW_RISK,1728,63,0.988,0,91.2,1,0
BUYER-04238,LOW_RISK,949,47,0.992,0,92.3,1,0
BUYER-04239,LOW_RISK,1735,68,0.954,0,90.4,1,1
BUYER-04240,LOW_RISK,477,78,0.989,0,91.3,1,0
BUYER-04241,LOW_RISK,1484,41,0.957,0,91.0,1,0
BUYER-04242,LOW_RISK,782,12,0.989,0,96.2,1,0
BUYER-04243,LOW_RISK,1346,34,0.998,0,96.2,1,0
BUYER-04244,LOW_RISK,401,33,0.992,0,94.9,1,0
BUYER-04245,LOW_RISK,636,47,0.989,0,94.4,1,0
BUYER-04246,MEDIUM_RISK,470,15,0.879,0,78.1,0,0
BUYER-04247,LOW_RISK,292,62,0.981,0,82.4,1,0
BUYER-04248,LOW_RISK,1322,70,0.958,0,92.2,1,0
BUYER-04249,LOW_RISK,1116,63,0.999,0,82.5,1,0
BUYER-04250,HIGH_RISK,241,4,0.742,2,37.3,0,1
BUYER-04251,LOW_RISK,1663,39,0.976,0,85.5,1,0
BUYER-04252,LOW_RISK,1552,56,0.983,0,96.4,1,0
BUYER-04253,LOW_RISK,1245,27,0.983,0,91.0,1,0
BUYER-04254,LOW_RISK,215,46,0.991,0,96.4,1,0
BUYER-04255,LOW_RISK,1014,25,0.999,0,96.4,1,0
BUYER-04256,LOW_RISK,1339,65,0.967,0,90.8,1,0
BUYER-04257,REPEATED_HIGH_RISK,44,8,0.424,5,18.9,0,1
BUYER-04258,LOW_RISK,480,65,0.983,0,83.5,1,0
BUYER-04259,LOW_RISK,1307,58,0.979,0,87.5,1,0
BUYER-04260,LOW_RISK,1470,19,0.996,0,85.5,1,0
BUYER-04261,LOW_RISK,1330,71,0.99,0,83.6,1,0
BUYER-04262,MEDIUM_RISK,179,9,0.913,0,62.5,1,0
BUYER-04263,LOW_RISK,869,25,0.963,0,85.1,1,0
BUYER-04264,LOW_RISK,726,61,0.977,0,85.8,1,0
BUYER-04265,LOW_RISK,1763,49,0.992,0,86.4,1,0
BUYER-04266,LOW_RISK,263,13,0.992,0,84.6,1,0
BUYER-04267,LOW_RISK,1720,38,0.95,0,92.7,1,0
BUYER-04268,LOW_RISK,1232,65,0.98,0,96.5,1,1
BUYER-04269,LOW_RISK,977,18,1.0,0,83.9,1,0
BUYER-04270,HIGH_RISK,213,10,0.638,2,33.4,0,1
BUYER-04271,LOW_RISK,575,52,0.991,0,95.2,1,0
BUYER-04272,HIGH_RISK,28,2,0.78,1,38.4,0,0
BUYER-04273,LOW_RISK,294,45,0.954,0,92.1,1,0
BUYER-04274,LOW_RISK,329,51,0.953,0,88.5,1,0
BUYER-04275,LOW_RISK,542,76,0.96,0,91.3,1,0
BUYER-04276,LOW_RISK,1087,62,0.981,0,82.8,1,0
BUYER-04277,LOW_RISK,934,38,0.982,0,86.3,1,0
BUYER-04278,LOW_RISK,1194,66,0.972,0,86.5,1,0
BUYER-04279,LOW_RISK,512,17,0.986,0,89.2,1,0
BUYER-04280,LOW_RISK,466,61,0.988,0,88.6,1,0
BUYER-04281,LOW_RISK,446,27,0.967,0,90.9,1,0
BUYER-04282,LOW_RISK,368,72,0.986,0,95.2,1,0
BUYER-04283,LOW_RISK,967,16,0.999,0,91.0,1,0
BUYER-04284,LOW_RISK,1412,18,0.988,0,86.2,1,1
BUYER-04285,LOW_RISK,993,77,0.984,0,86.2,1,0
BUYER-04286,LOW_RISK,579,35,0.96,0,85.7,1,0
BUYER-04287,MEDIUM_RISK,165,13,0.85,1,77.3,1,0
BUYER-04288,LOW_RISK,594,54,0.996,0,88.4,1,0
BUYER-04289,LOW_RISK,1136,79,0.996,0,89.4,1,0
BUYER-04290,LOW_RISK,599,31,0.984,0,83.3,1,0
BUYER-04291,LOW_RISK,514,10,0.969,0,85.5,1,0
BUYER-04292,LOW_RISK,1044,40,0.991,0,97.7,1,0
BUYER-04293,LOW_RISK,830,26,0.973,0,90.7,1,0
BUYER-04294,MEDIUM_RISK,383,15,0.817,0,60.2,1,0
BUYER-04295,LOW_RISK,332,79,0.965,0,86.2,1,0
BUYER-04296,LOW_RISK,280,31,0.993,0,87.2,1,0
BUYER-04297,LOW_RISK,468,60,0.965,0,82.7,1,0
BUYER-04298,LOW_RISK,373,65,0.964,0,97.9,1,0
BUYER-04299,LOW_RISK,664,67,0.96,0,86.0,1,0
BUYER-04300,LOW_RISK,388,60,0.974,0,83.7,1,1
BUYER-04301,LOW_RISK,470,69,0.987,0,90.0,1,0
BUYER-04302,MEDIUM_RISK,555,8,0.928,0,56.8,1,0
BUYER-04303,LOW_RISK,510,21,0.994,0,96.3,1,0
BUYER-04304,LOW_RISK,1386,78,0.991,0,83.6,1,0
BUYER-04305,MEDIUM_RISK,228,11,0.873,0,78.4,1,0
BUYER-04306,LOW_RISK,531,79,0.967,0,95.3,1,0
BUYER-04307,LOW_RISK,1786,66,0.962,0,88.8,1,0
BUYER-04308,LOW_RISK,654,79,0.962,0,83.8,1,0
BUYER-04309,MEDIUM_RISK,557,8,0.876,0,78.9,1,0
BUYER-04310,LOW_RISK,1016,13,0.967,0,91.2,1,0
BUYER-04311,LOW_RISK,1100,12,0.975,0,93.2,1,0
BUYER-04312,HIGH_RISK,293,13,0.721,2,38.8,1,0
BUYER-04313,LOW_RISK,423,68,0.974,0,83.0,1,1
BUYER-04314,MEDIUM_RISK,538,10,0.926,0,67.4,1,0
BUYER-04315,HIGH_RISK,90,15,0.751,2,38.2,1,0
BUYER-04316,LOW_RISK,184,58,0.977,0,83.3,1,0
BUYER-04317,LOW_RISK,530,33,0.961,0,87.6,1,0
BUYER-04318,LOW_RISK,1560,30,0.954,0,88.3,1,0
BUYER-04319,LOW_RISK,1530,56,0.951,0,87.4,1,0
BUYER-04320,LOW_RISK,1096,23,0.984,0,88.5,1,0
BUYER-04321,LOW_RISK,487,19,0.976,0,94.3,1,0
BUYER-04322,MEDIUM_RISK,208,5,0.937,0,58.3,1,1
BUYER-04323,LOW_RISK,1342,60,0.998,0,94.1,1,0
BUYER-04324,LOW_RISK,260,78,0.989,0,86.3,1,0
BUYER-04325,LOW_RISK,1060,79,0.964,0,90.7,1,0
BUYER-04326,HIGH_RISK,23,4,0.624,1,47.6,1,1
BUYER-04327,LOW_RISK,857,14,0.998,0,93.1,1,0
BUYER-04328,REPEATED_HIGH_RISK,65,10,0.365,5,18.1,0,1
BUYER-04329,LOW_RISK,777,26,0.965,0,91.7,1,0
BUYER-04330,LOW_RISK,1686,75,0.978,0,83.1,1,0
BUYER-04331,LOW_RISK,352,46,0.967,0,92.0,1,0
BUYER-04332,LOW_RISK,1219,68,0.998,0,94.0,1,1
BUYER-04333,LOW_RISK,253,66,0.955,0,96.8,1,0
BUYER-04334,LOW_RISK,661,79,0.97,0,88.2,1,0
BUYER-04335,LOW_RISK,581,79,0.988,0,92.5,1,0
BUYER-04336,LOW_RISK,233,67,0.964,0,94.5,1,0
BUYER-04337,LOW_RISK,1437,18,0.986,0,92.6,1,0
BUYER-04338,MEDIUM_RISK,502,18,0.885,0,66.8,1,0
BUYER-04339,LOW_RISK,1289,29,0.993,0,91.2,1,0
BUYER-04340,LOW_RISK,1073,74,0.975,0,95.5,1,0
BUYER-04341,LOW_RISK,445,50,0.976,0,85.1,1,0
BUYER-04342,LOW_RISK,1715,14,0.99,0,90.5,1,0
BUYER-04343,MEDIUM_RISK,566,3,0.856,0,59.5,1,0
BUYER-04344,MEDIUM_RISK,670,10,0.852,1,71.7,1,0
BUYER-04345,LOW_RISK,241,56,0.988,0,88.2,1,0
BUYER-04346,LOW_RISK,1670,52,0.984,0,91.1,1,0
BUYER-04347,LOW_RISK,242,25,0.958,0,96.4,1,0
BUYER-04348,LOW_RISK,540,53,0.993,0,86.3,1,0
BUYER-04349,MEDIUM_RISK,216,19,0.855,0,69.2,1,0
BUYER-04350,LOW_RISK,581,27,0.968,0,95.0,1,1
BUYER-04351,LOW_RISK,782,33,0.982,0,92.1,1,1
BUYER-04352,LOW_RISK,452,78,0.987,0,95.5,1,0
BUYER-04353,LOW_RISK,1796,60,0.992,0,85.6,1,0
BUYER-04354,HIGH_RISK,114,10,0.782,2,47.7,1,0
BUYER-04355,LOW_RISK,391,53,0.97,0,86.2,1,0
BUYER-04356,LOW_RISK,1581,51,0.959,0,94.2,1,0
BUYER-04357,LOW_RISK,1659,71,0.959,0,97.1,1,0
BUYER-04358,LOW_RISK,976,31,0.998,0,84.7,1,0
BUYER-04359,LOW_RISK,1386,38,0.993,0,85.6,1,0
BUYER-04360,LOW_RISK,1264,57,0.955,0,95.8,1,0
BUYER-04361,LOW_RISK,1213,23,0.978,0,88.3,1,0
BUYER-04362,LOW_RISK,929,13,0.998,0,89.8,1,0
BUYER-04363,LOW_RISK,718,59,0.997,0,90.9,1,0
BUYER-04364,LOW_RISK,212,51,0.988,0,94.4,1,0
BUYER-04365,LOW_RISK,768,43,0.961,0,85.1,1,0
BUYER-04366,LOW_RISK,1466,25,0.994,0,96.3,1,0
BUYER-04367,LOW_RISK,1361,19,0.996,0,83.8,1,0
BUYER-04368,LOW_RISK,1165,71,0.958,0,85.2,1,0
BUYER-04369,LOW_RISK,1623,52,0.979,0,86.3,1,0
BUYER-04370,LOW_RISK,257,21,0.992,0,85.4,1,0
BUYER-04371,LOW_RISK,809,21,0.966,0,89.3,1,0
BUYER-04372,LOW_RISK,849,51,0.96,0,85.5,1,0
BUYER-04373,LOW_RISK,535,56,0.981,0,85.4,1,0
BUYER-04374,LOW_RISK,1039,70,0.986,0,97.2,1,0
BUYER-04375,LOW_RISK,379,40,0.99,0,89.2,1,0
BUYER-04376,LOW_RISK,829,15,0.951,0,91.9,1,0
BUYER-04377,LOW_RISK,486,23,0.964,0,94.3,1,0
BUYER-04378,MEDIUM_RISK,119,4,0.909,0,59.3,1,0
BUYER-04379,LOW_RISK,964,77,0.997,0,84.0,1,0
BUYER-04380,LOW_RISK,1391,77,0.974,0,83.0,1,0
BUYER-04381,LOW_RISK,1680,26,0.988,0,82.1,1,0
BUYER-04382,LOW_RISK,919,26,0.962,0,90.2,1,0
BUYER-04383,LOW_RISK,1322,54,0.97,0,96.2,1,0
BUYER-04384,LOW_RISK,857,64,0.971,0,97.3,1,0
BUYER-04385,MEDIUM_RISK,627,19,0.858,0,73.1,1,0
BUYER-04386,LOW_RISK,1283,66,0.964,0,95.8,1,1
BUYER-04387,HIGH_RISK,85,9,0.734,1,40.7,0,0
BUYER-04388,LOW_RISK,1697,45,0.977,0,87.4,1,0
BUYER-04389,LOW_RISK,1384,64,0.998,0,94.7,1,0
BUYER-04390,LOW_RISK,829,46,0.959,0,84.1,1,0
BUYER-04391,LOW_RISK,1438,25,0.998,0,95.0,1,0
BUYER-04392,LOW_RISK,1056,52,0.951,0,96.9,1,0
BUYER-04393,LOW_RISK,192,15,0.952,0,94.8,1,1
BUYER-04394,LOW_RISK,942,39,0.979,0,96.1,1,0
BUYER-04395,HIGH_RISK,52,5,0.625,1,46.9,1,1
BUYER-04396,MEDIUM_RISK,148,13,0.922,0,56.7,1,0
BUYER-04397,LOW_RISK,191,51,0.967,0,82.5,1,0
BUYER-04398,LOW_RISK,597,64,0.978,0,84.9,1,1
BUYER-04399,LOW_RISK,385,46,0.965,0,95.6,1,0
BUYER-04400,LOW_RISK,1254,59,0.969,0,91.9,1,0
BUYER-04401,LOW_RISK,1647,72,0.957,0,97.4,1,0
BUYER-04402,LOW_RISK,1593,38,0.971,0,96.4,1,0
BUYER-04403,LOW_RISK,1795,66,0.986,0,86.7,1,0
BUYER-04404,LOW_RISK,1026,29,0.987,0,84.1,1,0
BUYER-04405,REPEATED_HIGH_RISK,138,4,0.549,5,12.2,1,1
BUYER-04406,LOW_RISK,322,77,0.961,0,95.0,1,0
BUYER-04407,HIGH_RISK,293,14,0.755,1,44.5,0,1
BUYER-04408,LOW_RISK,569,18,0.956,0,91.7,1,0
BUYER-04409,LOW_RISK,1501,10,0.981,0,92.0,1,0
BUYER-04410,LOW_RISK,300,58,0.987,0,96.2,1,0
BUYER-04411,LOW_RISK,1244,41,0.971,0,89.8,1,0
BUYER-04412,LOW_RISK,597,80,0.973,0,82.4,1,0
BUYER-04413,LOW_RISK,518,70,0.97,0,93.3,1,0
BUYER-04414,LOW_RISK,1542,68,0.959,0,84.9,1,0
BUYER-04415,LOW_RISK,896,71,0.973,0,86.2,1,0
BUYER-04416,LOW_RISK,923,44,0.974,0,88.1,1,0
BUYER-04417,LOW_RISK,1349,14,0.966,0,91.9,1,0
BUYER-04418,LOW_RISK,1226,68,0.969,0,92.5,1,0
BUYER-04419,LOW_RISK,673,23,0.97,0,90.8,1,0
BUYER-04420,LOW_RISK,552,66,0.998,0,92.3,1,0
BUYER-04421,LOW_RISK,539,18,0.973,0,85.4,1,0
BUYER-04422,HIGH_RISK,241,14,0.736,1,35.7,0,1
BUYER-04423,LOW_RISK,1336,33,0.998,0,96.8,1,0
BUYER-04424,LOW_RISK,847,33,0.959,0,91.2,1,0
BUYER-04425,LOW_RISK,1340,37,0.987,0,96.1,1,1
BUYER-04426,LOW_RISK,386,64,0.99,0,92.5,1,0
BUYER-04427,LOW_RISK,1378,19,0.982,0,85.8,1,0
BUYER-04428,LOW_RISK,1307,28,0.962,0,84.7,1,0
BUYER-04429,LOW_RISK,1517,56,0.985,0,85.9,1,0
BUYER-04430,LOW_RISK,1362,79,0.96,0,90.9,1,0
BUYER-04431,LOW_RISK,810,44,0.971,0,89.8,1,0
BUYER-04432,LOW_RISK,1500,69,0.987,0,96.1,1,0
BUYER-04433,LOW_RISK,628,30,0.99,0,86.6,1,0
BUYER-04434,MEDIUM_RISK,50,21,0.847,0,75.8,0,0
BUYER-04435,LOW_RISK,1362,73,0.981,0,93.6,1,0
BUYER-04436,LOW_RISK,549,67,0.98,0,95.6,1,1
BUYER-04437,LOW_RISK,1372,66,0.95,0,91.1,1,0
BUYER-04438,LOW_RISK,1081,18,0.958,0,87.3,1,0
BUYER-04439,REPEATED_HIGH_RISK,177,9,0.489,6,22.4,0,1
BUYER-04440,LOW_RISK,618,72,0.985,0,95.1,1,0
BUYER-04441,MEDIUM_RISK,171,21,0.933,0,77.7,1,1
BUYER-04442,MEDIUM_RISK,561,10,0.818,0,55.7,1,0
BUYER-04443,LOW_RISK,1562,22,0.957,0,87.8,1,0
BUYER-04444,LOW_RISK,1673,16,0.977,0,84.8,1,0
BUYER-04445,LOW_RISK,271,43,0.988,0,89.8,1,0
BUYER-04446,HIGH_RISK,253,10,0.696,1,46.7,0,0
BUYER-04447,LOW_RISK,1077,54,0.984,0,93.1,1,0
BUYER-04448,LOW_RISK,1658,57,0.983,0,87.7,1,0
BUYER-04449,LOW_RISK,664,78,0.97,0,83.0,1,0
BUYER-04450,LOW_RISK,1717,15,0.96,0,86.5,1,0
BUYER-04451,LOW_RISK,798,40,0.996,0,92.3,1,0
BUYER-04452,LOW_RISK,1352,51,0.955,0,83.1,1,0
BUYER-04453,MEDIUM_RISK,196,9,0.922,1,68.7,1,0
BUYER-04454,LOW_RISK,371,12,0.989,0,92.3,1,0
BUYER-04455,MEDIUM_RISK,201,21,0.905,0,70.9,1,0
BUYER-04456,LOW_RISK,369,48,0.96,0,86.4,1,0
BUYER-04457,LOW_RISK,1685,75,0.96,0,91.8,1,0
BUYER-04458,LOW_RISK,582,10,0.979,0,97.9,1,1
BUYER-04459,LOW_RISK,349,36,0.984,0,90.0,1,0
BUYER-04460,LOW_RISK,1426,24,0.957,0,82.8,1,0
BUYER-04461,LOW_RISK,489,29,0.956,0,84.5,1,0
BUYER-04462,LOW_RISK,1586,68,0.971,0,94.0,1,0
BUYER-04463,REPEATED_HIGH_RISK,42,2,0.244,3,10.3,0,0
BUYER-04464,LOW_RISK,963,61,0.955,0,96.6,1,0
BUYER-04465,LOW_RISK,265,25,0.981,0,82.5,1,0
BUYER-04466,LOW_RISK,458,53,0.983,0,96.8,1,0
BUYER-04467,LOW_RISK,1736,66,0.997,0,85.2,1,0
BUYER-04468,LOW_RISK,1455,37,0.952,0,91.2,1,0
BUYER-04469,HIGH_RISK,235,8,0.664,2,41.1,1,0
BUYER-04470,MEDIUM_RISK,213,17,0.891,0,71.0,1,0
BUYER-04471,MEDIUM_RISK,338,19,0.815,0,73.3,0,0
BUYER-04472,REPEATED_HIGH_RISK,79,4,0.238,5,8.5,0,0
BUYER-04473,LOW_RISK,1323,60,0.981,0,84.2,1,0
BUYER-04474,LOW_RISK,870,11,0.979,0,87.2,1,0
BUYER-04475,LOW_RISK,455,29,0.98,0,88.0,1,0
BUYER-04476,LOW_RISK,215,34,0.985,0,87.9,1,0
BUYER-04477,LOW_RISK,896,58,0.992,0,83.1,1,0
BUYER-04478,LOW_RISK,1699,10,0.99,0,85.4,1,0
BUYER-04479,LOW_RISK,1545,54,0.956,0,93.1,1,0
BUYER-04480,LOW_RISK,1196,12,0.989,0,85.7,1,0
BUYER-04481,LOW_RISK,1109,25,0.957,0,85.1,1,0
BUYER-04482,LOW_RISK,915,80,0.966,0,87.9,1,0
BUYER-04483,LOW_RISK,808,26,0.961,0,82.4,1,0
BUYER-04484,LOW_RISK,333,29,0.951,0,97.8,1,0
BUYER-04485,LOW_RISK,290,64,0.956,0,91.8,1,0
BUYER-04486,LOW_RISK,1161,39,0.978,0,86.4,1,0
BUYER-04487,LOW_RISK,520,17,0.972,0,93.5,1,0
BUYER-04488,LOW_RISK,354,65,0.971,0,91.5,1,0
BUYER-04489,LOW_RISK,1024,39,0.956,0,95.8,1,0
BUYER-04490,LOW_RISK,1267,23,0.967,0,86.2,1,0
BUYER-04491,LOW_RISK,504,10,0.961,0,93.4,1,0
BUYER-04492,LOW_RISK,764,14,0.962,0,84.0,1,0
BUYER-04493,LOW_RISK,1441,56,0.995,0,88.5,1,0
BUYER-04494,LOW_RISK,1196,67,0.968,0,96.3,1,0
BUYER-04495,LOW_RISK,811,18,0.969,0,91.4,1,0
BUYER-04496,LOW_RISK,1774,54,0.969,0,88.8,1,0
BUYER-04497,LOW_RISK,533,41,0.963,0,95.5,1,0
BUYER-04498,LOW_RISK,460,42,0.973,0,82.0,1,0
BUYER-04499,LOW_RISK,270,17,0.988,0,94.8,1,0
BUYER-04500,LOW_RISK,1233,25,0.952,0,82.4,1,0
BUYER-04501,LOW_RISK,1688,62,0.978,0,83.6,1,0
BUYER-04502,LOW_RISK,996,45,0.988,0,83.4,1,0
BUYER-04503,LOW_RISK,511,64,0.976,0,90.7,1,0
BUYER-04504,LOW_RISK,1238,22,0.991,0,92.7,1,0
BUYER-04505,LOW_RISK,1097,23,0.957,0,82.5,1,0
BUYER-04506,LOW_RISK,1654,23,0.999,0,93.3,1,0
BUYER-04507,LOW_RISK,1129,20,0.96,0,82.7,1,0
BUYER-04508,LOW_RISK,1107,23,0.962,0,89.4,1,0
BUYER-04509,LOW_RISK,649,52,0.954,0,82.8,1,0
BUYER-04510,HIGH_RISK,162,7,0.784,2,48.2,0,0
BUYER-04511,LOW_RISK,1187,48,0.96,0,88.4,1,0
BUYER-04512,LOW_RISK,413,35,0.951,0,91.0,1,0
BUYER-04513,LOW_RISK,552,54,0.977,0,90.4,1,0
BUYER-04514,LOW_RISK,907,67,0.971,0,88.9,1,0
BUYER-04515,LOW_RISK,699,73,0.951,0,83.9,1,0
BUYER-04516,LOW_RISK,191,52,0.96,0,92.7,1,0
BUYER-04517,LOW_RISK,1771,35,0.98,0,84.5,1,1
BUYER-04518,MEDIUM_RISK,480,11,0.917,0,76.4,1,0
BUYER-04519,LOW_RISK,1074,29,0.954,0,91.4,1,1
BUYER-04520,LOW_RISK,1254,40,0.992,0,93.2,1,0
BUYER-04521,MEDIUM_RISK,516,3,0.804,0,78.5,1,1
BUYER-04522,LOW_RISK,1005,63,0.971,0,87.0,1,0
BUYER-04523,MEDIUM_RISK,368,23,0.883,1,73.1,1,0
BUYER-04524,LOW_RISK,418,16,0.972,0,89.8,1,0
BUYER-04525,LOW_RISK,1137,25,0.996,0,82.6,1,0
BUYER-04526,LOW_RISK,1713,43,0.979,0,90.7,1,0
BUYER-04527,LOW_RISK,1310,18,0.991,0,91.0,1,1
BUYER-04528,MEDIUM_RISK,676,25,0.838,0,55.1,1,0
BUYER-04529,LOW_RISK,690,18,0.966,0,84.8,1,0
BUYER-04530,LOW_RISK,703,74,0.952,0,91.4,1,0
BUYER-04531,LOW_RISK,1504,73,0.996,0,88.3,1,0
BUYER-04532,LOW_RISK,1421,77,0.999,0,92.2,1,0
BUYER-04533,LOW_RISK,1507,18,0.96,0,91.4,1,0
BUYER-04534,LOW_RISK,1583,25,0.991,0,88.1,1,0
BUYER-04535,LOW_RISK,1319,47,0.955,0,96.5,1,0
BUYER-04536,LOW_RISK,383,29,0.961,0,86.6,1,0
BUYER-04537,LOW_RISK,280,72,0.974,0,86.3,1,1
BUYER-04538,LOW_RISK,657,32,0.988,0,89.0,1,0
BUYER-04539,LOW_RISK,611,75,0.983,0,91.5,1,0
BUYER-04540,LOW_RISK,1373,24,1.0,0,89.1,1,0
BUYER-04541,LOW_RISK,210,18,0.986,0,96.6,1,0
BUYER-04542,LOW_RISK,518,65,0.992,0,97.3,1,0
BUYER-04543,LOW_RISK,465,13,0.961,0,82.8,1,0
BUYER-04544,LOW_RISK,1123,79,0.992,0,83.7,1,0
BUYER-04545,LOW_RISK,1021,17,0.992,0,92.6,1,0
BUYER-04546,LOW_RISK,1530,13,0.982,0,92.6,1,0
BUYER-04547,LOW_RISK,711,22,0.992,0,96.4,1,0
BUYER-04548,LOW_RISK,1297,20,0.962,0,92.9,1,0
BUYER-04549,LOW_RISK,1717,75,0.98,0,96.2,1,0
BUYER-04550,LOW_RISK,1777,67,0.995,0,96.4,1,0
BUYER-04551,MEDIUM_RISK,115,17,0.935,1,72.5,1,1
BUYER-04552,LOW_RISK,1280,74,0.981,0,97.4,1,0
BUYER-04553,LOW_RISK,1534,75,0.952,0,95.1,1,0
BUYER-04554,MEDIUM_RISK,102,20,0.93,0,76.5,1,1
BUYER-04555,LOW_RISK,802,78,0.957,0,94.1,1,0
BUYER-04556,LOW_RISK,1104,55,0.976,0,93.8,1,0
BUYER-04557,LOW_RISK,657,66,0.999,0,88.0,1,0
BUYER-04558,LOW_RISK,203,79,0.959,0,95.0,1,0
BUYER-04559,MEDIUM_RISK,295,20,0.807,1,66.4,1,1
BUYER-04560,REPEATED_HIGH_RISK,128,3,0.515,4,24.8,0,1
BUYER-04561,LOW_RISK,958,20,0.965,0,88.5,1,0
BUYER-04562,LOW_RISK,1745,20,0.997,0,90.2,1,0
BUYER-04563,MEDIUM_RISK,541,24,0.914,0,61.5,0,1
BUYER-04564,LOW_RISK,518,64,0.978,0,90.1,1,1
BUYER-04565,LOW_RISK,1128,60,0.979,0,98.0,1,0
BUYER-04566,MEDIUM_RISK,518,24,0.889,1,61.4,1,1
BUYER-04567,LOW_RISK,1385,55,0.961,0,83.9,1,0
BUYER-04568,LOW_RISK,1798,21,0.99,0,88.8,1,0
BUYER-04569,LOW_RISK,906,64,0.952,0,96.4,1,0
BUYER-04570,MEDIUM_RISK,687,10,0.825,0,61.8,1,0
BUYER-04571,LOW_RISK,1595,80,0.978,0,87.3,1,0
BUYER-04572,LOW_RISK,952,55,0.955,0,96.9,1,0
BUYER-04573,LOW_RISK,1369,60,0.959,0,92.2,1,0
BUYER-04574,LOW_RISK,1418,63,0.985,0,86.5,1,0
BUYER-04575,LOW_RISK,1428,58,0.969,0,86.0,1,0
BUYER-04576,LOW_RISK,722,64,0.951,0,89.2,1,0
BUYER-04577,LOW_RISK,819,29,0.953,0,82.2,1,0
BUYER-04578,LOW_RISK,1328,53,0.955,0,84.3,1,0
BUYER-04579,HIGH_RISK,197,11,0.744,2,46.0,1,0
BUYER-04580,LOW_RISK,1012,45,0.977,0,84.0,1,0
BUYER-04581,MEDIUM_RISK,544,21,0.934,0,73.7,1,0
BUYER-04582,LOW_RISK,724,78,0.97,0,93.1,1,1
BUYER-04583,LOW_RISK,646,15,0.994,0,84.2,1,0
BUYER-04584,LOW_RISK,709,60,0.974,0,97.8,1,0
BUYER-04585,LOW_RISK,1721,77,0.972,0,91.2,1,0
BUYER-04586,HIGH_RISK,232,2,0.718,1,33.1,1,0
BUYER-04587,LOW_RISK,794,19,0.961,0,95.3,1,0
BUYER-04588,LOW_RISK,1381,41,0.968,0,94.1,1,0
BUYER-04589,LOW_RISK,1408,30,1.0,0,96.0,1,0
BUYER-04590,LOW_RISK,1643,62,0.955,0,85.4,1,0
BUYER-04591,LOW_RISK,1653,62,0.995,0,87.5,1,0
BUYER-04592,LOW_RISK,689,15,0.996,0,87.1,1,0
BUYER-04593,LOW_RISK,1226,22,0.97,0,94.5,1,0
BUYER-04594,LOW_RISK,1614,12,0.996,0,87.8,1,0
BUYER-04595,LOW_RISK,750,48,0.975,0,86.2,1,0
BUYER-04596,LOW_RISK,1442,22,0.971,0,92.4,1,0
BUYER-04597,LOW_RISK,575,47,0.964,0,94.6,1,0
BUYER-04598,LOW_RISK,1032,61,0.992,0,89.5,1,0
BUYER-04599,LOW_RISK,1696,71,0.995,0,96.9,1,0
BUYER-04600,LOW_RISK,313,76,0.956,0,86.1,1,0
BUYER-04601,LOW_RISK,1282,79,0.982,0,90.7,1,0
BUYER-04602,LOW_RISK,1673,10,0.993,0,89.4,1,0
BUYER-04603,MEDIUM_RISK,594,7,0.814,1,56.9,0,0
BUYER-04604,LOW_RISK,734,62,0.976,0,97.9,1,0
BUYER-04605,LOW_RISK,1792,38,0.992,0,92.0,1,0
BUYER-04606,MEDIUM_RISK,433,23,0.853,0,61.4,1,1
BUYER-04607,MEDIUM_RISK,462,22,0.893,0,69.8,1,0
BUYER-04608,LOW_RISK,689,60,0.985,0,90.8,1,0
BUYER-04609,HIGH_RISK,174,10,0.672,1,37.3,1,0
BUYER-04610,LOW_RISK,364,51,0.967,0,86.2,1,0
BUYER-04611,LOW_RISK,822,16,0.956,0,91.8,1,0
BUYER-04612,LOW_RISK,1659,33,0.953,0,93.0,1,0
BUYER-04613,LOW_RISK,1158,56,0.962,0,96.9,1,0
BUYER-04614,LOW_RISK,1602,15,0.968,0,83.1,1,0
BUYER-04615,LOW_RISK,340,64,0.984,0,83.0,1,0
BUYER-04616,LOW_RISK,1400,78,0.988,0,90.9,1,0
BUYER-04617,LOW_RISK,988,36,0.971,0,86.0,1,0
BUYER-04618,MEDIUM_RISK,693,7,0.814,0,68.9,1,0
BUYER-04619,LOW_RISK,851,57,0.98,0,88.1,1,0
BUYER-04620,MEDIUM_RISK,37,4,0.803,0,70.7,1,0
BUYER-04621,MEDIUM_RISK,616,12,0.913,0,62.2,1,0
BUYER-04622,LOW_RISK,1368,42,0.959,0,86.7,1,0
BUYER-04623,LOW_RISK,950,58,0.984,0,86.4,1,0
BUYER-04624,LOW_RISK,1696,65,0.972,0,88.6,1,0
BUYER-04625,HIGH_RISK,182,14,0.683,2,34.8,1,0
BUYER-04626,LOW_RISK,1798,49,0.966,0,95.8,1,0
BUYER-04627,LOW_RISK,1183,66,0.967,0,96.3,1,0
BUYER-04628,LOW_RISK,1349,67,0.989,0,86.9,1,0
BUYER-04629,LOW_RISK,833,38,0.96,0,90.1,1,0
BUYER-04630,LOW_RISK,1426,13,0.971,0,85.9,1,0
BUYER-04631,LOW_RISK,1782,57,0.963,0,88.5,1,0
BUYER-04632,LOW_RISK,960,26,0.993,0,84.9,1,0
BUYER-04633,LOW_RISK,1037,53,0.985,0,82.9,1,1
BUYER-04634,MEDIUM_RISK,436,23,0.847,0,69.6,1,0
BUYER-04635,LOW_RISK,648,16,0.95,0,96.9,1,0
BUYER-04636,HIGH_RISK,232,4,0.763,2,34.0,1,0
BUYER-04637,LOW_RISK,491,47,0.959,0,94.2,1,0
BUYER-04638,LOW_RISK,1105,64,0.998,0,89.7,1,0
BUYER-04639,LOW_RISK,1524,70,0.966,0,84.1,1,0
BUYER-04640,LOW_RISK,827,18,0.97,0,83.7,1,0
BUYER-04641,HIGH_RISK,105,6,0.735,2,33.7,1,1
BUYER-04642,LOW_RISK,942,74,0.991,0,86.0,1,0
BUYER-04643,MEDIUM_RISK,559,23,0.854,0,56.4,1,0
BUYER-04644,LOW_RISK,1737,78,0.951,0,89.6,1,0
BUYER-04645,LOW_RISK,1237,60,0.974,0,89.9,1,0
BUYER-04646,LOW_RISK,1324,26,0.96,0,83.3,1,0
BUYER-04647,LOW_RISK,1363,55,0.972,0,94.6,1,0
BUYER-04648,LOW_RISK,207,44,0.972,0,97.9,1,0
BUYER-04649,MEDIUM_RISK,448,11,0.919,0,70.3,1,0
BUYER-04650,LOW_RISK,1050,19,0.957,0,83.8,1,0
BUYER-04651,LOW_RISK,517,16,0.96,0,86.0,1,0
BUYER-04652,LOW_RISK,1686,71,0.967,0,88.9,1,0
BUYER-04653,LOW_RISK,1606,59,0.993,0,90.5,1,0
BUYER-04654,MEDIUM_RISK,502,20,0.849,1,74.7,1,0
BUYER-04655,LOW_RISK,525,57,0.999,0,97.2,1,0
BUYER-04656,LOW_RISK,538,49,0.956,0,92.7,1,0
BUYER-04657,MEDIUM_RISK,268,19,0.845,1,61.1,1,0
BUYER-04658,LOW_RISK,1720,44,0.952,0,92.8,1,0
BUYER-04659,LOW_RISK,1059,42,0.965,0,87.9,1,0
BUYER-04660,LOW_RISK,1515,69,0.967,0,84.3,1,0
BUYER-04661,LOW_RISK,583,19,0.956,0,97.1,1,0
BUYER-04662,LOW_RISK,495,67,0.964,0,90.6,1,0
BUYER-04663,LOW_RISK,1747,72,0.984,0,91.9,1,0
BUYER-04664,MEDIUM_RISK,116,17,0.861,0,73.6,1,0
BUYER-04665,MEDIUM_RISK,241,10,0.893,0,70.5,1,0
BUYER-04666,LOW_RISK,1569,31,0.974,0,82.5,1,0
BUYER-04667,LOW_RISK,1316,78,0.969,0,84.7,1,0
BUYER-04668,MEDIUM_RISK,104,18,0.85,0,55.3,1,0
BUYER-04669,LOW_RISK,1291,17,0.99,0,83.1,1,0
BUYER-04670,LOW_RISK,1785,59,0.998,0,95.2,1,0
BUYER-04671,LOW_RISK,702,52,0.986,0,85.1,1,0
BUYER-04672,MEDIUM_RISK,425,22,0.939,0,78.5,1,0
BUYER-04673,LOW_RISK,845,79,0.975,0,84.3,1,0
BUYER-04674,LOW_RISK,1458,39,0.967,0,85.7,1,0
BUYER-04675,LOW_RISK,805,11,0.952,0,96.7,1,0
BUYER-04676,MEDIUM_RISK,679,6,0.872,0,72.2,1,0
BUYER-04677,LOW_RISK,991,66,0.974,0,86.6,1,0
BUYER-04678,HIGH_RISK,49,15,0.681,2,48.8,1,0
BUYER-04679,LOW_RISK,751,42,0.963,0,92.7,1,0
BUYER-04680,LOW_RISK,916,43,0.963,0,82.9,1,0
BUYER-04681,LOW_RISK,1268,36,0.991,0,96.1,1,0
BUYER-04682,LOW_RISK,1589,18,0.974,0,91.9,1,0
BUYER-04683,HIGH_RISK,245,13,0.749,1,33.8,1,0
BUYER-04684,LOW_RISK,1494,51,0.962,0,91.5,1,0
BUYER-04685,LOW_RISK,481,78,0.973,0,90.0,1,0
BUYER-04686,LOW_RISK,1533,42,0.994,0,93.8,1,0
BUYER-04687,LOW_RISK,1454,64,0.999,0,90.4,1,0
BUYER-04688,LOW_RISK,1770,29,0.994,0,94.2,1,0
BUYER-04689,LOW_RISK,1406,17,0.965,0,97.8,1,0
BUYER-04690,HIGH_RISK,261,11,0.734,1,46.2,1,0
BUYER-04691,LOW_RISK,394,45,0.992,0,92.9,1,0
BUYER-04692,LOW_RISK,699,58,0.962,0,95.0,1,0
BUYER-04693,LOW_RISK,1672,79,0.987,0,88.1,1,0
BUYER-04694,LOW_RISK,697,32,0.963,0,96.5,1,0
BUYER-04695,LOW_RISK,1320,38,0.98,0,84.6,1,0
BUYER-04696,MEDIUM_RISK,271,10,0.88,0,57.5,1,0
BUYER-04697,LOW_RISK,410,80,0.975,0,88.3,1,0
BUYER-04698,LOW_RISK,501,36,0.999,0,90.3,1,1
BUYER-04699,LOW_RISK,1234,16,0.986,0,90.9,1,0
BUYER-04700,REPEATED_HIGH_RISK,61,4,0.255,3,24.3,0,1
BUYER-04701,LOW_RISK,210,33,0.962,0,96.2,1,0
BUYER-04702,LOW_RISK,213,18,0.985,0,88.2,1,0
BUYER-04703,LOW_RISK,1068,58,0.956,0,96.6,1,0
BUYER-04704,LOW_RISK,1220,71,0.986,0,83.9,1,0
BUYER-04705,LOW_RISK,1301,20,0.991,0,85.0,1,0
BUYER-04706,LOW_RISK,965,21,0.964,0,96.7,1,0
BUYER-04707,LOW_RISK,661,80,0.964,0,87.1,1,0
BUYER-04708,LOW_RISK,679,20,0.979,0,94.1,1,0
BUYER-04709,MEDIUM_RISK,524,11,0.859,0,73.0,1,0
BUYER-04710,LOW_RISK,1307,27,0.96,0,86.9,1,0
BUYER-04711,LOW_RISK,1385,50,0.992,0,94.6,1,0
BUYER-04712,LOW_RISK,251,10,0.96,0,94.4,1,1
BUYER-04713,LOW_RISK,214,68,0.992,0,88.5,1,0
BUYER-04714,LOW_RISK,553,10,0.969,0,95.0,1,0
BUYER-04715,LOW_RISK,854,58,0.972,0,83.2,1,0
BUYER-04716,LOW_RISK,220,15,0.972,0,97.6,1,0
BUYER-04717,LOW_RISK,1548,59,0.971,0,83.5,1,0
BUYER-04718,REPEATED_HIGH_RISK,10,8,0.548,5,25.4,1,1
BUYER-04719,LOW_RISK,1631,21,0.985,0,96.3,1,0
BUYER-04720,MEDIUM_RISK,260,12,0.8,0,65.7,0,0
BUYER-04721,LOW_RISK,843,22,0.97,0,95.1,1,0
BUYER-04722,LOW_RISK,1391,44,0.989,0,89.5,1,0
BUYER-04723,LOW_RISK,1250,11,0.968,0,91.0,1,0
BUYER-04724,LOW_RISK,578,65,0.971,0,85.2,1,0
BUYER-04725,LOW_RISK,1314,28,0.969,0,93.6,1,0
BUYER-04726,LOW_RISK,1336,61,0.958,0,91.7,1,1
BUYER-04727,MEDIUM_RISK,45,19,0.833,0,65.4,1,0
BUYER-04728,MEDIUM_RISK,598,19,0.926,0,68.6,1,1
BUYER-04729,LOW_RISK,1147,77,1.0,0,92.6,1,0
BUYER-04730,LOW_RISK,1173,19,0.968,0,87.9,1,0
BUYER-04731,LOW_RISK,1391,64,0.959,0,89.3,1,0
BUYER-04732,LOW_RISK,338,68,0.995,0,82.4,1,0
BUYER-04733,LOW_RISK,1397,40,0.956,0,97.1,1,0
BUYER-04734,MEDIUM_RISK,165,16,0.923,0,73.3,1,1
BUYER-04735,LOW_RISK,914,68,0.992,0,92.1,1,0
BUYER-04736,LOW_RISK,1362,33,0.969,0,86.8,1,0
BUYER-04737,LOW_RISK,341,80,0.993,0,94.2,1,1
BUYER-04738,LOW_RISK,1350,57,0.997,0,97.1,1,0
BUYER-04739,LOW_RISK,1785,69,0.968,0,90.2,1,0
BUYER-04740,LOW_RISK,421,68,0.974,0,86.7,1,1
BUYER-04741,LOW_RISK,364,27,0.974,0,88.2,1,0
BUYER-04742,LOW_RISK,558,19,0.955,0,92.8,1,0
BUYER-04743,LOW_RISK,1500,80,0.957,0,83.5,1,0
BUYER-04744,REPEATED_HIGH_RISK,158,8,0.557,6,13.3,0,1
BUYER-04745,LOW_RISK,513,28,0.98,0,89.6,1,0
BUYER-04746,LOW_RISK,1229,19,0.972,0,95.0,1,0
BUYER-04747,LOW_RISK,721,56,0.963,0,84.1,1,0
BUYER-04748,LOW_RISK,1313,54,0.984,0,88.0,1,0
BUYER-04749,LOW_RISK,272,50,0.972,0,90.1,1,0
BUYER-04750,LOW_RISK,185,28,0.956,0,95.9,1,0
BUYER-04751,LOW_RISK,1197,10,0.986,0,82.3,1,0
BUYER-04752,LOW_RISK,1683,16,0.953,0,88.4,1,0
BUYER-04753,LOW_RISK,1622,53,0.971,0,97.2,1,0
BUYER-04754,LOW_RISK,1120,31,0.961,0,84.2,1,0
BUYER-04755,MEDIUM_RISK,511,8,0.87,0,77.1,1,1
BUYER-04756,MEDIUM_RISK,655,13,0.924,1,76.3,1,0
BUYER-04757,LOW_RISK,753,10,0.953,0,89.8,1,0
BUYER-04758,LOW_RISK,1515,76,0.959,0,93.0,1,0
BUYER-04759,LOW_RISK,1648,67,0.962,0,84.2,1,0
BUYER-04760,REPEATED_HIGH_RISK,114,3,0.348,5,8.1,0,1
BUYER-04761,LOW_RISK,314,17,0.989,0,97.1,1,0
BUYER-04762,REPEATED_HIGH_RISK,171,2,0.235,5,27.5,0,1
BUYER-04763,LOW_RISK,1430,32,0.992,0,96.2,1,0
BUYER-04764,LOW_RISK,403,21,0.966,0,88.8,1,1
BUYER-04765,LOW_RISK,1710,15,0.987,0,85.6,1,0
BUYER-04766,REPEATED_HIGH_RISK,119,2,0.512,4,12.0,1,1
BUYER-04767,MEDIUM_RISK,63,17,0.81,1,65.3,0,0
BUYER-04768,LOW_RISK,822,11,0.95,0,89.7,1,0
BUYER-04769,LOW_RISK,1614,21,0.994,0,91.2,1,0
BUYER-04770,LOW_RISK,819,51,0.985,0,85.6,1,0
BUYER-04771,LOW_RISK,1502,28,0.99,0,90.4,1,0
BUYER-04772,LOW_RISK,1026,37,0.993,0,88.6,1,0
BUYER-04773,LOW_RISK,449,42,0.964,0,89.6,1,0
BUYER-04774,LOW_RISK,416,62,0.992,0,83.4,1,0
BUYER-04775,LOW_RISK,1458,75,0.996,0,97.6,1,0
BUYER-04776,MEDIUM_RISK,237,12,0.914,0,57.0,1,0
BUYER-04777,LOW_RISK,1758,19,0.952,0,87.3,1,1
BUYER-04778,LOW_RISK,494,55,0.989,0,92.6,1,0
BUYER-04779,LOW_RISK,1005,38,0.984,0,83.1,1,0
BUYER-04780,LOW_RISK,787,37,0.999,0,94.5,1,0
BUYER-04781,LOW_RISK,1671,56,0.972,0,90.4,1,0
BUYER-04782,LOW_RISK,675,53,0.994,0,84.4,1,0
BUYER-04783,LOW_RISK,1265,17,0.97,0,86.4,1,0
BUYER-04784,LOW_RISK,1297,65,0.952,0,88.9,1,1
BUYER-04785,LOW_RISK,576,80,0.961,0,93.5,1,0
BUYER-04786,LOW_RISK,694,48,0.997,0,90.1,1,1
BUYER-04787,MEDIUM_RISK,590,12,0.935,1,62.6,1,0
BUYER-04788,MEDIUM_RISK,263,15,0.929,0,74.1,1,0
BUYER-04789,LOW_RISK,1471,48,0.97,0,84.2,1,1
BUYER-04790,LOW_RISK,277,52,0.967,0,89.1,1,0
BUYER-04791,LOW_RISK,1089,45,0.985,0,88.3,1,0
BUYER-04792,HIGH_RISK,244,11,0.664,2,33.4,1,0
BUYER-04793,LOW_RISK,993,30,0.96,0,84.9,1,0
BUYER-04794,LOW_RISK,199,14,0.977,0,87.3,1,0
BUYER-04795,LOW_RISK,1748,51,0.955,0,89.9,1,0
BUYER-04796,LOW_RISK,1613,49,0.987,0,92.7,1,1
BUYER-04797,LOW_RISK,1408,23,0.994,0,83.6,1,0
BUYER-04798,LOW_RISK,350,22,0.973,0,90.1,1,0
BUYER-04799,LOW_RISK,974,22,0.98,0,93.0,1,0
BUYER-04800,LOW_RISK,471,52,0.99,0,93.3,1,0
BUYER-04801,LOW_RISK,1091,59,0.953,0,93.2,1,0
BUYER-04802,LOW_RISK,524,13,0.97,0,91.9,1,0
BUYER-04803,MEDIUM_RISK,269,13,0.914,1,77.4,1,0
BUYER-04804,LOW_RISK,1610,20,0.984,0,98.0,1,0
BUYER-04805,MEDIUM_RISK,114,24,0.819,1,65.5,1,0
BUYER-04806,LOW_RISK,822,55,0.994,0,83.0,1,0
BUYER-04807,LOW_RISK,503,63,0.988,0,93.2,1,0
BUYER-04808,HIGH_RISK,40,3,0.661,2,37.7,1,0
BUYER-04809,LOW_RISK,1653,33,0.995,0,87.6,1,0
BUYER-04810,MEDIUM_RISK,700,24,0.896,1,61.2,0,1
BUYER-04811,LOW_RISK,1477,53,0.952,0,86.5,1,0
BUYER-04812,MEDIUM_RISK,534,6,0.907,1,71.9,1,1
BUYER-04813,LOW_RISK,444,69,0.98,0,82.8,1,0
BUYER-04814,LOW_RISK,904,56,0.982,0,96.6,1,1
BUYER-04815,LOW_RISK,1544,18,0.952,0,97.7,1,0
BUYER-04816,MEDIUM_RISK,324,24,0.887,0,78.3,1,0
BUYER-04817,MEDIUM_RISK,42,9,0.897,0,68.9,1,0
BUYER-04818,LOW_RISK,186,45,0.967,0,97.0,1,0
BUYER-04819,MEDIUM_RISK,249,16,0.806,0,69.7,1,1
BUYER-04820,LOW_RISK,1737,46,0.953,0,90.7,1,0
BUYER-04821,LOW_RISK,1463,22,0.998,0,97.8,1,0
BUYER-04822,LOW_RISK,869,32,0.998,0,87.7,1,0
BUYER-04823,LOW_RISK,1736,41,0.995,0,93.0,1,0
BUYER-04824,LOW_RISK,877,28,0.952,0,88.2,1,0
BUYER-04825,LOW_RISK,248,17,0.97,0,89.8,1,0
BUYER-04826,LOW_RISK,1362,11,0.982,0,88.4,1,0
BUYER-04827,LOW_RISK,1057,80,0.953,0,90.7,1,0
BUYER-04828,LOW_RISK,1648,66,0.974,0,82.7,1,0
BUYER-04829,LOW_RISK,1604,40,1.0,0,90.0,1,0
BUYER-04830,LOW_RISK,1602,26,0.986,0,97.3,1,0
BUYER-04831,LOW_RISK,1536,34,0.979,0,86.6,1,1
BUYER-04832,LOW_RISK,1369,57,0.993,0,82.3,1,0
BUYER-04833,LOW_RISK,984,72,0.973,0,94.1,1,0
BUYER-04834,LOW_RISK,501,52,0.966,0,85.5,1,0
BUYER-04835,LOW_RISK,1476,54,0.991,0,83.2,1,0
BUYER-04836,LOW_RISK,615,58,0.966,0,84.1,1,0
BUYER-04837,LOW_RISK,981,33,0.964,0,89.4,1,0
BUYER-04838,LOW_RISK,701,33,0.979,0,92.0,1,0
BUYER-04839,LOW_RISK,1534,29,0.961,0,85.5,1,0
BUYER-04840,LOW_RISK,857,22,0.953,0,93.8,1,0
BUYER-04841,HIGH_RISK,31,11,0.608,2,47.2,1,1
BUYER-04842,HIGH_RISK,230,15,0.729,1,38.1,1,1
BUYER-04843,LOW_RISK,191,79,0.978,0,88.6,1,0
BUYER-04844,LOW_RISK,698,41,0.951,0,96.2,1,0
BUYER-04845,LOW_RISK,418,21,0.969,0,89.1,1,0
BUYER-04846,LOW_RISK,458,10,0.964,0,92.9,1,0
BUYER-04847,HIGH_RISK,248,7,0.743,2,48.9,1,0
BUYER-04848,LOW_RISK,1319,79,0.973,0,95.7,1,0
BUYER-04849,LOW_RISK,561,21,0.959,0,93.8,1,0
BUYER-04850,LOW_RISK,1759,64,0.966,0,88.3,1,0
BUYER-04851,REPEATED_HIGH_RISK,66,5,0.359,4,23.9,1,0
BUYER-04852,LOW_RISK,1601,28,0.973,0,87.7,1,0
BUYER-04853,LOW_RISK,562,19,0.963,0,97.7,1,0
BUYER-04854,LOW_RISK,230,26,0.95,0,89.1,1,0
BUYER-04855,LOW_RISK,366,54,0.992,0,85.6,1,0
BUYER-04856,LOW_RISK,1719,80,0.95,0,85.0,1,0
BUYER-04857,LOW_RISK,1614,31,0.955,0,94.7,1,0
BUYER-04858,MEDIUM_RISK,205,5,0.849,0,76.8,1,0
BUYER-04859,MEDIUM_RISK,157,19,0.88,0,66.7,1,1
BUYER-04860,MEDIUM_RISK,34,24,0.851,1,57.3,1,0
BUYER-04861,LOW_RISK,397,24,0.975,0,85.4,1,0
BUYER-04862,LOW_RISK,940,52,0.978,0,83.3,1,0
BUYER-04863,LOW_RISK,1385,50,0.978,0,89.4,1,0
BUYER-04864,LOW_RISK,1143,31,0.985,0,83.5,1,0
BUYER-04865,LOW_RISK,1318,76,0.952,0,82.8,1,0
BUYER-04866,LOW_RISK,1763,53,0.996,0,89.7,1,0
BUYER-04867,LOW_RISK,1747,37,0.953,0,97.7,1,0
BUYER-04868,LOW_RISK,1426,29,0.975,0,91.3,1,0
BUYER-04869,LOW_RISK,533,75,0.964,0,97.4,1,0
BUYER-04870,LOW_RISK,816,16,0.983,0,97.9,1,0
BUYER-04871,LOW_RISK,462,31,0.986,0,89.6,1,0
BUYER-04872,LOW_RISK,182,16,0.959,0,85.4,1,1
BUYER-04873,LOW_RISK,783,78,0.956,0,96.8,1,0
BUYER-04874,LOW_RISK,648,27,0.983,0,84.5,1,0
BUYER-04875,LOW_RISK,696,21,0.964,0,89.8,1,0
BUYER-04876,LOW_RISK,750,37,0.987,0,96.8,1,0
BUYER-04877,LOW_RISK,1254,24,0.953,0,97.6,1,0
BUYER-04878,LOW_RISK,917,35,0.985,0,92.8,1,0
BUYER-04879,LOW_RISK,1686,11,0.956,0,92.1,1,0
BUYER-04880,MEDIUM_RISK,81,11,0.931,0,71.7,1,0
BUYER-04881,LOW_RISK,628,26,0.957,0,89.0,1,0
BUYER-04882,LOW_RISK,915,26,0.985,0,83.7,1,0
BUYER-04883,LOW_RISK,943,34,0.952,0,94.4,1,0
BUYER-04884,LOW_RISK,447,74,0.955,0,87.4,1,0
BUYER-04885,LOW_RISK,276,62,0.963,0,85.2,1,0
BUYER-04886,MEDIUM_RISK,88,14,0.9,1,69.3,0,1
BUYER-04887,LOW_RISK,1081,68,0.973,0,88.4,1,0
BUYER-04888,LOW_RISK,1377,22,0.981,0,85.6,1,0
BUYER-04889,LOW_RISK,1752,19,0.984,0,92.4,1,0
BUYER-04890,LOW_RISK,1405,21,0.971,0,96.1,1,0
BUYER-04891,LOW_RISK,1584,19,0.973,0,88.0,1,0
BUYER-04892,LOW_RISK,1425,15,0.993,0,84.5,1,0
BUYER-04893,LOW_RISK,1714,77,0.961,0,97.1,1,0
BUYER-04894,LOW_RISK,239,43,0.962,0,97.4,1,0
BUYER-04895,LOW_RISK,1288,45,0.953,0,88.2,1,1
BUYER-04896,LOW_RISK,512,29,0.978,0,94.8,1,0
BUYER-04897,LOW_RISK,595,25,0.971,0,82.2,1,0
BUYER-04898,LOW_RISK,294,56,0.97,0,96.2,1,0
BUYER-04899,LOW_RISK,1035,60,0.973,0,94.1,1,0
BUYER-04900,MEDIUM_RISK,71,15,0.833,0,64.5,1,0
BUYER-04901,LOW_RISK,493,20,0.979,0,94.9,1,0
BUYER-04902,LOW_RISK,921,56,0.953,0,91.3,1,0
BUYER-04903,LOW_RISK,1774,42,0.965,0,82.6,1,0
BUYER-04904,LOW_RISK,1063,60,0.999,0,93.0,1,0
BUYER-04905,MEDIUM_RISK,649,9,0.9,0,68.6,1,1
BUYER-04906,LOW_RISK,884,11,0.965,0,91.7,1,0
BUYER-04907,HIGH_RISK,100,9,0.636,2,46.4,0,1
BUYER-04908,LOW_RISK,969,27,0.972,0,95.3,1,0
BUYER-04909,LOW_RISK,361,47,0.998,0,86.1,1,0
BUYER-04910,LOW_RISK,1789,62,0.983,0,96.7,1,0
BUYER-04911,MEDIUM_RISK,381,23,0.878,0,62.7,1,0
BUYER-04912,LOW_RISK,1559,29,0.955,0,90.2,1,0
BUYER-04913,LOW_RISK,1231,15,0.977,0,89.9,1,0
BUYER-04914,LOW_RISK,1396,22,0.987,0,96.9,1,0
BUYER-04915,LOW_RISK,482,40,0.986,0,96.5,1,0
BUYER-04916,MEDIUM_RISK,116,24,0.884,0,71.4,1,0
BUYER-04917,LOW_RISK,719,38,0.96,0,87.4,1,1
BUYER-04918,LOW_RISK,670,27,0.986,0,97.4,1,0
BUYER-04919,LOW_RISK,756,68,0.999,0,85.0,1,0
BUYER-04920,LOW_RISK,928,17,0.968,0,85.8,1,0
BUYER-04921,HIGH_RISK,140,6,0.78,2,48.1,0,0
BUYER-04922,LOW_RISK,251,40,0.954,0,93.3,1,0
BUYER-04923,LOW_RISK,929,77,0.975,0,82.4,1,0
BUYER-04924,MEDIUM_RISK,303,14,0.921,0,73.7,1,0
BUYER-04925,LOW_RISK,979,44,0.975,0,94.7,1,0
BUYER-04926,LOW_RISK,1002,44,0.986,0,97.1,1,0
BUYER-04927,LOW_RISK,1481,52,0.997,0,87.8,1,0
BUYER-04928,LOW_RISK,671,65,0.969,0,89.6,1,0
BUYER-04929,LOW_RISK,734,60,0.969,0,93.7,1,0
BUYER-04930,MEDIUM_RISK,544,15,0.935,0,56.5,1,0
BUYER-04931,LOW_RISK,607,45,0.956,0,84.8,1,0
BUYER-04932,LOW_RISK,764,57,0.951,0,93.2,1,0
BUYER-04933,HIGH_RISK,19,11,0.663,1,46.3,1,0
BUYER-04934,LOW_RISK,1446,49,0.975,0,95.0,1,0
BUYER-04935,LOW_RISK,559,61,0.98,0,87.2,1,0
BUYER-04936,LOW_RISK,940,58,0.97,0,95.5,1,0
BUYER-04937,MEDIUM_RISK,216,6,0.919,1,60.7,1,0
BUYER-04938,LOW_RISK,1108,45,0.957,0,87.9,1,0
BUYER-04939,LOW_RISK,1649,25,0.963,0,88.2,1,0
BUYER-04940,LOW_RISK,765,16,1.0,0,97.3,1,0
BUYER-04941,LOW_RISK,1512,79,0.979,0,86.0,1,0
BUYER-04942,LOW_RISK,502,63,0.991,0,86.8,1,0
BUYER-04943,MEDIUM_RISK,354,12,0.83,0,74.4,1,0
BUYER-04944,LOW_RISK,1107,62,0.961,0,94.3,1,0
BUYER-04945,LOW_RISK,642,23,0.998,0,92.9,1,1
BUYER-04946,HIGH_RISK,24,2,0.701,1,43.7,1,1
BUYER-04947,LOW_RISK,429,73,0.997,0,95.2,1,0
BUYER-04948,LOW_RISK,522,28,0.997,0,83.3,1,0
BUYER-04949,LOW_RISK,1674,80,0.972,0,96.7,1,0
BUYER-04950,MEDIUM_RISK,600,11,0.845,0,60.0,1,0
BUYER-04951,LOW_RISK,1527,45,0.987,0,84.8,1,0
BUYER-04952,LOW_RISK,1215,68,0.963,0,95.5,1,0
BUYER-04953,LOW_RISK,1512,73,0.952,0,90.0,1,0
BUYER-04954,LOW_RISK,1496,30,0.993,0,96.9,1,1
BUYER-04955,LOW_RISK,1565,13,0.985,0,88.6,1,0
BUYER-04956,LOW_RISK,879,28,0.961,0,89.1,1,1
BUYER-04957,LOW_RISK,1107,26,0.979,0,88.4,1,0
BUYER-04958,LOW_RISK,843,62,0.959,0,89.5,1,0
BUYER-04959,LOW_RISK,408,45,0.996,0,92.3,1,0
BUYER-04960,LOW_RISK,275,55,0.991,0,95.0,1,0
BUYER-04961,LOW_RISK,1279,18,0.951,0,97.0,1,0
BUYER-04962,LOW_RISK,846,76,0.983,0,82.7,1,0
BUYER-04963,LOW_RISK,231,29,0.974,0,92.9,1,0
BUYER-04964,LOW_RISK,1673,26,0.953,0,85.0,1,0
BUYER-04965,LOW_RISK,1128,34,0.956,0,82.4,1,0
BUYER-04966,LOW_RISK,796,39,0.998,0,93.1,1,0
BUYER-04967,HIGH_RISK,78,14,0.775,2,45.0,1,0
BUYER-04968,LOW_RISK,1263,21,0.975,0,84.6,1,1
BUYER-04969,HIGH_RISK,32,5,0.623,2,38.4,1,0
BUYER-04970,LOW_RISK,888,54,0.985,0,90.3,1,1
BUYER-04971,LOW_RISK,980,32,0.995,0,82.4,1,0
BUYER-04972,MEDIUM_RISK,690,8,0.881,1,70.1,1,0
BUYER-04973,LOW_RISK,1172,41,0.967,0,93.5,1,0
BUYER-04974,LOW_RISK,1440,55,0.991,0,95.8,1,0
BUYER-04975,LOW_RISK,1578,37,0.995,0,84.4,1,0
BUYER-04976,LOW_RISK,488,66,0.961,0,91.9,1,0
BUYER-04977,LOW_RISK,1249,32,0.95,0,87.8,1,0
BUYER-04978,LOW_RISK,1150,38,0.989,0,85.6,1,0
BUYER-04979,LOW_RISK,644,64,0.971,0,90.1,1,0
BUYER-04980,LOW_RISK,251,70,0.97,0,96.5,1,0
BUYER-04981,HIGH_RISK,297,9,0.609,2,35.2,1,0
BUYER-04982,LOW_RISK,1423,73,0.989,0,83.9,1,0
BUYER-04983,LOW_RISK,1215,30,0.991,0,85.2,1,0
BUYER-04984,MEDIUM_RISK,69,6,0.802,0,58.0,1,0
BUYER-04985,LOW_RISK,991,22,0.968,0,95.5,1,0
BUYER-04986,LOW_RISK,1313,38,0.995,0,90.9,1,0
BUYER-04987,LOW_RISK,1327,33,0.985,0,97.4,1,0
BUYER-04988,LOW_RISK,1189,65,0.996,0,94.2,1,1
BUYER-04989,LOW_RISK,1273,43,0.989,0,89.7,1,0
BUYER-04990,LOW_RISK,844,66,0.988,0,84.1,1,0
BUYER-04991,HIGH_RISK,122,5,0.787,2,48.7,0,1
BUYER-04992,LOW_RISK,470,30,0.996,0,90.1,1,0
BUYER-04993,LOW_RISK,1479,23,0.988,0,86.7,1,1
BUYER-04994,LOW_RISK,495,54,0.978,0,92.7,1,0
BUYER-04995,LOW_RISK,1696,29,0.986,0,92.6,1,1
BUYER-04996,MEDIUM_RISK,676,8,0.825,0,78.0,1,0
BUYER-04997,LOW_RISK,1009,17,0.969,0,95.1,1,0
BUYER-04998,LOW_RISK,1445,53,0.961,0,92.5,1,0
BUYER-04999,LOW_RISK,977,41,0.992,0,92.2,1,1
BUYER-05000,LOW_RISK,1658,71,0.993,0,85.9,1,1
BUYER-05001,LOW_RISK,1506,24,0.977,0,86.3,1,1
BUYER-05002,LOW_RISK,1580,72,0.964,0,95.2,1,0
BUYER-05003,MEDIUM_RISK,36,18,0.894,1,60.5,1,1
BUYER-05004,LOW_RISK,1324,49,0.989,0,92.5,1,0
BUYER-05005,MEDIUM_RISK,361,7,0.802,0,70.8,0,1
BUYER-05006,LOW_RISK,630,59,0.959,0,92.6,1,0
BUYER-05007,LOW_RISK,1221,46,0.983,0,85.7,1,0
BUYER-05008,MEDIUM_RISK,514,24,0.851,0,56.5,1,0
BUYER-05009,LOW_RISK,1676,45,0.99,0,82.7,1,0
BUYER-05010,LOW_RISK,832,42,0.978,0,94.8,1,0
BUYER-05011,LOW_RISK,1462,18,0.968,0,88.8,1,0
BUYER-05012,LOW_RISK,1655,44,0.954,0,91.1,1,0
BUYER-05013,LOW_RISK,1558,53,0.966,0,86.3,1,0
BUYER-05014,LOW_RISK,1346,21,0.979,0,88.0,1,0
BUYER-05015,LOW_RISK,613,51,0.973,0,89.9,1,0
BUYER-05016,LOW_RISK,558,17,0.974,0,82.0,1,0
BUYER-05017,LOW_RISK,460,12,0.963,0,89.0,1,0
BUYER-05018,LOW_RISK,504,11,0.954,0,95.9,1,0
BUYER-05019,LOW_RISK,1196,22,0.957,0,92.6,1,0
BUYER-05020,MEDIUM_RISK,183,12,0.81,0,59.8,1,1
BUYER-05021,LOW_RISK,678,65,0.995,0,91.9,1,0
BUYER-05022,LOW_RISK,1127,78,0.978,0,89.3,1,0
BUYER-05023,HIGH_RISK,33,11,0.781,2,40.1,1,1
BUYER-05024,LOW_RISK,331,31,0.971,0,96.3,1,0
BUYER-05025,MEDIUM_RISK,266,5,0.912,0,78.6,1,0
BUYER-05026,LOW_RISK,559,26,0.972,0,88.2,1,0
BUYER-05027,LOW_RISK,1745,13,0.973,0,87.4,1,0
BUYER-05028,LOW_RISK,1361,77,0.977,0,89.6,1,1
BUYER-05029,LOW_RISK,1295,63,0.968,0,95.5,1,0
BUYER-05030,LOW_RISK,605,49,0.96,0,91.6,1,0
BUYER-05031,LOW_RISK,1470,58,0.966,0,85.0,1,0
BUYER-05032,LOW_RISK,1229,52,0.959,0,84.0,1,1
BUYER-05033,LOW_RISK,273,30,0.956,0,83.1,1,0
BUYER-05034,LOW_RISK,228,54,0.974,0,88.1,1,0
BUYER-05035,LOW_RISK,759,68,0.99,0,86.5,1,0
BUYER-05036,LOW_RISK,194,16,0.95,0,88.7,1,0
BUYER-05037,LOW_RISK,1329,69,0.97,0,86.9,1,0
BUYER-05038,HIGH_RISK,355,14,0.683,1,38.8,0,1
BUYER-05039,LOW_RISK,1352,67,0.98,0,96.8,1,0
BUYER-05040,MEDIUM_RISK,121,16,0.914,1,64.3,1,0
BUYER-05041,LOW_RISK,891,64,0.985,0,82.5,1,0
BUYER-05042,LOW_RISK,857,14,0.951,0,85.9,1,0
BUYER-05043,LOW_RISK,824,38,0.974,0,82.6,1,0
BUYER-05044,LOW_RISK,1693,59,0.999,0,91.0,1,0
BUYER-05045,LOW_RISK,1442,33,0.998,0,89.1,1,0
BUYER-05046,LOW_RISK,405,55,0.957,0,93.1,1,0
BUYER-05047,LOW_RISK,636,51,0.96,0,93.1,1,0
BUYER-05048,LOW_RISK,1395,69,0.986,0,84.9,1,0
BUYER-05049,LOW_RISK,896,24,0.958,0,84.6,1,1
BUYER-05050,LOW_RISK,1026,36,0.971,0,85.8,1,0
BUYER-05051,LOW_RISK,340,50,0.981,0,96.7,1,0
BUYER-05052,LOW_RISK,1451,52,0.981,0,87.6,1,0
BUYER-05053,LOW_RISK,756,62,0.983,0,86.0,1,0
BUYER-05054,LOW_RISK,856,43,0.994,0,97.1,1,0
BUYER-05055,LOW_RISK,778,38,0.965,0,86.1,1,0
BUYER-05056,LOW_RISK,329,49,0.981,0,88.3,1,0
BUYER-05057,LOW_RISK,1415,41,0.988,0,85.9,1,0
BUYER-05058,LOW_RISK,1625,43,0.964,0,89.2,1,0
BUYER-05059,LOW_RISK,643,44,0.994,0,86.2,1,1
BUYER-05060,LOW_RISK,1256,31,0.957,0,82.8,1,0
BUYER-05061,MEDIUM_RISK,366,19,0.859,1,69.5,1,0
BUYER-05062,MEDIUM_RISK,518,9,0.938,0,71.1,1,0
BUYER-05063,LOW_RISK,1271,76,0.979,0,96.9,1,0
BUYER-05064,LOW_RISK,384,41,0.958,0,97.5,1,0
BUYER-05065,LOW_RISK,1736,67,0.956,0,93.1,1,0
BUYER-05066,LOW_RISK,415,71,0.988,0,89.7,1,0
BUYER-05067,LOW_RISK,797,76,0.967,0,86.6,1,0
BUYER-05068,LOW_RISK,1633,62,0.969,0,89.6,1,0
BUYER-05069,MEDIUM_RISK,629,7,0.92,0,58.0,1,0
BUYER-05070,LOW_RISK,680,11,0.952,0,86.5,1,0
BUYER-05071,LOW_RISK,1066,48,0.969,0,83.0,1,0
BUYER-05072,LOW_RISK,1661,38,0.978,0,95.2,1,0
BUYER-05073,LOW_RISK,469,55,0.955,0,94.5,1,0
BUYER-05074,LOW_RISK,597,69,0.967,0,88.3,1,0
BUYER-05075,HIGH_RISK,197,10,0.734,2,38.7,1,0
BUYER-05076,LOW_RISK,857,53,0.981,0,95.4,1,0
BUYER-05077,LOW_RISK,184,65,0.999,0,83.3,1,0
BUYER-05078,LOW_RISK,1354,37,0.997,0,86.2,1,0
BUYER-05079,LOW_RISK,918,80,0.965,0,86.1,1,0
BUYER-05080,LOW_RISK,850,60,0.969,0,83.4,1,0
BUYER-05081,LOW_RISK,636,79,0.978,0,82.8,1,0
BUYER-05082,LOW_RISK,599,47,0.995,0,85.0,1,0
BUYER-05083,MEDIUM_RISK,447,8,0.931,0,72.8,1,0
BUYER-05084,LOW_RISK,248,41,0.96,0,89.3,1,0
BUYER-05085,LOW_RISK,555,43,0.97,0,92.5,1,0
BUYER-05086,LOW_RISK,218,48,0.962,0,89.2,1,0
BUYER-05087,LOW_RISK,1366,63,0.975,0,93.1,1,0
BUYER-05088,LOW_RISK,1527,60,0.989,0,90.6,1,0
BUYER-05089,LOW_RISK,237,14,0.978,0,96.4,1,0
BUYER-05090,LOW_RISK,1513,50,0.986,0,96.4,1,0
BUYER-05091,LOW_RISK,1345,45,0.969,0,91.3,1,0
BUYER-05092,LOW_RISK,282,29,0.994,0,92.5,1,0
BUYER-05093,MEDIUM_RISK,692,24,0.936,1,65.5,0,0
BUYER-05094,LOW_RISK,765,18,0.973,0,85.0,1,0
BUYER-05095,LOW_RISK,256,48,0.96,0,87.1,1,0
BUYER-05096,LOW_RISK,497,39,0.977,0,94.7,1,0
BUYER-05097,MEDIUM_RISK,405,4,0.823,1,74.6,1,0
BUYER-05098,LOW_RISK,1428,45,0.971,0,87.4,1,0
BUYER-05099,LOW_RISK,1098,53,0.986,0,94.1,1,0
BUYER-05100,LOW_RISK,1733,30,0.96,0,84.1,1,0
BUYER-05101,LOW_RISK,493,39,0.95,0,82.3,1,1
BUYER-05102,LOW_RISK,856,61,0.979,0,83.7,1,0
BUYER-05103,LOW_RISK,598,11,0.961,0,85.5,1,0
BUYER-05104,LOW_RISK,699,62,0.973,0,83.1,1,0
BUYER-05105,LOW_RISK,1597,25,0.984,0,88.8,1,0
BUYER-05106,LOW_RISK,1114,56,0.997,0,82.2,1,0
BUYER-05107,LOW_RISK,1054,28,0.989,0,91.8,1,0
BUYER-05108,LOW_RISK,891,50,0.962,0,94.0,1,1
BUYER-05109,LOW_RISK,535,45,0.982,0,85.4,1,0
BUYER-05110,HIGH_RISK,55,4,0.773,1,44.5,0,0
BUYER-05111,HIGH_RISK,299,14,0.649,2,40.3,1,0
BUYER-05112,MEDIUM_RISK,270,3,0.83,0,72.2,1,0
BUYER-05113,LOW_RISK,449,15,0.956,0,86.7,1,0
BUYER-05114,LOW_RISK,319,12,0.955,0,93.5,1,0
BUYER-05115,LOW_RISK,514,26,0.965,0,96.1,1,0
BUYER-05116,LOW_RISK,299,66,0.991,0,93.6,1,1
BUYER-05117,LOW_RISK,710,79,0.973,0,94.4,1,0
BUYER-05118,LOW_RISK,388,70,0.982,0,93.1,1,0
BUYER-05119,LOW_RISK,837,43,0.971,0,92.0,1,0
BUYER-05120,LOW_RISK,1410,33,0.996,0,82.8,1,0
BUYER-05121,LOW_RISK,916,79,0.961,0,96.0,1,0
BUYER-05122,MEDIUM_RISK,481,7,0.91,0,66.3,1,1
BUYER-05123,LOW_RISK,483,53,0.975,0,96.9,1,0
BUYER-05124,LOW_RISK,548,29,0.966,0,82.6,1,0
BUYER-05125,MEDIUM_RISK,628,25,0.848,0,64.5,1,1
BUYER-05126,LOW_RISK,1273,46,0.986,0,96.6,1,0
BUYER-05127,LOW_RISK,1664,28,0.997,0,89.8,1,0
BUYER-05128,LOW_RISK,1464,34,0.973,0,94.3,1,0
BUYER-05129,LOW_RISK,336,33,0.955,0,83.4,1,0
BUYER-05130,MEDIUM_RISK,78,6,0.874,1,78.2,1,1
BUYER-05131,LOW_RISK,265,40,0.985,0,97.7,1,1
BUYER-05132,LOW_RISK,1312,63,0.99,0,93.9,1,0
BUYER-05133,LOW_RISK,282,19,0.973,0,82.8,1,0
BUYER-05134,LOW_RISK,1172,47,0.985,0,94.8,1,0
BUYER-05135,HIGH_RISK,130,11,0.629,2,33.8,0,0
BUYER-05136,LOW_RISK,1448,42,0.985,0,84.9,1,1
BUYER-05137,LOW_RISK,831,24,0.975,0,84.8,1,0
BUYER-05138,LOW_RISK,471,73,0.997,0,94.0,1,1
BUYER-05139,LOW_RISK,691,38,0.978,0,84.9,1,0
BUYER-05140,MEDIUM_RISK,51,14,0.92,0,58.6,1,0
BUYER-05141,LOW_RISK,411,58,0.959,0,92.9,1,0
BUYER-05142,LOW_RISK,1583,43,0.98,0,92.3,1,0
BUYER-05143,LOW_RISK,573,34,0.987,0,82.0,1,1
BUYER-05144,LOW_RISK,1285,35,0.96,0,86.6,1,0
BUYER-05145,LOW_RISK,798,66,0.994,0,95.3,1,0
BUYER-05146,MEDIUM_RISK,342,19,0.918,0,67.0,1,0
BUYER-05147,LOW_RISK,1407,52,0.951,0,89.4,1,0
BUYER-05148,MEDIUM_RISK,200,3,0.92,0,69.7,1,0
BUYER-05149,LOW_RISK,953,74,0.984,0,83.1,1,0
BUYER-05150,LOW_RISK,1748,50,0.959,0,92.9,1,0
BUYER-05151,LOW_RISK,1197,42,0.981,0,96.5,1,0
BUYER-05152,LOW_RISK,993,64,0.982,0,85.3,1,0
BUYER-05153,MEDIUM_RISK,642,13,0.858,0,61.4,1,0
BUYER-05154,LOW_RISK,1106,73,0.974,0,94.7,1,0
BUYER-05155,LOW_RISK,507,55,0.978,0,82.3,1,0
BUYER-05156,LOW_RISK,344,61,0.967,0,83.3,1,0
BUYER-05157,LOW_RISK,1418,27,0.951,0,87.9,1,1
BUYER-05158,LOW_RISK,1665,30,0.958,0,86.6,1,0
BUYER-05159,LOW_RISK,326,51,0.996,0,97.3,1,0
BUYER-05160,LOW_RISK,1754,62,0.961,0,84.4,1,0
BUYER-05161,LOW_RISK,830,50,0.988,0,93.2,1,0
BUYER-05162,LOW_RISK,1003,39,0.972,0,89.4,1,0
BUYER-05163,LOW_RISK,1654,29,0.982,0,84.8,1,0
BUYER-05164,LOW_RISK,1454,47,0.983,0,97.3,1,0
BUYER-05165,LOW_RISK,267,65,0.969,0,87.4,1,0
BUYER-05166,REPEATED_HIGH_RISK,73,10,0.21,5,9.9,1,1
BUYER-05167,LOW_RISK,599,23,0.961,0,90.6,1,1
BUYER-05168,LOW_RISK,262,15,0.964,0,90.6,1,0
BUYER-05169,LOW_RISK,639,30,0.953,0,92.3,1,0
BUYER-05170,LOW_RISK,542,29,0.955,0,95.3,1,0
BUYER-05171,LOW_RISK,1781,19,0.969,0,86.7,1,0
BUYER-05172,LOW_RISK,1537,24,0.986,0,90.6,1,0
BUYER-05173,LOW_RISK,1071,79,0.971,0,90.0,1,0
BUYER-05174,LOW_RISK,1002,48,0.995,0,83.7,1,0
BUYER-05175,LOW_RISK,1373,24,0.977,0,86.2,1,0
BUYER-05176,LOW_RISK,1280,17,0.969,0,97.8,1,0
BUYER-05177,MEDIUM_RISK,166,24,0.8,0,74.1,1,0
BUYER-05178,LOW_RISK,543,74,0.996,0,90.0,1,0
BUYER-05179,LOW_RISK,1487,77,0.974,0,95.3,1,1
BUYER-05180,MEDIUM_RISK,563,13,0.909,0,78.0,1,0
BUYER-05181,LOW_RISK,1486,61,0.964,0,95.9,1,0
BUYER-05182,MEDIUM_RISK,348,6,0.883,1,72.4,1,0
BUYER-05183,LOW_RISK,625,47,0.983,0,83.8,1,0
BUYER-05184,MEDIUM_RISK,174,25,0.93,0,74.4,0,0
BUYER-05185,LOW_RISK,546,19,0.96,0,82.3,1,0
BUYER-05186,HIGH_RISK,47,2,0.654,1,42.4,1,1
BUYER-05187,LOW_RISK,1269,37,0.99,0,83.8,1,0
BUYER-05188,LOW_RISK,1680,72,0.997,0,96.7,1,1
BUYER-05189,MEDIUM_RISK,611,25,0.921,0,57.2,1,0
BUYER-05190,LOW_RISK,1439,67,0.958,0,94.2,1,0
BUYER-05191,LOW_RISK,1384,45,0.979,0,90.4,1,0
BUYER-05192,LOW_RISK,1514,30,0.976,0,85.2,1,0
BUYER-05193,LOW_RISK,1686,80,0.951,0,85.5,1,0
BUYER-05194,MEDIUM_RISK,472,16,0.857,0,72.7,1,0
BUYER-05195,LOW_RISK,1706,31,0.985,0,83.0,1,0
BUYER-05196,LOW_RISK,892,35,0.987,0,90.6,1,1
BUYER-05197,LOW_RISK,576,79,0.97,0,96.0,1,0
BUYER-05198,LOW_RISK,187,51,0.982,0,87.2,1,0
BUYER-05199,LOW_RISK,547,44,0.962,0,90.5,1,0
BUYER-05200,LOW_RISK,661,80,0.985,0,97.0,1,0
BUYER-05201,LOW_RISK,1312,30,0.996,0,95.5,1,0
BUYER-05202,REPEATED_HIGH_RISK,164,4,0.451,3,9.2,0,0
BUYER-05203,LOW_RISK,995,78,0.985,0,84.6,1,0
BUYER-05204,LOW_RISK,1116,65,0.997,0,95.7,1,0
BUYER-05205,HIGH_RISK,105,15,0.706,1,47.1,1,1
BUYER-05206,LOW_RISK,1207,59,0.984,0,96.1,1,0
BUYER-05207,LOW_RISK,597,37,0.991,0,88.5,1,1
BUYER-05208,LOW_RISK,1709,20,0.975,0,92.2,1,0
BUYER-05209,MEDIUM_RISK,676,20,0.928,0,73.0,1,0
BUYER-05210,LOW_RISK,1752,61,0.959,0,89.3,1,1
BUYER-05211,HIGH_RISK,141,8,0.705,1,48.4,0,1
BUYER-05212,LOW_RISK,402,10,0.999,0,85.0,1,0
BUYER-05213,LOW_RISK,1539,74,0.99,0,85.2,1,0
BUYER-05214,LOW_RISK,642,29,0.955,0,90.6,1,0
BUYER-05215,LOW_RISK,1220,38,0.967,0,85.0,1,0
BUYER-05216,LOW_RISK,1689,18,0.976,0,87.2,1,0
BUYER-05217,LOW_RISK,1745,12,0.97,0,96.3,1,0
BUYER-05218,LOW_RISK,1189,59,0.955,0,82.7,1,0
BUYER-05219,LOW_RISK,1727,57,0.991,0,84.7,1,0
BUYER-05220,LOW_RISK,1480,78,0.976,0,95.7,1,0
BUYER-05221,LOW_RISK,725,41,0.989,0,91.9,1,0
BUYER-05222,LOW_RISK,1136,66,0.998,0,83.9,1,0
BUYER-05223,LOW_RISK,1210,24,0.968,0,91.5,1,0
BUYER-05224,LOW_RISK,1366,78,0.982,0,90.7,1,0
BUYER-05225,LOW_RISK,792,54,0.983,0,84.9,1,0
BUYER-05226,LOW_RISK,1563,12,1.0,0,95.2,1,0
BUYER-05227,LOW_RISK,488,60,0.969,0,93.1,1,0
BUYER-05228,MEDIUM_RISK,438,20,0.854,0,59.1,1,0
BUYER-05229,LOW_RISK,904,22,0.957,0,89.2,1,0
BUYER-05230,LOW_RISK,810,74,0.98,0,96.3,1,0
BUYER-05231,LOW_RISK,512,53,0.966,0,91.6,1,0
BUYER-05232,LOW_RISK,1554,65,0.981,0,82.1,1,0
BUYER-05233,LOW_RISK,1090,48,0.994,0,91.3,1,0
BUYER-05234,LOW_RISK,1424,12,0.972,0,92.0,1,0
BUYER-05235,LOW_RISK,472,62,0.971,0,97.8,1,0
BUYER-05236,LOW_RISK,803,18,0.988,0,91.2,1,0
BUYER-05237,LOW_RISK,991,72,0.951,0,82.1,1,0
BUYER-05238,LOW_RISK,1781,68,0.965,0,92.9,1,0
BUYER-05239,LOW_RISK,702,55,0.984,0,95.6,1,0
BUYER-05240,LOW_RISK,762,61,0.964,0,97.3,1,0
BUYER-05241,HIGH_RISK,114,14,0.716,2,40.6,0,0
BUYER-05242,LOW_RISK,799,24,0.971,0,85.9,1,0
BUYER-05243,LOW_RISK,1118,76,0.997,0,87.5,1,0
BUYER-05244,MEDIUM_RISK,438,21,0.875,0,67.8,1,1
BUYER-05245,LOW_RISK,959,47,0.989,0,90.5,1,0
BUYER-05246,LOW_RISK,723,47,0.966,0,94.7,1,0
BUYER-05247,LOW_RISK,521,75,0.99,0,96.0,1,0
BUYER-05248,MEDIUM_RISK,364,8,0.817,0,76.3,1,0
BUYER-05249,LOW_RISK,244,30,0.97,0,97.4,1,0
BUYER-05250,LOW_RISK,260,60,0.97,0,90.8,1,0
BUYER-05251,LOW_RISK,305,12,0.992,0,84.9,1,0
BUYER-05252,HIGH_RISK,288,15,0.648,1,40.8,1,1
BUYER-05253,LOW_RISK,1757,38,0.95,0,96.0,1,0
BUYER-05254,LOW_RISK,1353,34,0.994,0,94.9,1,0
BUYER-05255,MEDIUM_RISK,367,18,0.843,0,74.6,1,0
BUYER-05256,LOW_RISK,1308,40,0.981,0,93.8,1,0
BUYER-05257,LOW_RISK,716,23,0.978,0,88.7,1,0
BUYER-05258,LOW_RISK,664,11,0.957,0,97.4,1,0
BUYER-05259,LOW_RISK,1794,57,0.996,0,82.8,1,0
BUYER-05260,MEDIUM_RISK,247,4,0.895,0,72.3,1,0
BUYER-05261,LOW_RISK,1736,61,0.955,0,96.2,1,0
BUYER-05262,MEDIUM_RISK,640,14,0.89,0,55.4,1,0
BUYER-05263,LOW_RISK,912,59,0.965,0,90.9,1,0
BUYER-05264,LOW_RISK,1751,34,0.991,0,97.7,1,0
BUYER-05265,HIGH_RISK,355,15,0.77,2,37.0,1,1
BUYER-05266,LOW_RISK,1099,16,0.975,0,89.7,1,0
BUYER-05267,LOW_RISK,1656,12,0.983,0,90.5,1,0
BUYER-05268,LOW_RISK,511,63,0.994,0,94.9,1,0
BUYER-05269,MEDIUM_RISK,61,6,0.888,0,59.9,0,0
BUYER-05270,LOW_RISK,942,25,0.952,0,86.3,1,1
BUYER-05271,LOW_RISK,785,48,0.997,0,86.0,1,0
BUYER-05272,LOW_RISK,1411,15,0.97,0,86.4,1,0
BUYER-05273,LOW_RISK,882,64,0.978,0,96.9,1,0
BUYER-05274,LOW_RISK,946,31,0.965,0,82.6,1,0
BUYER-05275,LOW_RISK,470,26,0.956,0,96.6,1,0
BUYER-05276,LOW_RISK,1431,65,0.994,0,84.2,1,1
BUYER-05277,LOW_RISK,1051,32,0.959,0,95.7,1,0
BUYER-05278,LOW_RISK,435,11,0.967,0,85.4,1,0
BUYER-05279,MEDIUM_RISK,680,23,0.892,0,65.5,1,0
BUYER-05280,LOW_RISK,240,43,0.975,0,89.7,1,0
BUYER-05281,REPEATED_HIGH_RISK,106,6,0.406,5,15.4,1,0
BUYER-05282,LOW_RISK,636,65,0.966,0,83.5,1,0
BUYER-05283,LOW_RISK,654,78,0.961,0,82.1,1,0
BUYER-05284,MEDIUM_RISK,113,7,0.84,0,72.5,1,0
BUYER-05285,LOW_RISK,626,23,0.958,0,95.3,1,1
BUYER-05286,LOW_RISK,1400,17,0.95,0,86.0,1,1
BUYER-05287,REPEATED_HIGH_RISK,39,4,0.56,3,26.6,1,1
BUYER-05288,LOW_RISK,1775,70,0.962,0,94.5,1,0
BUYER-05289,LOW_RISK,473,69,0.975,0,88.8,1,0
BUYER-05290,LOW_RISK,734,78,0.982,0,93.7,1,0
BUYER-05291,LOW_RISK,1444,54,0.978,0,93.4,1,0
BUYER-05292,LOW_RISK,837,80,0.966,0,84.9,1,0
BUYER-05293,LOW_RISK,1549,49,0.959,0,95.5,1,0
BUYER-05294,LOW_RISK,466,50,0.955,0,83.9,1,0
BUYER-05295,LOW_RISK,1208,51,0.974,0,91.8,1,0
BUYER-05296,LOW_RISK,1098,18,0.953,0,96.7,1,0
BUYER-05297,LOW_RISK,1263,16,0.968,0,91.6,1,0
BUYER-05298,LOW_RISK,709,67,0.973,0,86.3,1,0
BUYER-05299,LOW_RISK,651,56,0.982,0,87.7,1,0
BUYER-05300,LOW_RISK,469,48,0.972,0,90.5,1,0
BUYER-05301,LOW_RISK,1702,47,0.956,0,94.6,1,0
BUYER-05302,LOW_RISK,1124,25,0.968,0,86.8,1,0
BUYER-05303,LOW_RISK,1349,68,0.96,0,86.6,1,0
BUYER-05304,MEDIUM_RISK,647,9,0.805,0,60.6,1,0
BUYER-05305,LOW_RISK,1225,78,0.952,0,85.1,1,0
BUYER-05306,LOW_RISK,1265,37,0.971,0,96.0,1,1
BUYER-05307,LOW_RISK,320,35,0.962,0,92.3,1,0
BUYER-05308,LOW_RISK,1410,33,0.971,0,82.6,1,0
BUYER-05309,MEDIUM_RISK,515,19,0.875,1,59.2,1,0
BUYER-05310,MEDIUM_RISK,600,5,0.849,0,59.2,1,1
BUYER-05311,LOW_RISK,1292,70,0.96,0,86.6,1,0
BUYER-05312,LOW_RISK,1316,65,0.959,0,92.9,1,0
BUYER-05313,MEDIUM_RISK,350,8,0.817,1,71.6,1,0
BUYER-05314,HIGH_RISK,224,7,0.758,1,35.6,0,0
BUYER-05315,LOW_RISK,850,38,0.974,0,94.9,1,0
BUYER-05316,LOW_RISK,1228,16,0.955,0,91.0,1,0
BUYER-05317,LOW_RISK,399,55,0.971,0,89.7,1,0
BUYER-05318,HIGH_RISK,164,6,0.765,2,40.4,1,0
BUYER-05319,LOW_RISK,1685,71,0.972,0,88.1,1,0
BUYER-05320,LOW_RISK,512,60,0.979,0,83.0,1,1
BUYER-05321,LOW_RISK,815,38,0.96,0,88.3,1,0
BUYER-05322,LOW_RISK,1383,42,0.994,0,92.1,1,0
BUYER-05323,LOW_RISK,1060,43,0.999,0,87.5,1,0
BUYER-05324,REPEATED_HIGH_RISK,163,2,0.462,3,9.0,1,0
BUYER-05325,LOW_RISK,1399,80,0.967,0,85.6,1,0
BUYER-05326,LOW_RISK,214,78,0.995,0,95.3,1,0
BUYER-05327,LOW_RISK,1580,53,0.958,0,93.3,1,1
BUYER-05328,LOW_RISK,1286,62,0.983,0,86.6,1,0
BUYER-05329,LOW_RISK,768,31,0.983,0,88.2,1,0
BUYER-05330,LOW_RISK,1687,75,0.989,0,86.8,1,0
BUYER-05331,LOW_RISK,1718,68,0.979,0,89.0,1,0
BUYER-05332,LOW_RISK,1329,57,0.991,0,96.2,1,0
BUYER-05333,LOW_RISK,852,54,0.988,0,84.0,1,0
BUYER-05334,LOW_RISK,1241,24,0.992,0,82.8,1,0
BUYER-05335,HIGH_RISK,88,3,0.684,1,41.9,1,0
BUYER-05336,HIGH_RISK,290,11,0.725,2,43.3,1,0
BUYER-05337,LOW_RISK,1472,19,0.991,0,86.8,1,0
BUYER-05338,LOW_RISK,1286,34,0.982,0,96.5,1,1
BUYER-05339,MEDIUM_RISK,492,5,0.865,1,77.2,1,1
BUYER-05340,LOW_RISK,1717,77,0.965,0,97.4,1,0
BUYER-05341,LOW_RISK,853,22,0.989,0,94.7,1,1
BUYER-05342,HIGH_RISK,120,8,0.694,1,46.9,1,0
BUYER-05343,LOW_RISK,1251,60,0.999,0,83.7,1,0
BUYER-05344,LOW_RISK,553,37,0.982,0,85.4,1,0
BUYER-05345,HIGH_RISK,272,7,0.743,1,46.4,1,0
BUYER-05346,LOW_RISK,413,20,0.979,0,91.8,1,0
BUYER-05347,LOW_RISK,1186,78,0.954,0,97.1,1,0
BUYER-05348,LOW_RISK,869,11,0.994,0,82.4,1,0
BUYER-05349,LOW_RISK,1444,31,0.992,0,89.1,1,1
BUYER-05350,LOW_RISK,1361,16,0.969,0,84.4,1,0
BUYER-05351,LOW_RISK,1050,64,0.979,0,85.5,1,0
BUYER-05352,REPEATED_HIGH_RISK,102,3,0.439,5,22.9,0,0
BUYER-05353,LOW_RISK,1282,12,0.988,0,89.4,1,0
BUYER-05354,LOW_RISK,1713,11,0.988,0,92.7,1,0
BUYER-05355,LOW_RISK,579,26,0.984,0,82.3,1,0
BUYER-05356,LOW_RISK,1704,25,0.956,0,85.9,1,0
BUYER-05357,LOW_RISK,1377,20,0.951,0,97.3,1,1
BUYER-05358,HIGH_RISK,287,4,0.762,1,48.7,0,0
BUYER-05359,MEDIUM_RISK,344,7,0.89,0,62.6,0,0
BUYER-05360,LOW_RISK,428,41,0.986,0,82.7,1,0
BUYER-05361,LOW_RISK,300,77,0.966,0,90.6,1,0
BUYER-05362,LOW_RISK,386,74,0.986,0,82.7,1,0
BUYER-05363,LOW_RISK,851,17,0.994,0,86.8,1,0
BUYER-05364,LOW_RISK,1643,69,0.96,0,83.1,1,0
BUYER-05365,LOW_RISK,882,77,0.975,0,88.1,1,0
BUYER-05366,REPEATED_HIGH_RISK,109,4,0.548,3,12.3,0,0
BUYER-05367,LOW_RISK,894,75,0.986,0,88.4,1,0
BUYER-05368,LOW_RISK,682,36,0.968,0,94.8,1,0
BUYER-05369,LOW_RISK,303,10,0.981,0,90.7,1,0
BUYER-05370,LOW_RISK,1718,65,0.955,0,92.1,1,0
BUYER-05371,LOW_RISK,777,67,0.983,0,83.4,1,0
BUYER-05372,LOW_RISK,864,59,0.991,0,85.8,1,0
BUYER-05373,LOW_RISK,1178,33,0.968,0,94.6,1,0
BUYER-05374,LOW_RISK,416,22,0.969,0,85.9,1,0
BUYER-05375,LOW_RISK,1570,15,0.983,0,95.4,1,0
BUYER-05376,LOW_RISK,671,70,0.974,0,89.3,1,0
BUYER-05377,LOW_RISK,504,79,0.98,0,97.9,1,0
BUYER-05378,LOW_RISK,1511,58,0.97,0,87.5,1,0
BUYER-05379,LOW_RISK,690,47,0.959,0,83.3,1,0
BUYER-05380,LOW_RISK,702,42,0.953,0,93.3,1,0
BUYER-05381,LOW_RISK,1024,19,0.952,0,83.7,1,0
BUYER-05382,LOW_RISK,1606,69,0.998,0,87.2,1,0
BUYER-05383,LOW_RISK,599,52,0.977,0,95.1,1,0
BUYER-05384,LOW_RISK,793,62,0.991,0,82.7,1,0
BUYER-05385,LOW_RISK,944,25,0.952,0,92.7,1,0
BUYER-05386,LOW_RISK,1299,10,0.957,0,97.7,1,1
BUYER-05387,LOW_RISK,196,43,0.957,0,88.7,1,0
BUYER-05388,HIGH_RISK,231,4,0.777,2,40.7,0,0
BUYER-05389,LOW_RISK,389,43,0.982,0,92.8,1,0
BUYER-05390,MEDIUM_RISK,494,6,0.874,0,68.9,1,1
BUYER-05391,LOW_RISK,1392,50,0.99,0,96.8,1,0
BUYER-05392,LOW_RISK,1358,62,0.979,0,82.7,1,0
BUYER-05393,MEDIUM_RISK,537,15,0.836,0,73.1,0,0
BUYER-05394,LOW_RISK,1530,10,0.978,0,84.8,1,0
BUYER-05395,LOW_RISK,1278,45,0.997,0,90.1,1,0
BUYER-05396,LOW_RISK,1747,44,0.994,0,94.1,1,0
BUYER-05397,LOW_RISK,898,24,0.993,0,85.8,1,0
BUYER-05398,LOW_RISK,1750,52,0.977,0,96.3,1,0
BUYER-05399,LOW_RISK,458,72,0.956,0,86.3,1,0
BUYER-05400,MEDIUM_RISK,231,3,0.89,0,65.2,1,0
BUYER-05401,LOW_RISK,1312,25,0.989,0,94.1,1,1
BUYER-05402,HIGH_RISK,153,14,0.737,2,46.1,1,1
BUYER-05403,HIGH_RISK,118,6,0.78,1,42.0,0,0
BUYER-05404,LOW_RISK,1736,76,0.995,0,90.1,1,0
BUYER-05405,LOW_RISK,600,80,0.973,0,92.4,1,0
BUYER-05406,MEDIUM_RISK,397,19,0.831,0,60.6,1,0
BUYER-05407,HIGH_RISK,222,6,0.745,2,39.6,1,0
BUYER-05408,LOW_RISK,694,22,0.962,0,82.1,1,1
BUYER-05409,LOW_RISK,205,24,0.997,0,87.6,1,0
BUYER-05410,LOW_RISK,1229,63,0.998,0,85.0,1,1
BUYER-05411,LOW_RISK,441,60,0.957,0,86.2,1,0
BUYER-05412,LOW_RISK,521,15,0.996,0,83.1,1,0
BUYER-05413,LOW_RISK,528,39,0.995,0,91.8,1,0
BUYER-05414,LOW_RISK,1663,55,0.973,0,84.1,1,0
BUYER-05415,LOW_RISK,729,45,0.953,0,82.9,1,0
BUYER-05416,LOW_RISK,1593,73,0.984,0,95.4,1,0
BUYER-05417,LOW_RISK,737,22,0.978,0,84.6,1,0
BUYER-05418,LOW_RISK,940,40,0.992,0,92.3,1,0
BUYER-05419,LOW_RISK,301,71,0.986,0,87.0,1,0
BUYER-05420,LOW_RISK,1479,28,0.957,0,86.4,1,0
BUYER-05421,LOW_RISK,1133,13,0.979,0,93.8,1,0
BUYER-05422,LOW_RISK,1152,29,0.987,0,97.7,1,0
BUYER-05423,HIGH_RISK,309,8,0.639,1,35.0,1,1
BUYER-05424,LOW_RISK,340,73,0.992,0,94.7,1,1
BUYER-05425,LOW_RISK,559,47,0.951,0,95.3,1,0
BUYER-05426,LOW_RISK,1601,37,0.959,0,83.6,1,0
BUYER-05427,REPEATED_HIGH_RISK,143,2,0.213,5,15.7,0,1
BUYER-05428,LOW_RISK,1063,22,0.984,0,85.4,1,1
BUYER-05429,LOW_RISK,1152,11,0.957,0,88.4,1,1
BUYER-05430,LOW_RISK,1602,31,0.953,0,96.9,1,0
BUYER-05431,LOW_RISK,1775,14,0.952,0,87.4,1,0
BUYER-05432,LOW_RISK,664,60,0.995,0,88.6,1,1
BUYER-05433,LOW_RISK,457,18,0.979,0,85.1,1,0
BUYER-05434,LOW_RISK,1293,13,0.95,0,89.4,1,0
BUYER-05435,LOW_RISK,1418,50,0.952,0,83.5,1,0
BUYER-05436,LOW_RISK,678,27,0.967,0,94.8,1,0
BUYER-05437,LOW_RISK,205,13,0.99,0,85.5,1,0
BUYER-05438,MEDIUM_RISK,502,5,0.827,0,73.7,1,1
BUYER-05439,LOW_RISK,1520,67,0.959,0,83.5,1,0
BUYER-05440,MEDIUM_RISK,239,20,0.914,0,68.6,1,0
BUYER-05441,LOW_RISK,1702,75,0.974,0,83.2,1,1
BUYER-05442,LOW_RISK,978,73,0.957,0,83.9,1,0
BUYER-05443,LOW_RISK,699,50,0.994,0,93.4,1,0
BUYER-05444,HIGH_RISK,158,13,0.677,2,33.9,0,0
BUYER-05445,LOW_RISK,1195,24,0.978,0,90.8,1,0
BUYER-05446,LOW_RISK,320,70,0.992,0,89.3,1,0
BUYER-05447,LOW_RISK,807,41,0.97,0,97.7,1,0
BUYER-05448,LOW_RISK,476,38,0.988,0,86.7,1,0
BUYER-05449,LOW_RISK,1790,26,0.959,0,84.3,1,1
BUYER-05450,LOW_RISK,1506,60,0.951,0,87.5,1,0
BUYER-05451,LOW_RISK,619,44,0.988,0,84.3,1,0
BUYER-05452,LOW_RISK,1680,12,0.979,0,86.9,1,0
BUYER-05453,LOW_RISK,1093,70,0.994,0,88.0,1,0
BUYER-05454,LOW_RISK,226,36,0.984,0,88.7,1,1
BUYER-05455,LOW_RISK,1461,55,0.966,0,85.6,1,0
BUYER-05456,LOW_RISK,447,70,0.97,0,92.4,1,0
BUYER-05457,LOW_RISK,1414,48,0.986,0,82.4,1,0
BUYER-05458,LOW_RISK,1566,27,0.964,0,87.5,1,0
BUYER-05459,HIGH_RISK,198,11,0.703,2,33.9,1,0
BUYER-05460,HIGH_RISK,33,4,0.62,2,41.8,0,0
BUYER-05461,LOW_RISK,406,50,0.998,0,90.6,1,0
BUYER-05462,LOW_RISK,366,31,0.99,0,90.6,1,0
BUYER-05463,LOW_RISK,1008,46,0.987,0,94.8,1,0
BUYER-05464,LOW_RISK,1027,42,0.974,0,88.8,1,0
BUYER-05465,LOW_RISK,1232,63,0.956,0,89.4,1,1
BUYER-05466,LOW_RISK,300,11,0.975,0,86.3,1,0
BUYER-05467,LOW_RISK,1114,43,0.951,0,94.0,1,0
BUYER-05468,MEDIUM_RISK,478,24,0.878,1,57.1,1,0
BUYER-05469,MEDIUM_RISK,608,6,0.88,0,66.8,1,1
BUYER-05470,LOW_RISK,1449,26,0.954,0,86.8,1,0
BUYER-05471,LOW_RISK,283,61,0.979,0,93.6,1,0
BUYER-05472,LOW_RISK,1263,35,0.97,0,97.4,1,1
BUYER-05473,LOW_RISK,1460,26,0.992,0,94.6,1,0
BUYER-05474,LOW_RISK,651,45,0.977,0,90.2,1,0
BUYER-05475,LOW_RISK,733,67,0.997,0,82.6,1,0
BUYER-05476,LOW_RISK,503,25,0.961,0,97.4,1,0
BUYER-05477,LOW_RISK,1020,50,0.964,0,85.0,1,0
BUYER-05478,LOW_RISK,1643,11,0.958,0,98.0,1,0
BUYER-05479,LOW_RISK,588,72,0.984,0,93.9,1,0
BUYER-05480,LOW_RISK,209,55,0.995,0,82.0,1,0
BUYER-05481,LOW_RISK,606,37,0.95,0,82.3,1,0
BUYER-05482,LOW_RISK,1303,76,0.969,0,94.7,1,0
BUYER-05483,LOW_RISK,1703,61,0.973,0,91.5,1,0
BUYER-05484,LOW_RISK,1433,10,0.95,0,90.3,1,0
BUYER-05485,LOW_RISK,1753,21,0.956,0,83.9,1,1
BUYER-05486,REPEATED_HIGH_RISK,7,2,0.42,3,15.7,1,1
BUYER-05487,LOW_RISK,1722,29,0.991,0,84.2,1,1
BUYER-05488,LOW_RISK,1192,35,0.997,0,93.9,1,1
BUYER-05489,LOW_RISK,1371,78,0.997,0,91.2,1,0
BUYER-05490,MEDIUM_RISK,500,25,0.886,1,64.3,1,0
BUYER-05491,LOW_RISK,1289,53,0.965,0,97.8,1,0
BUYER-05492,LOW_RISK,348,80,0.971,0,98.0,1,1
BUYER-05493,LOW_RISK,975,41,0.952,0,82.4,1,0
BUYER-05494,LOW_RISK,1402,75,0.964,0,85.5,1,0
BUYER-05495,LOW_RISK,1069,25,0.995,0,93.6,1,0
BUYER-05496,LOW_RISK,680,67,0.954,0,83.5,1,0
BUYER-05497,LOW_RISK,354,50,0.955,0,91.7,1,0
BUYER-05498,MEDIUM_RISK,691,14,0.897,1,62.9,1,1
BUYER-05499,LOW_RISK,469,49,0.958,0,82.3,1,0
BUYER-05500,LOW_RISK,1482,43,0.99,0,92.6,1,1
BUYER-05501,LOW_RISK,320,56,0.96,0,94.2,1,0
BUYER-05502,LOW_RISK,748,62,0.971,0,89.1,1,0
BUYER-05503,LOW_RISK,948,42,0.964,0,96.2,1,0
BUYER-05504,LOW_RISK,739,61,0.972,0,84.4,1,0
BUYER-05505,LOW_RISK,289,22,0.953,0,84.2,1,0
BUYER-05506,LOW_RISK,1498,12,0.991,0,93.3,1,0
BUYER-05507,LOW_RISK,1284,21,0.984,0,84.4,1,0
BUYER-05508,LOW_RISK,462,38,0.976,0,91.5,1,0
BUYER-05509,LOW_RISK,1750,46,0.998,0,84.4,1,0
BUYER-05510,LOW_RISK,980,28,0.952,0,87.5,1,0
BUYER-05511,LOW_RISK,323,73,0.963,0,87.2,1,0
BUYER-05512,MEDIUM_RISK,169,17,0.832,0,76.9,1,1
BUYER-05513,MEDIUM_RISK,682,9,0.858,0,58.8,1,0
BUYER-05514,LOW_RISK,635,54,1.0,0,82.3,1,0
BUYER-05515,LOW_RISK,783,21,0.958,0,83.5,1,0
BUYER-05516,LOW_RISK,1760,27,0.978,0,87.3,1,0
BUYER-05517,LOW_RISK,1304,24,0.984,0,97.0,1,0
BUYER-05518,LOW_RISK,1466,32,0.989,0,97.6,1,0
BUYER-05519,LOW_RISK,888,12,0.964,0,95.9,1,0
BUYER-05520,LOW_RISK,994,24,0.994,0,83.0,1,0
BUYER-05521,MEDIUM_RISK,646,8,0.831,0,61.3,1,0
BUYER-05522,LOW_RISK,1016,13,0.953,0,84.0,1,0
BUYER-05523,LOW_RISK,676,76,0.957,0,83.4,1,0
BUYER-05524,LOW_RISK,363,32,0.96,0,96.5,1,0
BUYER-05525,LOW_RISK,1342,64,0.953,0,83.4,1,1
BUYER-05526,LOW_RISK,240,43,0.997,0,93.4,1,0
BUYER-05527,LOW_RISK,203,73,0.987,0,89.0,1,0
BUYER-05528,LOW_RISK,845,38,0.998,0,94.4,1,0
BUYER-05529,LOW_RISK,1676,43,0.966,0,93.6,1,0
BUYER-05530,LOW_RISK,805,32,0.995,0,97.7,1,0
BUYER-05531,LOW_RISK,1038,38,0.993,0,86.8,1,0
BUYER-05532,LOW_RISK,231,23,0.981,0,87.3,1,0
BUYER-05533,LOW_RISK,194,56,0.975,0,93.9,1,0
BUYER-05534,LOW_RISK,1461,36,0.998,0,86.9,1,0
BUYER-05535,LOW_RISK,484,43,0.962,0,90.9,1,0
BUYER-05536,LOW_RISK,1043,20,0.975,0,88.6,1,0
BUYER-05537,LOW_RISK,526,30,0.997,0,94.1,1,0
BUYER-05538,MEDIUM_RISK,159,17,0.894,0,59.4,1,0
BUYER-05539,LOW_RISK,1107,10,0.975,0,95.6,1,0
BUYER-05540,LOW_RISK,1620,59,0.997,0,96.9,1,0
BUYER-05541,LOW_RISK,1783,61,0.998,0,95.7,1,0
BUYER-05542,LOW_RISK,745,19,0.998,0,91.9,1,0
BUYER-05543,MEDIUM_RISK,482,16,0.919,0,65.6,1,0
BUYER-05544,MEDIUM_RISK,306,22,0.841,0,66.2,1,0
BUYER-05545,LOW_RISK,344,30,0.979,0,92.2,1,0
BUYER-05546,LOW_RISK,920,11,0.952,0,97.6,1,0
BUYER-05547,LOW_RISK,402,75,0.965,0,91.1,1,1
BUYER-05548,LOW_RISK,797,28,0.956,0,87.0,1,0
BUYER-05549,LOW_RISK,736,36,0.965,0,86.9,1,0
BUYER-05550,LOW_RISK,1038,58,0.977,0,97.2,1,0
BUYER-05551,LOW_RISK,488,21,0.967,0,92.2,1,0
BUYER-05552,LOW_RISK,697,55,0.958,0,86.1,1,0
BUYER-05553,HIGH_RISK,103,2,0.784,2,43.2,1,0
BUYER-05554,LOW_RISK,746,46,0.982,0,83.4,1,0
BUYER-05555,MEDIUM_RISK,156,6,0.894,1,69.7,1,0
BUYER-05556,LOW_RISK,1765,35,0.977,0,83.3,1,0
BUYER-05557,LOW_RISK,480,69,0.962,0,95.7,1,0
BUYER-05558,LOW_RISK,1058,39,0.965,0,87.4,1,0
BUYER-05559,LOW_RISK,1381,46,0.975,0,95.8,1,0
BUYER-05560,LOW_RISK,546,18,0.976,0,86.4,1,0
BUYER-05561,LOW_RISK,1039,78,0.951,0,88.5,1,0
BUYER-05562,REPEATED_HIGH_RISK,73,2,0.332,3,24.3,1,1
BUYER-05563,LOW_RISK,269,33,0.955,0,95.0,1,0
BUYER-05564,LOW_RISK,939,49,0.96,0,94.0,1,0
BUYER-05565,MEDIUM_RISK,114,8,0.835,1,55.7,1,0
BUYER-05566,LOW_RISK,1630,61,0.953,0,91.8,1,1
BUYER-05567,LOW_RISK,1261,64,0.95,0,97.1,1,0
BUYER-05568,LOW_RISK,1197,28,0.955,0,93.7,1,0
BUYER-05569,MEDIUM_RISK,547,15,0.807,0,56.4,1,0
BUYER-05570,HIGH_RISK,98,2,0.79,1,35.4,1,0
BUYER-05571,HIGH_RISK,319,9,0.705,2,42.1,0,0
BUYER-05572,LOW_RISK,1417,16,0.954,0,94.9,1,0
BUYER-05573,MEDIUM_RISK,63,3,0.829,0,77.1,1,0
BUYER-05574,LOW_RISK,1152,24,0.962,0,94.0,1,0
BUYER-05575,LOW_RISK,1196,22,0.979,0,89.5,1,0
BUYER-05576,LOW_RISK,1515,63,0.952,0,94.0,1,0
BUYER-05577,LOW_RISK,1470,59,0.994,0,84.5,1,0
BUYER-05578,REPEATED_HIGH_RISK,97,2,0.474,5,10.0,0,1
BUYER-05579,MEDIUM_RISK,693,12,0.918,0,70.3,1,0
BUYER-05580,LOW_RISK,1252,52,0.993,0,96.7,1,0
BUYER-05581,LOW_RISK,1467,25,0.954,0,97.3,1,1
BUYER-05582,LOW_RISK,877,38,0.967,0,84.7,1,0
BUYER-05583,MEDIUM_RISK,152,3,0.866,0,59.0,1,0
BUYER-05584,LOW_RISK,1262,66,0.976,0,82.1,1,0
BUYER-05585,LOW_RISK,461,69,0.98,0,82.9,1,0
BUYER-05586,LOW_RISK,644,69,0.956,0,88.6,1,0
BUYER-05587,LOW_RISK,1053,13,0.978,0,90.2,1,0
BUYER-05588,LOW_RISK,1775,70,0.999,0,84.5,1,0
BUYER-05589,MEDIUM_RISK,237,24,0.883,0,73.2,1,0
BUYER-05590,LOW_RISK,1477,59,0.963,0,89.8,1,0
BUYER-05591,LOW_RISK,427,78,0.96,0,87.4,1,0
BUYER-05592,LOW_RISK,644,15,0.972,0,88.7,1,0
BUYER-05593,LOW_RISK,397,10,0.959,0,86.6,1,0
BUYER-05594,HIGH_RISK,22,12,0.737,2,41.3,0,0
BUYER-05595,LOW_RISK,1786,55,0.973,0,97.5,1,0
BUYER-05596,LOW_RISK,244,11,0.958,0,86.1,1,0
BUYER-05597,LOW_RISK,780,34,0.99,0,84.2,1,0
BUYER-05598,LOW_RISK,989,33,0.958,0,95.2,1,0
BUYER-05599,LOW_RISK,980,14,0.989,0,88.2,1,0
BUYER-05600,LOW_RISK,1549,58,0.978,0,95.6,1,1
BUYER-05601,LOW_RISK,711,60,0.983,0,82.3,1,0
BUYER-05602,LOW_RISK,1086,55,0.953,0,91.9,1,0
BUYER-05603,LOW_RISK,422,41,0.979,0,97.7,1,0
BUYER-05604,LOW_RISK,926,28,0.954,0,82.9,1,0
BUYER-05605,LOW_RISK,416,62,0.995,0,95.2,1,0
BUYER-05606,LOW_RISK,975,19,0.95,0,96.8,1,0
BUYER-05607,MEDIUM_RISK,252,9,0.851,0,78.5,1,0
BUYER-05608,MEDIUM_RISK,694,19,0.907,0,76.4,1,1
BUYER-05609,LOW_RISK,500,46,0.992,0,93.2,1,0
BUYER-05610,LOW_RISK,1603,24,0.981,0,95.9,1,0
BUYER-05611,LOW_RISK,1363,27,0.964,0,95.7,1,1
BUYER-05612,LOW_RISK,1210,18,0.961,0,82.2,1,0
BUYER-05613,MEDIUM_RISK,139,16,0.884,0,74.4,1,1
BUYER-05614,LOW_RISK,211,50,0.993,0,82.7,1,1
BUYER-05615,LOW_RISK,386,57,0.996,0,88.0,1,0
BUYER-05616,MEDIUM_RISK,403,25,0.877,0,64.3,1,0
BUYER-05617,MEDIUM_RISK,327,15,0.9,1,60.9,0,0
BUYER-05618,LOW_RISK,1547,52,0.962,0,90.8,1,0
BUYER-05619,LOW_RISK,371,10,0.966,0,95.1,1,0
BUYER-05620,LOW_RISK,1738,45,0.996,0,88.7,1,0
BUYER-05621,LOW_RISK,1754,29,0.975,0,95.1,1,0
BUYER-05622,MEDIUM_RISK,629,16,0.92,0,57.9,1,0
BUYER-05623,MEDIUM_RISK,513,10,0.877,1,62.7,1,1
BUYER-05624,LOW_RISK,1746,24,0.957,0,94.3,1,0
BUYER-05625,LOW_RISK,1099,73,0.966,0,83.6,1,0
BUYER-05626,MEDIUM_RISK,269,21,0.852,0,68.5,0,0
BUYER-05627,LOW_RISK,1217,22,0.967,0,86.2,1,0
BUYER-05628,LOW_RISK,950,15,0.988,0,95.0,1,0
BUYER-05629,LOW_RISK,1125,30,0.961,0,88.1,1,0
BUYER-05630,LOW_RISK,494,47,0.989,0,89.0,1,0
BUYER-05631,LOW_RISK,1691,57,0.989,0,88.8,1,0
BUYER-05632,LOW_RISK,1127,69,0.957,0,87.7,1,0
BUYER-05633,LOW_RISK,1084,23,0.951,0,85.3,1,0
BUYER-05634,LOW_RISK,1204,69,0.956,0,88.1,1,0
BUYER-05635,LOW_RISK,719,71,0.977,0,92.3,1,0
BUYER-05636,LOW_RISK,650,71,0.983,0,83.0,1,0
BUYER-05637,LOW_RISK,380,72,0.966,0,97.7,1,0
BUYER-05638,MEDIUM_RISK,572,3,0.909,0,76.3,1,0
BUYER-05639,LOW_RISK,787,19,0.992,0,90.1,1,1
BUYER-05640,LOW_RISK,844,68,0.984,0,88.1,1,0
BUYER-05641,LOW_RISK,511,32,0.967,0,94.3,1,0
BUYER-05642,LOW_RISK,987,77,0.97,0,84.4,1,0
BUYER-05643,LOW_RISK,1103,33,0.978,0,95.3,1,0
BUYER-05644,LOW_RISK,273,67,0.971,0,86.0,1,0
BUYER-05645,LOW_RISK,201,67,0.983,0,88.0,1,0
BUYER-05646,LOW_RISK,603,28,0.974,0,83.1,1,0
BUYER-05647,LOW_RISK,1626,36,0.997,0,85.3,1,0
BUYER-05648,LOW_RISK,1303,61,0.974,0,93.1,1,0
BUYER-05649,LOW_RISK,913,26,0.961,0,90.5,1,0
BUYER-05650,LOW_RISK,1658,74,0.992,0,91.7,1,0
BUYER-05651,LOW_RISK,1012,13,0.99,0,90.3,1,1
BUYER-05652,LOW_RISK,1251,60,0.98,0,85.7,1,0
BUYER-05653,LOW_RISK,297,52,0.989,0,94.4,1,0
BUYER-05654,LOW_RISK,711,10,0.967,0,82.4,1,0
BUYER-05655,LOW_RISK,1254,28,0.974,0,91.2,1,1
BUYER-05656,LOW_RISK,1700,20,0.998,0,87.2,1,0
BUYER-05657,LOW_RISK,1100,64,0.998,0,94.4,1,0
BUYER-05658,MEDIUM_RISK,351,9,0.895,0,72.7,1,0
BUYER-05659,HIGH_RISK,225,9,0.611,1,40.1,1,1
BUYER-05660,LOW_RISK,1399,69,0.975,0,87.4,1,0
BUYER-05661,LOW_RISK,701,30,0.972,0,83.2,1,1
BUYER-05662,LOW_RISK,1622,13,0.962,0,94.5,1,0
BUYER-05663,LOW_RISK,711,28,0.992,0,89.6,1,0
BUYER-05664,LOW_RISK,1004,26,0.973,0,85.3,1,0
BUYER-05665,LOW_RISK,302,32,0.959,0,92.3,1,0
BUYER-05666,LOW_RISK,1167,23,0.955,0,83.2,1,0
BUYER-05667,LOW_RISK,1131,57,0.983,0,89.8,1,0
BUYER-05668,MEDIUM_RISK,651,6,0.936,0,57.6,1,0
BUYER-05669,LOW_RISK,516,17,0.989,0,84.5,1,0
BUYER-05670,LOW_RISK,1292,57,0.956,0,86.3,1,0
BUYER-05671,MEDIUM_RISK,595,15,0.881,0,60.6,1,0
BUYER-05672,LOW_RISK,947,32,0.997,0,95.4,1,0
BUYER-05673,LOW_RISK,1364,11,0.96,0,95.7,1,0
BUYER-05674,LOW_RISK,546,33,0.951,0,84.9,1,1
BUYER-05675,HIGH_RISK,226,11,0.751,2,32.2,1,1
BUYER-05676,LOW_RISK,725,33,0.984,0,86.3,1,0
BUYER-05677,LOW_RISK,338,17,0.971,0,82.4,1,0
BUYER-05678,LOW_RISK,326,67,0.973,0,96.2,1,0
BUYER-05679,LOW_RISK,219,37,0.99,0,83.3,1,0
BUYER-05680,LOW_RISK,577,67,0.994,0,82.6,1,0
BUYER-05681,LOW_RISK,881,11,0.997,0,86.7,1,0
BUYER-05682,LOW_RISK,586,36,0.959,0,95.4,1,0
BUYER-05683,MEDIUM_RISK,217,11,0.928,1,64.0,1,0
BUYER-05684,LOW_RISK,638,24,0.993,0,89.0,1,0
BUYER-05685,LOW_RISK,1333,45,0.989,0,88.9,1,0
BUYER-05686,LOW_RISK,674,10,0.977,0,97.3,1,0
BUYER-05687,LOW_RISK,246,60,0.988,0,87.2,1,0
BUYER-05688,MEDIUM_RISK,92,8,0.923,1,69.8,1,0
BUYER-05689,LOW_RISK,1434,80,0.966,0,93.2,1,0
BUYER-05690,LOW_RISK,628,38,0.956,0,93.2,1,0
BUYER-05691,LOW_RISK,1732,73,0.959,0,95.8,1,0
BUYER-05692,LOW_RISK,507,25,0.991,0,85.6,1,0
BUYER-05693,LOW_RISK,1515,16,0.965,0,94.4,1,1
BUYER-05694,LOW_RISK,1059,17,0.956,0,88.9,1,0
BUYER-05695,LOW_RISK,1039,67,0.97,0,87.3,1,0
BUYER-05696,LOW_RISK,531,68,0.993,0,90.8,1,0
BUYER-05697,LOW_RISK,802,55,0.999,0,91.4,1,0
BUYER-05698,LOW_RISK,722,57,0.951,0,93.6,1,0
BUYER-05699,REPEATED_HIGH_RISK,136,10,0.365,3,16.4,0,1
BUYER-05700,LOW_RISK,1194,56,0.988,0,95.5,1,1
BUYER-05701,LOW_RISK,224,31,0.952,0,82.2,1,0
BUYER-05702,LOW_RISK,1644,23,0.978,0,95.5,1,0
BUYER-05703,LOW_RISK,531,15,0.958,0,94.3,1,0
BUYER-05704,LOW_RISK,940,48,0.994,0,85.8,1,0
BUYER-05705,MEDIUM_RISK,63,11,0.836,0,68.7,1,0
BUYER-05706,LOW_RISK,250,38,0.959,0,84.5,1,0
BUYER-05707,MEDIUM_RISK,227,10,0.829,0,55.2,1,0
BUYER-05708,LOW_RISK,523,41,0.968,0,82.7,1,0
BUYER-05709,LOW_RISK,946,52,0.967,0,97.6,1,0
BUYER-05710,MEDIUM_RISK,146,22,0.924,1,60.4,1,0
BUYER-05711,LOW_RISK,871,46,0.966,0,93.5,1,0
BUYER-05712,HIGH_RISK,32,5,0.763,1,41.9,0,0
BUYER-05713,LOW_RISK,1315,46,0.985,0,85.3,1,0
BUYER-05714,HIGH_RISK,114,14,0.747,1,35.3,1,1
BUYER-05715,LOW_RISK,512,47,0.992,0,88.3,1,0
BUYER-05716,LOW_RISK,514,64,0.957,0,95.0,1,0
BUYER-05717,LOW_RISK,234,54,0.978,0,93.8,1,0
BUYER-05718,LOW_RISK,1501,39,0.956,0,95.3,1,0
BUYER-05719,LOW_RISK,1795,44,0.988,0,83.4,1,0
BUYER-05720,LOW_RISK,1367,17,0.972,0,87.3,1,0
BUYER-05721,LOW_RISK,1405,60,0.966,0,96.0,1,0
BUYER-05722,LOW_RISK,1411,27,0.998,0,83.9,1,0
BUYER-05723,LOW_RISK,677,73,0.97,0,83.2,1,0
BUYER-05724,LOW_RISK,1121,49,0.979,0,86.4,1,0
BUYER-05725,LOW_RISK,314,11,0.969,0,91.5,1,0
BUYER-05726,LOW_RISK,729,21,0.978,0,96.4,1,0
BUYER-05727,LOW_RISK,880,22,0.979,0,84.9,1,0
BUYER-05728,LOW_RISK,1094,19,0.985,0,83.6,1,0
BUYER-05729,LOW_RISK,942,39,0.986,0,84.0,1,0
BUYER-05730,MEDIUM_RISK,463,11,0.866,0,58.6,0,0
BUYER-05731,MEDIUM_RISK,550,23,0.928,1,61.0,1,0
BUYER-05732,LOW_RISK,390,28,0.985,0,96.2,1,0
BUYER-05733,LOW_RISK,1051,25,0.972,0,94.3,1,0
BUYER-05734,LOW_RISK,234,10,0.979,0,84.5,1,0
BUYER-05735,LOW_RISK,1699,78,0.995,0,87.0,1,0
BUYER-05736,LOW_RISK,461,44,0.953,0,84.7,1,0
BUYER-05737,LOW_RISK,396,18,0.968,0,85.7,1,0
BUYER-05738,LOW_RISK,859,55,0.95,0,83.5,1,0
BUYER-05739,LOW_RISK,609,27,0.955,0,92.2,1,0
BUYER-05740,LOW_RISK,793,40,0.983,0,82.8,1,0
BUYER-05741,MEDIUM_RISK,482,18,0.928,0,66.1,0,0
BUYER-05742,LOW_RISK,466,43,0.973,0,97.6,1,0
BUYER-05743,MEDIUM_RISK,413,25,0.904,0,75.6,1,0
BUYER-05744,REPEATED_HIGH_RISK,46,3,0.391,4,22.2,1,0
BUYER-05745,LOW_RISK,700,51,0.985,0,90.6,1,0
BUYER-05746,LOW_RISK,404,33,0.987,0,97.5,1,0
BUYER-05747,LOW_RISK,799,79,0.974,0,82.7,1,0
BUYER-05748,HIGH_RISK,267,12,0.673,2,41.8,1,0
BUYER-05749,REPEATED_HIGH_RISK,60,5,0.488,6,15.1,1,1
BUYER-05750,LOW_RISK,913,17,0.958,0,89.5,1,0
BUYER-05751,LOW_RISK,1291,47,0.998,0,86.4,1,0
BUYER-05752,LOW_RISK,1244,52,0.982,0,94.6,1,0
BUYER-05753,LOW_RISK,915,77,0.977,0,95.3,1,1
BUYER-05754,LOW_RISK,1288,31,0.999,0,87.1,1,0
BUYER-05755,MEDIUM_RISK,477,25,0.911,0,58.2,1,1
BUYER-05756,LOW_RISK,1794,32,0.951,0,90.1,1,0
BUYER-05757,LOW_RISK,994,71,0.956,0,91.4,1,0
BUYER-05758,LOW_RISK,524,56,0.965,0,85.5,1,0
BUYER-05759,LOW_RISK,1777,50,0.987,0,83.3,1,0
BUYER-05760,LOW_RISK,1379,60,0.958,0,84.5,1,0
BUYER-05761,LOW_RISK,555,54,0.95,0,83.7,1,0
BUYER-05762,MEDIUM_RISK,217,14,0.902,0,70.9,1,0
BUYER-05763,HIGH_RISK,340,8,0.632,1,47.0,0,0
BUYER-05764,LOW_RISK,794,67,0.959,0,88.6,1,0
BUYER-05765,MEDIUM_RISK,633,11,0.923,0,70.5,1,0
BUYER-05766,LOW_RISK,365,31,0.99,0,85.9,1,0
BUYER-05767,LOW_RISK,740,21,0.964,0,91.2,1,0
BUYER-05768,LOW_RISK,1396,11,0.989,0,91.7,1,0
BUYER-05769,LOW_RISK,1521,63,0.97,0,95.3,1,0
BUYER-05770,MEDIUM_RISK,484,4,0.819,1,64.6,1,0
BUYER-05771,LOW_RISK,717,53,0.991,0,82.8,1,0
BUYER-05772,LOW_RISK,1369,56,0.972,0,85.0,1,0
BUYER-05773,LOW_RISK,1157,46,0.982,0,82.3,1,0
BUYER-05774,LOW_RISK,654,19,0.952,0,94.2,1,0
BUYER-05775,LOW_RISK,1357,38,0.962,0,94.2,1,0
BUYER-05776,LOW_RISK,1283,32,0.957,0,86.8,1,0
BUYER-05777,LOW_RISK,1129,21,0.954,0,91.5,1,0
BUYER-05778,LOW_RISK,962,10,0.985,0,88.7,1,0
BUYER-05779,MEDIUM_RISK,51,19,0.82,0,66.7,1,1
BUYER-05780,LOW_RISK,256,51,0.97,0,88.4,1,0
BUYER-05781,LOW_RISK,1583,63,0.992,0,82.9,1,0
BUYER-05782,LOW_RISK,1072,26,0.97,0,85.5,1,0
BUYER-05783,LOW_RISK,1256,55,0.951,0,91.2,1,0
BUYER-05784,LOW_RISK,647,69,0.959,0,86.3,1,0
BUYER-05785,LOW_RISK,364,66,0.991,0,92.5,1,0
BUYER-05786,MEDIUM_RISK,258,24,0.816,0,78.6,1,0
BUYER-05787,LOW_RISK,585,62,0.956,0,92.3,1,0
BUYER-05788,LOW_RISK,1444,43,0.964,0,83.5,1,0
BUYER-05789,REPEATED_HIGH_RISK,118,6,0.252,4,22.3,0,1
BUYER-05790,LOW_RISK,976,54,0.964,0,95.1,1,0
BUYER-05791,LOW_RISK,418,35,0.973,0,89.4,1,0
BUYER-05792,LOW_RISK,1528,59,0.976,0,89.6,1,0
BUYER-05793,HIGH_RISK,230,14,0.606,1,46.6,1,0
BUYER-05794,MEDIUM_RISK,243,11,0.885,0,59.3,1,0
BUYER-05795,LOW_RISK,272,45,0.994,0,94.9,1,0
BUYER-05796,LOW_RISK,1149,51,0.993,0,83.6,1,0
BUYER-05797,LOW_RISK,1307,66,0.951,0,83.4,1,0
BUYER-05798,HIGH_RISK,268,11,0.717,1,35.2,0,1
BUYER-05799,HIGH_RISK,168,13,0.635,2,47.0,0,1
BUYER-05800,LOW_RISK,767,38,0.972,0,86.3,1,0
BUYER-05801,LOW_RISK,727,19,0.988,0,84.7,1,1
BUYER-05802,LOW_RISK,730,54,0.971,0,87.4,1,0
BUYER-05803,LOW_RISK,582,74,0.991,0,91.2,1,0
BUYER-05804,LOW_RISK,1098,11,0.958,0,96.0,1,0
BUYER-05805,LOW_RISK,1762,78,0.968,0,85.6,1,1
BUYER-05806,LOW_RISK,1738,27,0.971,0,91.1,1,0
BUYER-05807,LOW_RISK,755,69,0.959,0,90.3,1,0
BUYER-05808,REPEATED_HIGH_RISK,75,3,0.448,3,19.9,0,1
BUYER-05809,LOW_RISK,645,74,0.994,0,92.0,1,0
BUYER-05810,LOW_RISK,820,71,0.987,0,86.3,1,0
BUYER-05811,LOW_RISK,367,60,0.986,0,85.8,1,1
BUYER-05812,REPEATED_HIGH_RISK,158,2,0.517,3,19.6,0,0
BUYER-05813,MEDIUM_RISK,255,18,0.875,0,61.3,1,0
BUYER-05814,LOW_RISK,1055,16,0.965,0,95.5,1,0
BUYER-05815,LOW_RISK,1480,62,0.987,0,86.7,1,0
BUYER-05816,LOW_RISK,1113,74,0.998,0,90.4,1,0
BUYER-05817,LOW_RISK,744,37,0.973,0,88.3,1,0
BUYER-05818,LOW_RISK,948,20,0.977,0,89.2,1,1
BUYER-05819,MEDIUM_RISK,697,14,0.923,0,61.2,0,0
BUYER-05820,LOW_RISK,1028,69,0.957,0,96.0,1,0
BUYER-05821,MEDIUM_RISK,269,15,0.877,0,74.4,1,0
BUYER-05822,LOW_RISK,1781,18,0.968,0,86.8,1,0
BUYER-05823,LOW_RISK,1601,21,0.976,0,95.1,1,0
BUYER-05824,LOW_RISK,1708,14,0.997,0,84.4,1,0
BUYER-05825,LOW_RISK,1153,31,0.979,0,83.8,1,0
BUYER-05826,LOW_RISK,1771,76,0.965,0,82.7,1,0
BUYER-05827,LOW_RISK,1110,59,0.951,0,97.6,1,0
BUYER-05828,LOW_RISK,924,62,0.988,0,88.9,1,0
BUYER-05829,LOW_RISK,871,14,0.961,0,86.0,1,0
BUYER-05830,LOW_RISK,726,64,0.98,0,85.9,1,0
BUYER-05831,REPEATED_HIGH_RISK,13,8,0.384,6,21.3,0,1
BUYER-05832,LOW_RISK,225,61,0.974,0,94.7,1,0
BUYER-05833,LOW_RISK,426,80,0.997,0,84.9,1,0
BUYER-05834,LOW_RISK,555,63,0.971,0,95.7,1,0
BUYER-05835,LOW_RISK,1356,45,0.989,0,91.8,1,0
BUYER-05836,LOW_RISK,1759,75,0.973,0,92.4,1,0
BUYER-05837,MEDIUM_RISK,471,13,0.831,1,73.2,1,0
BUYER-05838,LOW_RISK,1564,15,0.969,0,94.0,1,0
BUYER-05839,LOW_RISK,1352,63,0.96,0,92.9,1,0
BUYER-05840,LOW_RISK,526,75,0.985,0,95.9,1,1
BUYER-05841,LOW_RISK,1211,71,0.999,0,82.4,1,0
BUYER-05842,LOW_RISK,824,51,0.992,0,95.5,1,0
BUYER-05843,LOW_RISK,1484,48,0.979,0,84.2,1,0
BUYER-05844,LOW_RISK,421,68,0.953,0,92.4,1,0
BUYER-05845,MEDIUM_RISK,604,16,0.907,1,73.4,1,0
BUYER-05846,LOW_RISK,1296,61,0.984,0,89.1,1,0
BUYER-05847,LOW_RISK,1013,60,0.96,0,95.4,1,0
BUYER-05848,LOW_RISK,1741,18,0.97,0,84.6,1,0
BUYER-05849,LOW_RISK,1564,11,0.974,0,97.1,1,1
BUYER-05850,LOW_RISK,1368,32,0.988,0,90.1,1,0
BUYER-05851,LOW_RISK,1440,20,0.984,0,91.1,1,0
BUYER-05852,HIGH_RISK,289,4,0.693,1,41.6,1,1
BUYER-05853,MEDIUM_RISK,458,25,0.845,1,76.2,1,1
BUYER-05854,MEDIUM_RISK,238,10,0.865,0,66.0,1,1
BUYER-05855,LOW_RISK,192,78,0.971,0,95.3,1,0
BUYER-05856,LOW_RISK,1430,43,0.959,0,91.4,1,0
BUYER-05857,LOW_RISK,503,13,0.96,0,93.1,1,0
BUYER-05858,LOW_RISK,1276,40,0.999,0,83.4,1,0
BUYER-05859,LOW_RISK,1759,40,0.998,0,86.8,1,0
BUYER-05860,LOW_RISK,1490,12,0.956,0,87.7,1,1
BUYER-05861,LOW_RISK,1338,63,0.972,0,97.9,1,0
BUYER-05862,LOW_RISK,1406,32,0.953,0,87.4,1,0
BUYER-05863,LOW_RISK,1283,66,0.959,0,87.9,1,0
BUYER-05864,LOW_RISK,1423,77,0.958,0,98.0,1,0
BUYER-05865,LOW_RISK,655,75,0.987,0,86.4,1,1
BUYER-05866,LOW_RISK,1790,41,0.991,0,93.2,1,0
BUYER-05867,LOW_RISK,1783,19,0.973,0,90.6,1,0
BUYER-05868,LOW_RISK,1028,70,0.975,0,96.8,1,0
BUYER-05869,LOW_RISK,971,58,0.998,0,86.3,1,0
BUYER-05870,LOW_RISK,634,24,0.967,0,92.3,1,0
BUYER-05871,LOW_RISK,1367,16,0.955,0,92.4,1,0
BUYER-05872,LOW_RISK,697,28,0.995,0,92.5,1,1
BUYER-05873,LOW_RISK,370,52,0.95,0,97.0,1,0
BUYER-05874,MEDIUM_RISK,77,6,0.867,1,77.5,1,0
BUYER-05875,LOW_RISK,499,62,0.982,0,82.7,1,0
BUYER-05876,LOW_RISK,278,36,0.952,0,92.1,1,0
BUYER-05877,MEDIUM_RISK,62,19,0.89,0,75.8,1,0
BUYER-05878,LOW_RISK,314,68,0.958,0,84.4,1,0
BUYER-05879,LOW_RISK,519,63,0.978,0,92.4,1,0
BUYER-05880,LOW_RISK,1757,47,0.992,0,95.5,1,0
BUYER-05881,LOW_RISK,848,13,0.983,0,82.3,1,0
BUYER-05882,LOW_RISK,481,76,0.975,0,91.3,1,0
BUYER-05883,LOW_RISK,874,33,0.982,0,89.5,1,0
BUYER-05884,REPEATED_HIGH_RISK,77,3,0.229,3,16.5,1,1
BUYER-05885,LOW_RISK,1393,24,0.986,0,96.2,1,1
BUYER-05886,LOW_RISK,968,24,0.959,0,89.6,1,0
BUYER-05887,LOW_RISK,982,26,0.951,0,82.5,1,0
BUYER-05888,MEDIUM_RISK,166,3,0.834,1,57.9,1,1
BUYER-05889,LOW_RISK,296,32,1.0,0,88.7,1,0
BUYER-05890,LOW_RISK,1557,43,0.964,0,85.5,1,0
BUYER-05891,LOW_RISK,1398,58,0.982,0,84.9,1,0
BUYER-05892,LOW_RISK,698,52,1.0,0,92.9,1,0
BUYER-05893,LOW_RISK,1172,10,0.954,0,82.2,1,0
BUYER-05894,LOW_RISK,1708,47,0.991,0,96.9,1,0
BUYER-05895,LOW_RISK,472,48,0.958,0,96.0,1,0
BUYER-05896,LOW_RISK,620,62,0.98,0,91.4,1,0
BUYER-05897,MEDIUM_RISK,189,10,0.864,0,61.0,1,0
BUYER-05898,LOW_RISK,554,80,0.995,0,91.1,1,0
BUYER-05899,HIGH_RISK,222,15,0.755,1,44.0,1,0
BUYER-05900,LOW_RISK,691,58,0.982,0,89.2,1,0
BUYER-05901,LOW_RISK,450,47,0.962,0,87.1,1,1
BUYER-05902,LOW_RISK,1746,49,0.952,0,87.7,1,0
BUYER-05903,LOW_RISK,1610,64,0.963,0,94.1,1,0
BUYER-05904,LOW_RISK,1613,78,0.991,0,94.6,1,0
BUYER-05905,LOW_RISK,1775,45,0.984,0,97.5,1,0
BUYER-05906,LOW_RISK,999,44,0.992,0,96.4,1,0
BUYER-05907,LOW_RISK,1299,28,0.956,0,96.0,1,1
BUYER-05908,LOW_RISK,1347,67,1.0,0,86.0,1,0
BUYER-05909,LOW_RISK,936,45,0.997,0,88.4,1,0
BUYER-05910,LOW_RISK,491,35,0.998,0,85.7,1,0
BUYER-05911,LOW_RISK,258,58,0.97,0,89.4,1,0
BUYER-05912,MEDIUM_RISK,669,19,0.857,0,69.0,1,0
BUYER-05913,LOW_RISK,444,57,0.979,0,91.1,1,0
BUYER-05914,LOW_RISK,1172,32,0.957,0,82.8,1,0
BUYER-05915,LOW_RISK,705,33,0.98,0,88.2,1,0
BUYER-05916,LOW_RISK,519,62,0.978,0,84.1,1,0
BUYER-05917,REPEATED_HIGH_RISK,105,8,0.351,6,27.0,0,0
BUYER-05918,LOW_RISK,1345,62,0.959,0,96.3,1,0
BUYER-05919,LOW_RISK,952,29,0.979,0,93.8,1,0
BUYER-05920,LOW_RISK,1800,80,0.962,0,87.1,1,0
BUYER-05921,LOW_RISK,1312,71,0.993,0,88.4,1,0
BUYER-05922,HIGH_RISK,278,9,0.735,1,39.7,1,0
BUYER-05923,LOW_RISK,563,57,0.996,0,88.9,1,0
BUYER-05924,LOW_RISK,796,25,0.962,0,90.4,1,0
BUYER-05925,LOW_RISK,280,76,0.997,0,94.9,1,0
BUYER-05926,LOW_RISK,1425,41,0.955,0,85.2,1,0
BUYER-05927,LOW_RISK,1261,34,0.999,0,91.6,1,0
BUYER-05928,LOW_RISK,496,26,0.97,0,82.5,1,0
BUYER-05929,LOW_RISK,316,47,0.965,0,92.4,1,0
BUYER-05930,MEDIUM_RISK,507,15,0.821,0,69.8,1,0
BUYER-05931,LOW_RISK,1709,18,0.998,0,86.9,1,0
BUYER-05932,LOW_RISK,1515,39,0.993,0,95.9,1,0
BUYER-05933,LOW_RISK,1677,19,0.961,0,83.9,1,0
BUYER-05934,REPEATED_HIGH_RISK,59,10,0.508,6,14.4,1,0
BUYER-05935,LOW_RISK,1481,79,0.974,0,82.5,1,0
BUYER-05936,LOW_RISK,1435,79,0.972,0,87.2,1,0
BUYER-05937,LOW_RISK,1554,59,0.965,0,93.9,1,0
BUYER-05938,LOW_RISK,1546,27,0.965,0,82.2,1,0
BUYER-05939,LOW_RISK,1451,29,0.953,0,84.9,1,1
BUYER-05940,LOW_RISK,869,39,0.952,0,96.9,1,0
BUYER-05941,LOW_RISK,1053,64,0.98,0,94.8,1,0
BUYER-05942,LOW_RISK,1454,43,0.978,0,91.9,1,1
BUYER-05943,LOW_RISK,436,79,0.996,0,97.7,1,0
BUYER-05944,MEDIUM_RISK,64,23,0.938,1,63.9,1,0
BUYER-05945,HIGH_RISK,288,4,0.767,2,33.4,1,1
BUYER-05946,LOW_RISK,1529,56,0.962,0,97.0,1,0
BUYER-05947,LOW_RISK,1098,62,0.97,0,97.0,1,0
BUYER-05948,LOW_RISK,1061,52,0.999,0,84.4,1,0
BUYER-05949,LOW_RISK,1745,47,0.992,0,82.1,1,0
BUYER-05950,MEDIUM_RISK,283,12,0.869,0,57.9,0,1
BUYER-05951,LOW_RISK,514,50,0.961,0,83.2,1,0
BUYER-05952,LOW_RISK,577,71,0.983,0,87.1,1,0
BUYER-05953,LOW_RISK,1008,22,0.951,0,89.9,1,0
BUYER-05954,LOW_RISK,1195,35,0.982,0,83.2,1,0
BUYER-05955,LOW_RISK,896,17,0.961,0,83.4,1,0
BUYER-05956,LOW_RISK,1358,32,0.998,0,84.3,1,0
BUYER-05957,LOW_RISK,863,19,0.98,0,90.3,1,0
BUYER-05958,LOW_RISK,576,36,0.973,0,85.0,1,1
BUYER-05959,LOW_RISK,1678,33,0.991,0,95.6,1,0
BUYER-05960,LOW_RISK,815,45,0.992,0,86.6,1,0
BUYER-05961,LOW_RISK,1427,10,0.989,0,89.9,1,0
BUYER-05962,HIGH_RISK,28,9,0.742,2,41.1,0,1
BUYER-05963,LOW_RISK,443,38,0.966,0,83.1,1,0
BUYER-05964,LOW_RISK,190,70,0.971,0,83.2,1,0
BUYER-05965,LOW_RISK,1730,19,0.989,0,92.1,1,0
BUYER-05966,MEDIUM_RISK,600,14,0.813,0,71.7,1,1
BUYER-05967,MEDIUM_RISK,200,20,0.883,0,56.9,1,0
BUYER-05968,LOW_RISK,900,59,0.96,0,86.1,1,0
BUYER-05969,MEDIUM_RISK,649,5,0.878,0,63.5,1,0
BUYER-05970,MEDIUM_RISK,31,14,0.848,1,72.8,1,1
BUYER-05971,LOW_RISK,1672,22,0.966,0,95.4,1,0
BUYER-05972,LOW_RISK,713,44,0.986,0,91.9,1,0
BUYER-05973,LOW_RISK,1550,56,0.962,0,92.7,1,0
BUYER-05974,MEDIUM_RISK,437,4,0.891,0,74.7,1,0
BUYER-05975,LOW_RISK,185,16,0.964,0,91.4,1,0
BUYER-05976,HIGH_RISK,21,13,0.659,1,47.2,0,0
BUYER-05977,LOW_RISK,420,79,0.964,0,82.3,1,0
BUYER-05978,LOW_RISK,1738,41,0.98,0,94.6,1,0
BUYER-05979,LOW_RISK,1298,29,0.959,0,94.9,1,0
BUYER-05980,LOW_RISK,229,36,0.979,0,88.3,1,0
BUYER-05981,LOW_RISK,508,15,0.962,0,87.9,1,0
BUYER-05982,LOW_RISK,1294,80,0.97,0,97.2,1,1
BUYER-05983,HIGH_RISK,336,13,0.741,1,43.2,0,0
BUYER-05984,LOW_RISK,1273,79,0.951,0,88.3,1,0
BUYER-05985,LOW_RISK,502,53,0.955,0,96.4,1,0
BUYER-05986,LOW_RISK,758,65,0.985,0,85.3,1,0
BUYER-05987,LOW_RISK,597,40,0.967,0,88.7,1,0
BUYER-05988,MEDIUM_RISK,234,4,0.931,0,69.5,1,0
BUYER-05989,LOW_RISK,1139,48,0.963,0,82.3,1,0
BUYER-05990,MEDIUM_RISK,549,4,0.907,0,75.2,1,0
BUYER-05991,LOW_RISK,1178,15,0.975,0,97.4,1,0
BUYER-05992,LOW_RISK,1323,71,1.0,0,82.7,1,0
BUYER-05993,LOW_RISK,524,15,0.999,0,93.5,1,1
BUYER-05994,LOW_RISK,1407,21,0.977,0,93.6,1,0
BUYER-05995,LOW_RISK,1598,46,0.993,0,83.3,1,0
BUYER-05996,LOW_RISK,588,28,0.991,0,88.1,1,0
BUYER-05997,LOW_RISK,377,52,0.977,0,90.9,1,0
BUYER-05998,LOW_RISK,1328,16,0.967,0,94.8,1,0
BUYER-05999,LOW_RISK,673,33,0.983,0,83.8,1,0
BUYER-06000,LOW_RISK,1523,61,0.952,0,97.9,1,0
BUYER-06001,LOW_RISK,1580,30,0.957,0,87.0,1,0
BUYER-06002,LOW_RISK,1410,70,0.984,0,89.6,1,0
BUYER-06003,MEDIUM_RISK,309,14,0.9,0,62.1,0,0
BUYER-06004,LOW_RISK,1667,17,0.993,0,92.9,1,0
BUYER-06005,LOW_RISK,1570,27,0.996,0,96.3,1,0
BUYER-06006,HIGH_RISK,55,9,0.743,1,36.9,1,1
BUYER-06007,LOW_RISK,1707,19,0.991,0,91.2,1,0
BUYER-06008,LOW_RISK,1673,41,0.979,0,88.7,1,0
BUYER-06009,LOW_RISK,1175,59,1.0,0,84.1,1,0
BUYER-06010,LOW_RISK,1014,33,0.962,0,93.2,1,0
BUYER-06011,LOW_RISK,1360,58,0.996,0,87.8,1,0
BUYER-06012,LOW_RISK,207,27,0.987,0,83.2,1,0
BUYER-06013,HIGH_RISK,288,6,0.603,2,38.4,1,1
BUYER-06014,LOW_RISK,1317,67,0.95,0,96.5,1,0
BUYER-06015,LOW_RISK,1238,61,0.952,0,96.9,1,0
BUYER-06016,LOW_RISK,286,60,0.962,0,88.3,1,0
BUYER-06017,LOW_RISK,668,65,0.991,0,87.9,1,0
BUYER-06018,LOW_RISK,444,77,0.994,0,83.4,1,0
BUYER-06019,LOW_RISK,1476,64,0.963,0,82.1,1,0
BUYER-06020,LOW_RISK,1296,25,0.951,0,85.5,1,0
BUYER-06021,LOW_RISK,269,25,0.999,0,82.9,1,0
BUYER-06022,MEDIUM_RISK,272,23,0.804,1,63.8,1,0
BUYER-06023,MEDIUM_RISK,53,22,0.837,0,58.8,1,0
BUYER-06024,LOW_RISK,589,68,0.988,0,91.1,1,0
BUYER-06025,LOW_RISK,1605,56,0.962,0,83.8,1,0
BUYER-06026,LOW_RISK,1509,33,0.998,0,82.7,1,0
BUYER-06027,MEDIUM_RISK,668,25,0.875,0,56.0,1,0
BUYER-06028,LOW_RISK,1129,54,0.996,0,97.2,1,0
BUYER-06029,LOW_RISK,784,51,0.963,0,86.4,1,0
BUYER-06030,LOW_RISK,1470,27,0.952,0,86.6,1,1
BUYER-06031,LOW_RISK,1320,46,0.985,0,96.8,1,0
BUYER-06032,LOW_RISK,641,75,0.955,0,90.9,1,0
BUYER-06033,LOW_RISK,1471,25,0.986,0,91.5,1,0
BUYER-06034,LOW_RISK,892,54,0.976,0,86.5,1,0
BUYER-06035,LOW_RISK,759,52,0.97,0,88.5,1,0
BUYER-06036,LOW_RISK,523,57,0.957,0,89.9,1,0
BUYER-06037,LOW_RISK,1193,16,0.966,0,88.5,1,0
BUYER-06038,MEDIUM_RISK,42,10,0.936,1,64.8,0,0
BUYER-06039,LOW_RISK,1040,27,0.965,0,88.8,1,0
BUYER-06040,MEDIUM_RISK,488,3,0.841,0,75.7,1,0
BUYER-06041,LOW_RISK,495,63,0.995,0,88.5,1,0
BUYER-06042,LOW_RISK,448,35,0.968,0,97.9,1,0
BUYER-06043,LOW_RISK,929,74,0.968,0,83.1,1,0
BUYER-06044,LOW_RISK,587,10,0.953,0,85.7,1,0
BUYER-06045,LOW_RISK,1666,21,0.971,0,94.9,1,0
BUYER-06046,LOW_RISK,827,64,0.953,0,90.4,1,0
BUYER-06047,LOW_RISK,1351,17,0.969,0,84.9,1,0
BUYER-06048,LOW_RISK,798,19,0.96,0,91.5,1,0
BUYER-06049,LOW_RISK,809,66,0.978,0,82.9,1,0
BUYER-06050,MEDIUM_RISK,414,11,0.902,0,63.8,1,0
BUYER-06051,LOW_RISK,378,50,0.985,0,97.8,1,0
BUYER-06052,HIGH_RISK,254,11,0.61,2,44.3,1,0
BUYER-06053,LOW_RISK,432,20,0.988,0,96.9,1,0
BUYER-06054,LOW_RISK,1485,78,0.97,0,97.4,1,0
BUYER-06055,MEDIUM_RISK,337,25,0.857,0,60.2,1,0
BUYER-06056,LOW_RISK,856,59,0.994,0,90.9,1,0
BUYER-06057,LOW_RISK,578,51,0.986,0,89.9,1,0
BUYER-06058,LOW_RISK,1464,68,0.97,0,97.3,1,0
BUYER-06059,MEDIUM_RISK,413,24,0.866,0,73.5,1,0
BUYER-06060,MEDIUM_RISK,278,25,0.867,0,66.4,0,0
BUYER-06061,LOW_RISK,1677,21,0.977,0,85.9,1,0
BUYER-06062,LOW_RISK,192,22,0.978,0,84.6,1,0
BUYER-06063,LOW_RISK,1415,56,0.972,0,85.9,1,0
BUYER-06064,LOW_RISK,568,28,0.985,0,91.7,1,0
BUYER-06065,LOW_RISK,1161,37,0.989,0,84.1,1,0
BUYER-06066,LOW_RISK,1338,61,0.964,0,82.6,1,0
BUYER-06067,LOW_RISK,1328,27,0.966,0,94.2,1,0
BUYER-06068,LOW_RISK,988,68,0.969,0,95.8,1,0
BUYER-06069,LOW_RISK,1516,33,0.963,0,89.0,1,0
BUYER-06070,LOW_RISK,664,30,0.961,0,90.6,1,0
BUYER-06071,HIGH_RISK,188,12,0.627,2,34.3,0,0
BUYER-06072,LOW_RISK,1584,33,0.951,0,83.5,1,0
BUYER-06073,LOW_RISK,1590,10,0.953,0,91.9,1,0
BUYER-06074,LOW_RISK,646,32,0.976,0,86.7,1,0
BUYER-06075,LOW_RISK,615,48,0.975,0,83.1,1,0
BUYER-06076,LOW_RISK,1390,77,0.957,0,91.7,1,0
BUYER-06077,LOW_RISK,1557,71,0.967,0,87.1,1,0
BUYER-06078,LOW_RISK,352,52,0.992,0,93.0,1,0
BUYER-06079,LOW_RISK,439,59,0.953,0,96.8,1,0
BUYER-06080,LOW_RISK,842,65,0.978,0,91.7,1,1
BUYER-06081,LOW_RISK,322,35,0.978,0,85.5,1,1
BUYER-06082,HIGH_RISK,30,2,0.736,1,38.7,1,0
BUYER-06083,LOW_RISK,762,41,0.961,0,84.5,1,0
BUYER-06084,LOW_RISK,1764,65,1.0,0,93.6,1,0
BUYER-06085,LOW_RISK,488,26,0.975,0,89.5,1,0
BUYER-06086,LOW_RISK,627,36,0.997,0,88.6,1,0
BUYER-06087,LOW_RISK,1666,74,0.985,0,82.5,1,0
BUYER-06088,LOW_RISK,995,61,0.996,0,93.7,1,0
BUYER-06089,LOW_RISK,237,66,0.95,0,90.9,1,0
BUYER-06090,LOW_RISK,287,40,0.969,0,82.6,1,0
BUYER-06091,LOW_RISK,1438,50,0.958,0,90.1,1,0
BUYER-06092,LOW_RISK,803,27,0.982,0,83.4,1,0
BUYER-06093,LOW_RISK,256,70,0.99,0,86.8,1,0
BUYER-06094,LOW_RISK,289,26,0.995,0,86.3,1,0
BUYER-06095,LOW_RISK,1563,65,0.974,0,94.1,1,0
BUYER-06096,LOW_RISK,1216,31,0.971,0,88.7,1,0
BUYER-06097,LOW_RISK,940,10,0.992,0,88.9,1,0
BUYER-06098,MEDIUM_RISK,193,3,0.918,0,60.9,1,0
BUYER-06099,LOW_RISK,1009,34,0.99,0,92.6,1,0
BUYER-06100,MEDIUM_RISK,395,23,0.919,0,74.4,0,0
BUYER-06101,LOW_RISK,1006,43,0.997,0,93.7,1,0
BUYER-06102,LOW_RISK,759,67,0.963,0,91.5,1,0
BUYER-06103,LOW_RISK,1502,36,0.955,0,96.8,1,0
BUYER-06104,MEDIUM_RISK,631,25,0.908,0,71.3,1,0
BUYER-06105,LOW_RISK,1713,79,0.985,0,95.5,1,0
BUYER-06106,LOW_RISK,1405,19,0.963,0,96.6,1,0
BUYER-06107,LOW_RISK,1216,64,0.952,0,93.8,1,0
BUYER-06108,LOW_RISK,825,50,0.951,0,86.5,1,0
BUYER-06109,LOW_RISK,1618,36,0.957,0,88.7,1,0
BUYER-06110,HIGH_RISK,238,6,0.641,1,34.2,1,1
BUYER-06111,HIGH_RISK,128,11,0.649,2,38.5,0,0
BUYER-06112,LOW_RISK,447,22,0.958,0,90.8,1,0
BUYER-06113,MEDIUM_RISK,576,23,0.81,0,75.8,1,0
BUYER-06114,LOW_RISK,393,52,0.981,0,91.0,1,0
BUYER-06115,LOW_RISK,875,39,0.963,0,82.1,1,1
BUYER-06116,LOW_RISK,329,33,0.984,0,89.0,1,0
BUYER-06117,LOW_RISK,1611,30,0.957,0,85.1,1,0
BUYER-06118,REPEATED_HIGH_RISK,158,10,0.467,5,26.8,1,0
BUYER-06119,LOW_RISK,794,32,0.991,0,96.9,1,0
BUYER-06120,LOW_RISK,510,53,0.97,0,89.4,1,0
BUYER-06121,LOW_RISK,1212,72,0.953,0,90.2,1,0
BUYER-06122,LOW_RISK,1206,77,0.957,0,97.4,1,0
BUYER-06123,LOW_RISK,599,67,0.976,0,90.7,1,0
BUYER-06124,REPEATED_HIGH_RISK,130,2,0.325,5,9.3,0,1
BUYER-06125,LOW_RISK,1249,16,0.969,0,83.2,1,0
BUYER-06126,LOW_RISK,1677,35,0.985,0,86.1,1,1
BUYER-06127,LOW_RISK,1495,57,0.97,0,89.5,1,0
BUYER-06128,LOW_RISK,1357,78,0.999,0,97.5,1,0
BUYER-06129,LOW_RISK,981,13,0.988,0,87.2,1,0
BUYER-06130,LOW_RISK,1057,66,0.981,0,91.1,1,0
BUYER-06131,LOW_RISK,972,34,0.994,0,90.7,1,0
BUYER-06132,LOW_RISK,187,66,0.958,0,88.3,1,0
BUYER-06133,LOW_RISK,424,16,0.992,0,82.9,1,0
BUYER-06134,LOW_RISK,468,63,0.954,0,88.4,1,0
BUYER-06135,LOW_RISK,195,22,0.971,0,87.7,1,0
BUYER-06136,LOW_RISK,832,67,0.984,0,88.5,1,0
BUYER-06137,LOW_RISK,748,52,0.975,0,96.8,1,0
BUYER-06138,MEDIUM_RISK,438,13,0.846,1,73.2,1,0
BUYER-06139,LOW_RISK,1190,55,0.955,0,97.5,1,0
BUYER-06140,LOW_RISK,701,70,0.972,0,82.1,1,1
BUYER-06141,LOW_RISK,287,59,0.976,0,87.4,1,0
BUYER-06142,LOW_RISK,1791,63,0.99,0,95.7,1,0
BUYER-06143,LOW_RISK,776,17,0.968,0,88.6,1,0
BUYER-06144,MEDIUM_RISK,391,11,0.846,0,58.7,1,0
BUYER-06145,LOW_RISK,705,48,0.963,0,94.3,1,0
BUYER-06146,LOW_RISK,1385,70,0.997,0,82.1,1,0
BUYER-06147,LOW_RISK,593,35,0.976,0,96.6,1,0
BUYER-06148,LOW_RISK,1052,12,0.976,0,85.7,1,0
BUYER-06149,LOW_RISK,831,70,0.993,0,93.7,1,0
BUYER-06150,HIGH_RISK,246,2,0.782,1,38.9,1,0
BUYER-06151,LOW_RISK,273,48,0.99,0,86.3,1,0
BUYER-06152,LOW_RISK,614,75,0.982,0,83.0,1,0
BUYER-06153,LOW_RISK,272,52,0.987,0,90.6,1,0
BUYER-06154,LOW_RISK,1687,78,0.961,0,97.7,1,0
BUYER-06155,LOW_RISK,1771,45,0.987,0,85.4,1,0
BUYER-06156,LOW_RISK,1548,11,0.979,0,88.9,1,1
BUYER-06157,LOW_RISK,315,70,0.98,0,95.9,1,0
BUYER-06158,LOW_RISK,1359,72,0.957,0,86.4,1,0
BUYER-06159,LOW_RISK,493,44,0.955,0,87.8,1,0
BUYER-06160,MEDIUM_RISK,654,11,0.874,1,62.2,1,0
BUYER-06161,LOW_RISK,266,69,0.96,0,94.1,1,0
BUYER-06162,LOW_RISK,953,72,0.965,0,90.2,1,0
BUYER-06163,LOW_RISK,209,51,0.975,0,92.2,1,0
BUYER-06164,LOW_RISK,636,42,0.984,0,96.2,1,1
BUYER-06165,LOW_RISK,1377,80,0.952,0,92.5,1,0
BUYER-06166,LOW_RISK,1065,10,0.958,0,91.9,1,0
BUYER-06167,LOW_RISK,733,28,0.983,0,94.9,1,0
BUYER-06168,REPEATED_HIGH_RISK,18,5,0.568,5,26.2,0,0
BUYER-06169,LOW_RISK,1409,27,0.967,0,86.5,1,0
BUYER-06170,LOW_RISK,215,69,0.96,0,87.0,1,0
BUYER-06171,LOW_RISK,263,39,0.955,0,93.9,1,0
BUYER-06172,LOW_RISK,1541,68,0.974,0,90.5,1,0
BUYER-06173,LOW_RISK,1122,56,0.98,0,97.3,1,0
BUYER-06174,MEDIUM_RISK,146,24,0.843,0,67.3,1,1
BUYER-06175,LOW_RISK,1051,44,1.0,0,93.0,1,0
BUYER-06176,LOW_RISK,1657,30,0.96,0,90.0,1,0
BUYER-06177,LOW_RISK,1725,26,0.992,0,87.1,1,0
BUYER-06178,LOW_RISK,1493,76,0.994,0,93.1,1,0
BUYER-06179,LOW_RISK,746,23,0.979,0,84.5,1,0
BUYER-06180,LOW_RISK,1504,38,0.958,0,96.3,1,0
BUYER-06181,LOW_RISK,243,56,0.986,0,88.0,1,0
BUYER-06182,LOW_RISK,1455,45,0.958,0,88.7,1,0
BUYER-06183,LOW_RISK,1164,47,0.996,0,85.4,1,0
BUYER-06184,HIGH_RISK,242,5,0.733,2,38.5,1,0
BUYER-06185,LOW_RISK,552,37,0.983,0,92.3,1,0
BUYER-06186,LOW_RISK,1575,21,0.969,0,97.7,1,0
BUYER-06187,LOW_RISK,1264,21,0.973,0,90.0,1,1
BUYER-06188,LOW_RISK,783,28,0.994,0,95.2,1,0
BUYER-06189,LOW_RISK,876,49,0.971,0,90.8,1,0
BUYER-06190,LOW_RISK,227,63,0.996,0,85.8,1,0
BUYER-06191,LOW_RISK,1122,28,0.961,0,89.6,1,0
BUYER-06192,LOW_RISK,1102,74,0.997,0,82.4,1,0
BUYER-06193,LOW_RISK,490,31,0.961,0,92.9,1,1
BUYER-06194,MEDIUM_RISK,616,4,0.805,0,74.5,1,0
BUYER-06195,LOW_RISK,1742,64,0.966,0,86.4,1,0
BUYER-06196,LOW_RISK,1643,79,0.981,0,89.2,1,0
BUYER-06197,LOW_RISK,1554,80,0.964,0,89.5,1,0
BUYER-06198,MEDIUM_RISK,487,21,0.845,0,61.2,1,0
BUYER-06199,LOW_RISK,1464,66,0.971,0,87.0,1,1
BUYER-06200,LOW_RISK,594,77,0.954,0,95.1,1,0
BUYER-06201,LOW_RISK,1295,79,0.981,0,82.6,1,0
BUYER-06202,LOW_RISK,1106,36,0.973,0,83.1,1,0
BUYER-06203,MEDIUM_RISK,627,5,0.845,0,69.5,1,0
BUYER-06204,LOW_RISK,1322,48,0.968,0,97.8,1,0
BUYER-06205,LOW_RISK,1740,59,0.958,0,95.2,1,0
BUYER-06206,HIGH_RISK,122,10,0.65,2,40.7,1,0
BUYER-06207,LOW_RISK,1021,36,0.976,0,95.8,1,0
BUYER-06208,LOW_RISK,214,71,0.97,0,84.4,1,0
BUYER-06209,LOW_RISK,1395,61,0.984,0,84.9,1,0
BUYER-06210,LOW_RISK,1473,13,0.982,0,87.3,1,0
BUYER-06211,LOW_RISK,360,80,0.994,0,90.7,1,0
BUYER-06212,LOW_RISK,496,79,0.976,0,88.2,1,0
BUYER-06213,LOW_RISK,1522,22,0.976,0,84.1,1,0
BUYER-06214,LOW_RISK,234,72,0.95,0,88.4,1,0
BUYER-06215,LOW_RISK,1644,14,0.994,0,82.8,1,0
BUYER-06216,LOW_RISK,1380,26,0.961,0,94.5,1,0
BUYER-06217,LOW_RISK,1387,28,0.969,0,91.7,1,0
BUYER-06218,LOW_RISK,653,38,0.964,0,93.3,1,0
BUYER-06219,LOW_RISK,1537,65,0.983,0,91.7,1,0
BUYER-06220,LOW_RISK,1110,15,0.962,0,87.1,1,0
BUYER-06221,LOW_RISK,1041,72,0.966,0,90.2,1,0
BUYER-06222,LOW_RISK,1027,76,0.989,0,95.8,1,0
BUYER-06223,LOW_RISK,571,53,0.968,0,89.1,1,0
BUYER-06224,LOW_RISK,1177,66,0.962,0,83.6,1,0
BUYER-06225,LOW_RISK,529,37,0.955,0,87.3,1,0
BUYER-06226,LOW_RISK,1474,15,0.984,0,94.3,1,0
BUYER-06227,LOW_RISK,1081,14,0.968,0,92.3,1,0
BUYER-06228,REPEATED_HIGH_RISK,141,9,0.435,4,18.3,1,0
BUYER-06229,LOW_RISK,1635,45,0.963,0,87.0,1,0
BUYER-06230,LOW_RISK,1222,78,0.96,0,97.5,1,0
BUYER-06231,LOW_RISK,817,18,0.965,0,89.7,1,0
BUYER-06232,MEDIUM_RISK,82,23,0.929,0,57.5,1,1
BUYER-06233,LOW_RISK,492,39,0.999,0,94.7,1,0
BUYER-06234,LOW_RISK,280,35,0.97,0,97.8,1,0
BUYER-06235,LOW_RISK,413,51,0.981,0,88.3,1,0
BUYER-06236,MEDIUM_RISK,576,22,0.81,0,55.9,1,1
BUYER-06237,LOW_RISK,1488,66,0.994,0,89.2,1,0
BUYER-06238,LOW_RISK,1094,78,0.953,0,96.1,1,0
BUYER-06239,MEDIUM_RISK,267,23,0.936,0,74.3,1,0
BUYER-06240,MEDIUM_RISK,672,11,0.85,0,67.3,1,0
BUYER-06241,MEDIUM_RISK,299,16,0.937,0,68.8,1,0
BUYER-06242,LOW_RISK,780,13,0.996,0,97.8,1,0
BUYER-06243,LOW_RISK,1761,64,0.986,0,88.8,1,0
BUYER-06244,LOW_RISK,790,12,0.953,0,85.5,1,0
BUYER-06245,LOW_RISK,455,50,0.974,0,94.1,1,0
BUYER-06246,LOW_RISK,1216,36,0.993,0,87.7,1,0
BUYER-06247,LOW_RISK,1200,56,0.973,0,96.7,1,0
BUYER-06248,LOW_RISK,1411,28,0.983,0,85.7,1,0
BUYER-06249,LOW_RISK,1222,60,0.998,0,94.4,1,0
BUYER-06250,LOW_RISK,606,14,0.957,0,95.3,1,1
BUYER-06251,LOW_RISK,858,57,0.996,0,92.6,1,1
BUYER-06252,LOW_RISK,1495,30,1.0,0,85.6,1,0
BUYER-06253,LOW_RISK,538,48,0.955,0,95.7,1,0
BUYER-06254,LOW_RISK,1688,57,0.953,0,87.6,1,0
BUYER-06255,LOW_RISK,1693,42,0.977,0,91.3,1,0
BUYER-06256,LOW_RISK,976,13,0.997,0,96.6,1,0
BUYER-06257,LOW_RISK,794,47,0.99,0,95.5,1,0
BUYER-06258,LOW_RISK,1632,42,0.969,0,93.6,1,0
BUYER-06259,MEDIUM_RISK,383,23,0.88,1,68.1,1,0
BUYER-06260,LOW_RISK,1511,20,0.996,0,89.8,1,0
BUYER-06261,LOW_RISK,1697,24,0.971,0,89.1,1,0
BUYER-06262,MEDIUM_RISK,374,3,0.933,0,76.5,0,1
BUYER-06263,LOW_RISK,337,75,0.983,0,88.5,1,0
BUYER-06264,HIGH_RISK,297,3,0.723,2,48.0,1,0
BUYER-06265,MEDIUM_RISK,131,10,0.91,1,62.2,1,0
BUYER-06266,LOW_RISK,740,71,0.969,0,96.2,1,1
BUYER-06267,REPEATED_HIGH_RISK,158,6,0.511,4,21.9,1,1
BUYER-06268,LOW_RISK,1101,46,0.951,0,97.9,1,1
BUYER-06269,LOW_RISK,1391,26,0.977,0,86.6,1,0
BUYER-06270,LOW_RISK,1484,40,0.999,0,94.3,1,0
BUYER-06271,LOW_RISK,238,29,0.971,0,95.6,1,0
BUYER-06272,MEDIUM_RISK,386,3,0.881,0,70.5,1,0
BUYER-06273,LOW_RISK,967,33,0.956,0,96.3,1,0
BUYER-06274,LOW_RISK,1031,58,0.973,0,84.0,1,0
BUYER-06275,LOW_RISK,1708,58,0.999,0,88.6,1,0
BUYER-06276,LOW_RISK,339,10,0.957,0,87.0,1,0
BUYER-06277,LOW_RISK,987,40,0.964,0,95.0,1,0
BUYER-06278,LOW_RISK,245,27,0.99,0,95.4,1,0
BUYER-06279,MEDIUM_RISK,166,24,0.898,1,60.3,1,0
BUYER-06280,LOW_RISK,1436,79,0.952,0,96.4,1,0
BUYER-06281,MEDIUM_RISK,243,17,0.936,0,68.3,1,0
BUYER-06282,LOW_RISK,1042,72,0.968,0,93.8,1,1
BUYER-06283,LOW_RISK,372,70,0.993,0,91.8,1,0
BUYER-06284,LOW_RISK,850,29,0.982,0,86.4,1,1
BUYER-06285,LOW_RISK,1006,25,0.964,0,82.4,1,0
BUYER-06286,LOW_RISK,516,37,0.962,0,95.7,1,0
BUYER-06287,MEDIUM_RISK,94,17,0.843,0,64.5,1,1
BUYER-06288,LOW_RISK,918,65,0.994,0,84.2,1,0
BUYER-06289,HIGH_RISK,207,15,0.61,1,41.3,1,0
BUYER-06290,LOW_RISK,684,72,0.988,0,88.1,1,0
BUYER-06291,LOW_RISK,316,55,0.987,0,92.3,1,0
BUYER-06292,LOW_RISK,1434,52,0.968,0,94.1,1,0
BUYER-06293,HIGH_RISK,342,4,0.692,1,39.5,0,1
BUYER-06294,LOW_RISK,718,21,0.965,0,82.7,1,0
BUYER-06295,MEDIUM_RISK,251,20,0.845,0,78.3,0,0
BUYER-06296,MEDIUM_RISK,372,13,0.809,0,72.3,1,0
BUYER-06297,LOW_RISK,606,44,0.989,0,96.8,1,0
BUYER-06298,LOW_RISK,703,80,0.97,0,84.3,1,0
BUYER-06299,LOW_RISK,1272,78,0.961,0,82.0,1,0
BUYER-06300,LOW_RISK,1140,40,0.998,0,83.1,1,0
BUYER-06301,LOW_RISK,919,45,0.969,0,93.8,1,0
BUYER-06302,LOW_RISK,351,57,0.984,0,86.7,1,0
BUYER-06303,LOW_RISK,585,29,0.968,0,83.8,1,1
BUYER-06304,LOW_RISK,1606,68,0.976,0,89.5,1,0
BUYER-06305,LOW_RISK,828,37,0.953,0,96.0,1,0
BUYER-06306,LOW_RISK,196,47,0.951,0,87.2,1,0
BUYER-06307,LOW_RISK,679,66,0.975,0,89.0,1,0
BUYER-06308,LOW_RISK,374,75,0.96,0,93.2,1,0
BUYER-06309,LOW_RISK,945,74,0.953,0,83.6,1,0
BUYER-06310,LOW_RISK,1606,78,0.974,0,85.9,1,1
BUYER-06311,LOW_RISK,819,36,0.979,0,87.2,1,0
BUYER-06312,LOW_RISK,312,42,0.961,0,89.7,1,0
BUYER-06313,LOW_RISK,1024,31,0.982,0,97.1,1,0
BUYER-06314,LOW_RISK,210,72,0.99,0,83.2,1,0
BUYER-06315,LOW_RISK,1114,22,0.952,0,92.7,1,0
BUYER-06316,MEDIUM_RISK,676,19,0.845,1,62.2,1,0
BUYER-06317,LOW_RISK,857,68,0.992,0,88.5,1,0
BUYER-06318,LOW_RISK,1302,10,0.957,0,88.8,1,0
BUYER-06319,LOW_RISK,1364,35,0.962,0,94.9,1,0
BUYER-06320,LOW_RISK,327,57,0.997,0,84.9,1,0
BUYER-06321,LOW_RISK,1701,35,0.951,0,82.5,1,0
BUYER-06322,LOW_RISK,558,34,0.953,0,97.3,1,0
BUYER-06323,LOW_RISK,1064,52,0.999,0,93.1,1,0
BUYER-06324,LOW_RISK,866,12,0.984,0,96.6,1,0
BUYER-06325,LOW_RISK,462,31,0.964,0,83.5,1,0
BUYER-06326,LOW_RISK,772,29,0.951,0,88.5,1,0
BUYER-06327,HIGH_RISK,33,3,0.66,2,36.4,1,1
BUYER-06328,LOW_RISK,1692,28,0.951,0,97.7,1,0
BUYER-06329,LOW_RISK,1002,64,0.995,0,85.3,1,0
BUYER-06330,LOW_RISK,1695,76,0.957,0,84.2,1,0
BUYER-06331,LOW_RISK,459,45,0.952,0,97.9,1,1
BUYER-06332,LOW_RISK,655,26,0.959,0,84.8,1,0
BUYER-06333,LOW_RISK,942,58,0.957,0,82.4,1,1
BUYER-06334,LOW_RISK,1538,15,0.993,0,83.8,1,0
BUYER-06335,LOW_RISK,605,42,0.977,0,85.3,1,0
BUYER-06336,LOW_RISK,1359,22,0.96,0,92.3,1,0
BUYER-06337,LOW_RISK,924,33,0.976,0,97.3,1,0
BUYER-06338,LOW_RISK,419,37,0.958,0,93.7,1,0
BUYER-06339,LOW_RISK,700,52,0.992,0,88.6,1,0
BUYER-06340,LOW_RISK,760,52,0.956,0,86.9,1,0
BUYER-06341,LOW_RISK,1205,61,0.965,0,94.9,1,0
BUYER-06342,LOW_RISK,1428,66,0.971,0,82.1,1,0
BUYER-06343,LOW_RISK,720,75,0.972,0,85.1,1,0
BUYER-06344,MEDIUM_RISK,208,4,0.902,0,69.0,1,1
BUYER-06345,LOW_RISK,910,41,0.972,0,89.3,1,0
BUYER-06346,LOW_RISK,1552,70,0.981,0,95.9,1,0
BUYER-06347,LOW_RISK,676,45,0.983,0,90.8,1,0
BUYER-06348,REPEATED_HIGH_RISK,167,7,0.267,6,24.6,1,0
BUYER-06349,LOW_RISK,909,61,0.992,0,83.5,1,0
BUYER-06350,LOW_RISK,1589,32,1.0,0,97.7,1,0
BUYER-06351,LOW_RISK,1007,57,0.991,0,91.0,1,0
BUYER-06352,LOW_RISK,315,44,0.974,0,96.4,1,0
BUYER-06353,LOW_RISK,502,57,0.989,0,96.0,1,0
BUYER-06354,LOW_RISK,1226,17,0.981,0,88.7,1,0
BUYER-06355,MEDIUM_RISK,337,6,0.837,0,73.8,1,0
BUYER-06356,HIGH_RISK,204,5,0.647,1,46.4,0,0
BUYER-06357,LOW_RISK,1609,57,0.958,0,96.1,1,0
BUYER-06358,LOW_RISK,1772,44,0.996,0,88.3,1,0
BUYER-06359,HIGH_RISK,177,12,0.644,2,35.5,1,0
BUYER-06360,LOW_RISK,1368,62,0.956,0,92.1,1,0
BUYER-06361,LOW_RISK,1748,80,0.994,0,94.0,1,0
BUYER-06362,LOW_RISK,495,47,0.96,0,96.6,1,0
BUYER-06363,LOW_RISK,1726,59,0.975,0,91.5,1,1
BUYER-06364,LOW_RISK,789,23,0.967,0,83.3,1,0
BUYER-06365,LOW_RISK,1492,68,0.993,0,93.2,1,0
BUYER-06366,LOW_RISK,1036,35,0.987,0,90.8,1,0
BUYER-06367,LOW_RISK,639,51,0.964,0,97.0,1,0
BUYER-06368,LOW_RISK,766,62,0.977,0,90.0,1,1
BUYER-06369,LOW_RISK,1058,41,0.983,0,82.4,1,0
BUYER-06370,MEDIUM_RISK,133,15,0.902,0,58.5,1,0
BUYER-06371,LOW_RISK,1338,70,0.98,0,85.8,1,0
BUYER-06372,LOW_RISK,1426,79,0.989,0,83.2,1,0
BUYER-06373,MEDIUM_RISK,128,14,0.92,0,71.2,1,0
BUYER-06374,MEDIUM_RISK,542,5,0.814,0,76.5,1,0
BUYER-06375,LOW_RISK,1235,35,0.985,0,83.4,1,0
BUYER-06376,LOW_RISK,681,12,0.975,0,85.3,1,0
BUYER-06377,LOW_RISK,447,58,0.953,0,93.1,1,0
BUYER-06378,MEDIUM_RISK,34,6,0.838,0,69.7,0,0
BUYER-06379,HIGH_RISK,261,10,0.772,2,32.3,1,0
BUYER-06380,MEDIUM_RISK,173,15,0.902,1,68.8,0,0
BUYER-06381,LOW_RISK,421,26,0.999,0,97.7,1,0
BUYER-06382,LOW_RISK,995,35,0.98,0,86.8,1,0
BUYER-06383,LOW_RISK,1763,66,0.97,0,87.2,1,0
BUYER-06384,LOW_RISK,749,28,0.987,0,97.9,1,0
BUYER-06385,LOW_RISK,1476,31,0.969,0,93.2,1,0
BUYER-06386,LOW_RISK,885,61,0.96,0,95.1,1,0
BUYER-06387,LOW_RISK,1404,23,0.973,0,94.0,1,1
BUYER-06388,LOW_RISK,1378,48,0.951,0,88.3,1,1
BUYER-06389,LOW_RISK,1352,43,0.975,0,92.6,1,1
BUYER-06390,LOW_RISK,1547,24,0.959,0,88.6,1,0
BUYER-06391,LOW_RISK,964,47,0.978,0,83.4,1,0
BUYER-06392,LOW_RISK,1019,67,0.999,0,82.4,1,0
BUYER-06393,LOW_RISK,1576,80,0.961,0,87.3,1,0
BUYER-06394,LOW_RISK,1408,24,0.952,0,97.3,1,0
BUYER-06395,REPEATED_HIGH_RISK,34,4,0.333,3,10.3,1,1
BUYER-06396,LOW_RISK,1769,41,0.978,0,86.4,1,0
BUYER-06397,LOW_RISK,1378,14,0.988,0,83.3,1,0
BUYER-06398,LOW_RISK,643,39,0.964,0,86.4,1,0
BUYER-06399,LOW_RISK,1155,63,0.992,0,92.5,1,0
BUYER-06400,MEDIUM_RISK,240,24,0.838,0,74.1,1,1
BUYER-06401,LOW_RISK,756,15,0.991,0,90.7,1,0
BUYER-06402,MEDIUM_RISK,301,5,0.902,0,77.9,1,0
BUYER-06403,LOW_RISK,1069,73,0.98,0,82.6,1,0
BUYER-06404,MEDIUM_RISK,287,20,0.813,1,64.6,0,0
BUYER-06405,LOW_RISK,759,20,0.989,0,82.8,1,0
BUYER-06406,MEDIUM_RISK,349,23,0.926,0,58.9,1,0
BUYER-06407,LOW_RISK,259,29,0.976,0,95.3,1,0
BUYER-06408,LOW_RISK,1034,63,0.996,0,88.5,1,0
BUYER-06409,LOW_RISK,1294,14,0.987,0,83.2,1,0
BUYER-06410,HIGH_RISK,332,11,0.608,1,37.0,1,0
BUYER-06411,LOW_RISK,429,35,0.963,0,96.3,1,0
BUYER-06412,LOW_RISK,854,48,0.978,0,96.2,1,0
BUYER-06413,MEDIUM_RISK,91,9,0.845,1,56.8,1,0
BUYER-06414,LOW_RISK,305,71,0.978,0,92.7,1,0
BUYER-06415,LOW_RISK,1174,22,0.96,0,90.7,1,0
BUYER-06416,LOW_RISK,300,20,0.966,0,89.7,1,0
BUYER-06417,LOW_RISK,1617,21,0.99,0,83.9,1,0
BUYER-06418,MEDIUM_RISK,168,25,0.814,0,71.4,1,0
BUYER-06419,LOW_RISK,213,27,0.965,0,89.4,1,0
BUYER-06420,LOW_RISK,188,30,0.999,0,90.3,1,1
BUYER-06421,REPEATED_HIGH_RISK,174,3,0.31,3,10.7,0,1
BUYER-06422,LOW_RISK,1272,68,0.993,0,86.8,1,0
BUYER-06423,LOW_RISK,459,72,0.997,0,83.2,1,0
BUYER-06424,LOW_RISK,1424,37,0.998,0,89.6,1,0
BUYER-06425,LOW_RISK,1224,57,0.975,0,86.7,1,0
BUYER-06426,LOW_RISK,1057,34,0.98,0,85.8,1,0
BUYER-06427,HIGH_RISK,55,2,0.774,1,40.5,1,0
BUYER-06428,LOW_RISK,1438,24,0.983,0,88.1,1,0
BUYER-06429,LOW_RISK,1782,46,0.958,0,92.3,1,0
BUYER-06430,LOW_RISK,423,54,0.964,0,82.8,1,0
BUYER-06431,LOW_RISK,1634,40,0.954,0,87.4,1,0
BUYER-06432,HIGH_RISK,184,2,0.678,1,43.3,1,1
BUYER-06433,MEDIUM_RISK,219,15,0.809,0,68.1,1,0
BUYER-06434,LOW_RISK,885,53,0.958,0,87.2,1,0
BUYER-06435,LOW_RISK,1731,73,0.987,0,96.3,1,0
BUYER-06436,LOW_RISK,184,27,0.982,0,86.5,1,0
BUYER-06437,LOW_RISK,1655,18,0.997,0,89.5,1,1
BUYER-06438,LOW_RISK,1291,45,0.976,0,96.6,1,1
BUYER-06439,LOW_RISK,915,64,0.97,0,86.5,1,0
BUYER-06440,LOW_RISK,1347,38,0.999,0,82.5,1,0
BUYER-06441,LOW_RISK,397,53,0.972,0,87.6,1,1
BUYER-06442,LOW_RISK,1538,61,0.96,0,87.8,1,0
BUYER-06443,LOW_RISK,1213,47,0.994,0,95.6,1,0
BUYER-06444,LOW_RISK,557,67,0.982,0,83.4,1,0
BUYER-06445,LOW_RISK,499,59,0.97,0,94.2,1,0
BUYER-06446,LOW_RISK,920,61,0.968,0,86.1,1,0
BUYER-06447,HIGH_RISK,19,9,0.604,2,32.7,1,0
BUYER-06448,LOW_RISK,782,45,0.956,0,85.6,1,0
BUYER-06449,LOW_RISK,954,75,0.982,0,97.4,1,0
BUYER-06450,LOW_RISK,548,43,0.952,0,93.2,1,0
BUYER-06451,MEDIUM_RISK,485,6,0.923,0,55.1,1,0
BUYER-06452,REPEATED_HIGH_RISK,170,8,0.355,3,21.4,0,1
BUYER-06453,LOW_RISK,1735,22,0.974,0,90.6,1,0
BUYER-06454,LOW_RISK,195,70,0.97,0,85.1,1,0
BUYER-06455,MEDIUM_RISK,143,6,0.849,1,74.0,1,0
BUYER-06456,LOW_RISK,510,27,0.961,0,90.8,1,0
BUYER-06457,LOW_RISK,550,32,0.978,0,86.5,1,0
BUYER-06458,LOW_RISK,1277,45,0.974,0,95.9,1,1
BUYER-06459,LOW_RISK,1257,34,0.968,0,91.7,1,1
BUYER-06460,LOW_RISK,1399,48,0.952,0,86.4,1,1
BUYER-06461,LOW_RISK,259,80,0.963,0,91.7,1,1
BUYER-06462,LOW_RISK,417,39,0.969,0,94.5,1,0
BUYER-06463,HIGH_RISK,74,5,0.666,2,32.5,0,0
BUYER-06464,LOW_RISK,1765,50,0.96,0,97.5,1,0
BUYER-06465,LOW_RISK,1087,28,0.958,0,92.3,1,0
BUYER-06466,LOW_RISK,1392,26,0.996,0,82.1,1,1
BUYER-06467,LOW_RISK,1074,47,0.956,0,93.2,1,0
BUYER-06468,LOW_RISK,1541,56,0.998,0,90.9,1,0
BUYER-06469,MEDIUM_RISK,71,22,0.906,0,67.6,1,0
BUYER-06470,LOW_RISK,239,26,0.996,0,82.3,1,0
BUYER-06471,LOW_RISK,329,13,0.995,0,83.6,1,0
BUYER-06472,MEDIUM_RISK,324,25,0.932,0,60.8,1,0
BUYER-06473,LOW_RISK,338,52,0.994,0,84.0,1,0
BUYER-06474,HIGH_RISK,276,14,0.772,1,47.8,1,0
BUYER-06475,LOW_RISK,717,46,0.973,0,88.6,1,0
BUYER-06476,MEDIUM_RISK,495,12,0.903,0,70.1,1,0
BUYER-06477,LOW_RISK,1307,14,0.959,0,92.3,1,0
BUYER-06478,LOW_RISK,1560,38,0.951,0,85.6,1,0
BUYER-06479,LOW_RISK,885,73,0.999,0,90.9,1,0
BUYER-06480,LOW_RISK,1634,13,0.984,0,85.6,1,0
BUYER-06481,LOW_RISK,1323,24,0.983,0,83.6,1,0
BUYER-06482,LOW_RISK,1533,66,0.963,0,96.7,1,0
BUYER-06483,LOW_RISK,670,61,0.98,0,82.2,1,0
BUYER-06484,LOW_RISK,859,80,0.966,0,87.5,1,0
BUYER-06485,LOW_RISK,1189,57,0.98,0,86.9,1,0
BUYER-06486,LOW_RISK,1753,12,0.977,0,86.5,1,1
BUYER-06487,HIGH_RISK,309,13,0.6,2,39.1,0,0
BUYER-06488,LOW_RISK,1060,16,0.984,0,87.7,1,0
BUYER-06489,LOW_RISK,493,76,0.98,0,90.7,1,0
BUYER-06490,LOW_RISK,210,58,0.953,0,82.8,1,0
BUYER-06491,LOW_RISK,859,63,0.973,0,85.7,1,0
BUYER-06492,LOW_RISK,1728,44,0.969,0,96.3,1,0
BUYER-06493,LOW_RISK,349,61,0.966,0,89.1,1,0
BUYER-06494,LOW_RISK,370,38,0.971,0,91.0,1,0
BUYER-06495,HIGH_RISK,168,11,0.771,1,33.0,1,0
BUYER-06496,LOW_RISK,912,38,0.982,0,90.2,1,0
BUYER-06497,LOW_RISK,578,71,0.986,0,91.9,1,0
BUYER-06498,LOW_RISK,509,60,0.965,0,86.8,1,0
BUYER-06499,LOW_RISK,1764,73,0.993,0,84.9,1,0
BUYER-06500,LOW_RISK,198,78,0.964,0,84.9,1,0
BUYER-06501,LOW_RISK,1703,28,0.995,0,84.8,1,0
BUYER-06502,LOW_RISK,797,75,0.95,0,82.5,1,0
BUYER-06503,LOW_RISK,343,68,0.985,0,86.9,1,0
BUYER-06504,LOW_RISK,1654,52,0.967,0,97.1,1,0
BUYER-06505,LOW_RISK,995,23,0.966,0,87.4,1,0
BUYER-06506,LOW_RISK,1119,46,0.992,0,91.4,1,0
BUYER-06507,LOW_RISK,238,59,0.959,0,90.0,1,0
BUYER-06508,MEDIUM_RISK,417,3,0.823,0,58.9,0,1
BUYER-06509,MEDIUM_RISK,493,4,0.833,1,73.3,1,0
BUYER-06510,LOW_RISK,633,28,0.981,0,87.4,1,0
BUYER-06511,LOW_RISK,1408,47,0.968,0,96.9,1,0
BUYER-06512,LOW_RISK,349,51,0.982,0,96.7,1,1
BUYER-06513,MEDIUM_RISK,172,19,0.854,0,56.1,1,0
BUYER-06514,LOW_RISK,221,27,0.98,0,88.3,1,0
BUYER-06515,LOW_RISK,1593,21,0.972,0,83.6,1,0
BUYER-06516,LOW_RISK,785,30,0.98,0,95.3,1,0
BUYER-06517,MEDIUM_RISK,57,12,0.812,1,66.1,1,0
BUYER-06518,LOW_RISK,1755,32,0.995,0,87.7,1,0
BUYER-06519,REPEATED_HIGH_RISK,68,4,0.542,6,20.1,0,1
BUYER-06520,LOW_RISK,1152,10,0.97,0,97.8,1,0
BUYER-06521,LOW_RISK,906,14,0.999,0,83.9,1,0
BUYER-06522,LOW_RISK,652,30,0.975,0,86.8,1,0
BUYER-06523,LOW_RISK,1777,55,0.95,0,84.4,1,0
BUYER-06524,LOW_RISK,1036,22,0.984,0,82.8,1,0
BUYER-06525,LOW_RISK,1360,40,0.982,0,85.4,1,0
BUYER-06526,REPEATED_HIGH_RISK,165,5,0.386,6,9.7,1,1
BUYER-06527,LOW_RISK,306,10,0.953,0,82.3,1,0
BUYER-06528,MEDIUM_RISK,625,23,0.848,1,57.4,1,1
BUYER-06529,LOW_RISK,479,33,0.992,0,88.0,1,0
BUYER-06530,MEDIUM_RISK,317,25,0.869,0,67.3,1,0
BUYER-06531,LOW_RISK,934,55,0.998,0,86.9,1,0
BUYER-06532,MEDIUM_RISK,490,21,0.94,1,74.5,1,1
BUYER-06533,MEDIUM_RISK,176,10,0.8,0,74.1,1,0
BUYER-06534,LOW_RISK,884,37,0.957,0,85.7,1,0
BUYER-06535,LOW_RISK,968,69,0.973,0,94.5,1,0
BUYER-06536,LOW_RISK,1753,19,0.964,0,88.0,1,0
BUYER-06537,LOW_RISK,1083,46,0.992,0,89.1,1,0
BUYER-06538,MEDIUM_RISK,151,22,0.841,0,73.2,1,1
BUYER-06539,LOW_RISK,581,23,0.996,0,92.7,1,0
BUYER-06540,LOW_RISK,1201,64,0.998,0,93.4,1,0
BUYER-06541,LOW_RISK,876,17,0.967,0,92.5,1,1
BUYER-06542,LOW_RISK,1507,63,0.953,0,82.4,1,0
BUYER-06543,HIGH_RISK,309,4,0.705,2,46.0,1,0
BUYER-06544,LOW_RISK,1507,51,0.974,0,82.9,1,0
BUYER-06545,LOW_RISK,1536,19,0.99,0,92.0,1,0
BUYER-06546,LOW_RISK,499,26,0.962,0,92.8,1,0
BUYER-06547,LOW_RISK,980,71,0.981,0,92.9,1,0
BUYER-06548,LOW_RISK,1084,13,0.969,0,95.2,1,0
BUYER-06549,LOW_RISK,1475,64,0.96,0,85.9,1,0
BUYER-06550,LOW_RISK,489,35,0.984,0,84.0,1,0
BUYER-06551,LOW_RISK,908,29,0.954,0,84.2,1,0
BUYER-06552,LOW_RISK,1482,76,0.986,0,92.4,1,0
BUYER-06553,LOW_RISK,932,63,0.961,0,90.0,1,0
BUYER-06554,LOW_RISK,350,46,0.992,0,91.7,1,0
BUYER-06555,LOW_RISK,574,12,0.952,0,97.0,1,0
BUYER-06556,LOW_RISK,681,68,0.992,0,94.4,1,0
BUYER-06557,LOW_RISK,683,78,0.978,0,93.2,1,0
BUYER-06558,LOW_RISK,678,19,0.96,0,86.2,1,0
BUYER-06559,LOW_RISK,885,74,0.993,0,88.1,1,0
BUYER-06560,HIGH_RISK,121,4,0.784,1,44.8,1,1
BUYER-06561,LOW_RISK,1276,43,0.955,0,92.5,1,0
BUYER-06562,LOW_RISK,593,73,0.971,0,91.1,1,0
BUYER-06563,LOW_RISK,878,36,0.996,0,84.2,1,0
BUYER-06564,LOW_RISK,373,22,0.989,0,92.7,1,0
BUYER-06565,LOW_RISK,242,59,0.99,0,84.6,1,0
BUYER-06566,LOW_RISK,1056,60,0.965,0,88.9,1,0
BUYER-06567,LOW_RISK,631,57,0.953,0,84.3,1,0
BUYER-06568,LOW_RISK,554,45,0.966,0,87.5,1,0
BUYER-06569,LOW_RISK,689,72,0.998,0,87.8,1,1
BUYER-06570,LOW_RISK,983,50,0.997,0,88.2,1,0
BUYER-06571,LOW_RISK,1141,62,0.963,0,89.1,1,0
BUYER-06572,LOW_RISK,781,64,0.958,0,86.5,1,0
BUYER-06573,LOW_RISK,1363,46,0.985,0,95.3,1,1
BUYER-06574,MEDIUM_RISK,52,12,0.857,1,58.3,1,0
BUYER-06575,LOW_RISK,191,62,0.979,0,97.5,1,0
BUYER-06576,LOW_RISK,1037,51,0.969,0,96.9,1,0
BUYER-06577,MEDIUM_RISK,142,7,0.915,0,56.3,1,0
BUYER-06578,LOW_RISK,1043,26,0.988,0,96.0,1,0
BUYER-06579,LOW_RISK,1636,73,0.959,0,97.1,1,0
BUYER-06580,LOW_RISK,1694,50,0.985,0,91.8,1,0
BUYER-06581,MEDIUM_RISK,628,9,0.836,1,76.1,1,0
BUYER-06582,HIGH_RISK,85,3,0.625,2,33.9,0,1
BUYER-06583,LOW_RISK,1075,57,0.995,0,85.0,1,0
BUYER-06584,LOW_RISK,1792,35,0.965,0,89.9,1,0
BUYER-06585,LOW_RISK,1306,10,0.964,0,87.5,1,0
BUYER-06586,LOW_RISK,1189,69,0.993,0,84.2,1,0
BUYER-06587,LOW_RISK,418,76,0.965,0,92.5,1,0
BUYER-06588,LOW_RISK,1119,13,0.96,0,92.4,1,0
BUYER-06589,LOW_RISK,1264,27,0.955,0,89.2,1,0
BUYER-06590,LOW_RISK,1573,28,0.989,0,85.1,1,0
BUYER-06591,LOW_RISK,1501,29,0.985,0,96.8,1,0
BUYER-06592,LOW_RISK,1610,44,0.966,0,93.5,1,0
BUYER-06593,LOW_RISK,988,72,0.97,0,93.7,1,0
BUYER-06594,MEDIUM_RISK,42,15,0.828,0,70.1,1,0
BUYER-06595,LOW_RISK,1554,27,0.992,0,94.5,1,0
BUYER-06596,LOW_RISK,1245,64,0.96,0,83.8,1,0
BUYER-06597,LOW_RISK,463,29,0.951,0,97.2,1,0
BUYER-06598,LOW_RISK,280,76,0.965,0,96.7,1,0
BUYER-06599,MEDIUM_RISK,159,15,0.914,0,73.6,1,0
BUYER-06600,LOW_RISK,1292,36,0.96,0,94.0,1,0
BUYER-06601,LOW_RISK,1046,67,0.984,0,88.1,1,0
BUYER-06602,LOW_RISK,1797,75,0.958,0,97.6,1,1
BUYER-06603,LOW_RISK,1286,61,0.975,0,93.8,1,0
BUYER-06604,LOW_RISK,355,36,0.969,0,95.6,1,0
BUYER-06605,LOW_RISK,1490,42,0.98,0,86.6,1,0
BUYER-06606,LOW_RISK,1070,27,0.951,0,97.8,1,0
BUYER-06607,LOW_RISK,1038,45,0.978,0,95.3,1,0
BUYER-06608,LOW_RISK,412,34,0.957,0,91.9,1,1
BUYER-06609,MEDIUM_RISK,125,21,0.93,0,64.0,1,1
BUYER-06610,LOW_RISK,1517,10,0.954,0,96.4,1,0
BUYER-06611,MEDIUM_RISK,328,15,0.815,0,63.3,0,0
BUYER-06612,LOW_RISK,1266,17,0.977,0,82.8,1,0
BUYER-06613,LOW_RISK,1252,75,0.979,0,94.1,1,0
BUYER-06614,LOW_RISK,1685,14,0.964,0,92.2,1,0
BUYER-06615,LOW_RISK,305,46,0.953,0,85.9,1,0
BUYER-06616,LOW_RISK,893,61,0.969,0,90.1,1,0
BUYER-06617,LOW_RISK,335,37,0.992,0,85.1,1,0
BUYER-06618,LOW_RISK,1479,23,0.964,0,92.3,1,0
BUYER-06619,LOW_RISK,1157,49,0.973,0,87.6,1,0
BUYER-06620,LOW_RISK,282,35,0.952,0,92.2,1,0
BUYER-06621,LOW_RISK,391,61,0.976,0,87.1,1,1
BUYER-06622,LOW_RISK,757,67,0.955,0,95.5,1,1
BUYER-06623,LOW_RISK,1103,80,0.963,0,83.5,1,1
BUYER-06624,LOW_RISK,1425,14,0.958,0,89.4,1,0
BUYER-06625,LOW_RISK,1525,23,0.97,0,91.7,1,0
BUYER-06626,LOW_RISK,1601,36,0.974,0,83.6,1,0
BUYER-06627,LOW_RISK,371,23,0.968,0,96.8,1,0
BUYER-06628,LOW_RISK,1048,76,0.999,0,83.8,1,0
BUYER-06629,LOW_RISK,1344,70,0.991,0,88.2,1,0
BUYER-06630,LOW_RISK,909,76,0.96,0,85.2,1,0
BUYER-06631,LOW_RISK,1027,18,0.974,0,82.7,1,1
BUYER-06632,LOW_RISK,837,13,0.967,0,97.7,1,0
BUYER-06633,LOW_RISK,604,57,0.959,0,87.7,1,0
BUYER-06634,LOW_RISK,1284,18,0.979,0,88.8,1,0
BUYER-06635,LOW_RISK,1080,29,0.977,0,86.0,1,0
BUYER-06636,LOW_RISK,670,41,0.979,0,91.5,1,0
BUYER-06637,MEDIUM_RISK,551,8,0.84,0,64.3,1,0
BUYER-06638,LOW_RISK,1530,28,0.955,0,96.5,1,0
BUYER-06639,LOW_RISK,1614,71,0.967,0,82.7,1,1
BUYER-06640,LOW_RISK,1575,52,0.977,0,86.3,1,0
BUYER-06641,LOW_RISK,1051,64,0.977,0,91.7,1,0
BUYER-06642,LOW_RISK,606,10,0.991,0,94.4,1,0
BUYER-06643,LOW_RISK,193,29,0.989,0,87.5,1,0
BUYER-06644,MEDIUM_RISK,191,17,0.825,1,73.1,1,0
BUYER-06645,LOW_RISK,1060,38,0.963,0,83.1,1,0
BUYER-06646,LOW_RISK,939,17,0.958,0,84.0,1,0
BUYER-06647,MEDIUM_RISK,560,14,0.932,0,65.2,1,0
BUYER-06648,MEDIUM_RISK,274,3,0.913,1,66.2,1,1
BUYER-06649,LOW_RISK,570,10,0.977,0,91.0,1,0
BUYER-06650,MEDIUM_RISK,513,7,0.924,0,75.2,1,0
BUYER-06651,LOW_RISK,1488,68,0.988,0,85.6,1,0
BUYER-06652,MEDIUM_RISK,200,18,0.911,1,66.3,1,1
BUYER-06653,LOW_RISK,1709,24,0.956,0,94.2,1,0
BUYER-06654,LOW_RISK,779,27,0.966,0,93.1,1,0
BUYER-06655,LOW_RISK,1164,74,0.996,0,85.2,1,0
BUYER-06656,LOW_RISK,1777,17,0.95,0,96.5,1,0
BUYER-06657,LOW_RISK,479,19,0.952,0,84.3,1,0
BUYER-06658,LOW_RISK,750,28,0.96,0,92.8,1,0
BUYER-06659,LOW_RISK,1181,37,0.994,0,97.4,1,0
BUYER-06660,LOW_RISK,894,71,0.992,0,93.1,1,0
BUYER-06661,LOW_RISK,1095,70,0.955,0,91.9,1,0
BUYER-06662,LOW_RISK,1785,64,0.997,0,92.8,1,0
BUYER-06663,LOW_RISK,1373,70,0.955,0,87.8,1,0
BUYER-06664,LOW_RISK,1429,65,0.967,0,88.4,1,0
BUYER-06665,MEDIUM_RISK,496,16,0.841,0,69.6,1,0
BUYER-06666,LOW_RISK,1661,58,0.976,0,85.8,1,0
BUYER-06667,LOW_RISK,768,44,0.951,0,91.8,1,0
BUYER-06668,LOW_RISK,930,29,0.958,0,95.2,1,0
BUYER-06669,LOW_RISK,756,27,0.999,0,88.1,1,1
BUYER-06670,LOW_RISK,1639,56,0.96,0,89.3,1,0
BUYER-06671,LOW_RISK,590,33,0.956,0,83.4,1,0
BUYER-06672,LOW_RISK,335,43,0.962,0,92.0,1,0
BUYER-06673,LOW_RISK,207,68,0.951,0,93.1,1,0
BUYER-06674,LOW_RISK,1159,41,0.971,0,94.2,1,0
BUYER-06675,LOW_RISK,865,73,0.989,0,91.4,1,1
BUYER-06676,MEDIUM_RISK,114,13,0.805,0,71.9,1,0
BUYER-06677,LOW_RISK,269,18,0.97,0,95.3,1,0
BUYER-06678,LOW_RISK,490,63,0.95,0,90.1,1,0
BUYER-06679,LOW_RISK,455,61,0.967,0,91.1,1,0
BUYER-06680,LOW_RISK,607,43,0.992,0,96.6,1,0
BUYER-06681,LOW_RISK,1404,68,0.993,0,96.7,1,0
BUYER-06682,LOW_RISK,596,38,0.966,0,90.1,1,1
BUYER-06683,MEDIUM_RISK,241,14,0.869,0,57.1,1,0
BUYER-06684,LOW_RISK,562,23,0.964,0,88.4,1,1
BUYER-06685,LOW_RISK,1347,21,0.991,0,88.2,1,0
BUYER-06686,LOW_RISK,1635,74,0.996,0,97.8,1,0
BUYER-06687,LOW_RISK,973,46,0.984,0,85.8,1,0
BUYER-06688,LOW_RISK,499,12,0.994,0,83.5,1,0
BUYER-06689,LOW_RISK,1193,27,0.991,0,88.5,1,0
BUYER-06690,LOW_RISK,927,28,0.989,0,84.3,1,0
BUYER-06691,LOW_RISK,984,78,0.967,0,95.7,1,0
BUYER-06692,LOW_RISK,1392,31,0.999,0,90.0,1,0
BUYER-06693,LOW_RISK,443,47,0.95,0,95.0,1,0
BUYER-06694,LOW_RISK,1591,28,0.951,0,88.3,1,0
BUYER-06695,LOW_RISK,281,21,0.965,0,93.9,1,0
BUYER-06696,LOW_RISK,1797,12,0.966,0,91.4,1,0
BUYER-06697,LOW_RISK,1325,53,0.964,0,95.2,1,0
BUYER-06698,LOW_RISK,1194,24,0.97,0,92.4,1,0
BUYER-06699,LOW_RISK,1674,17,0.994,0,93.1,1,0
BUYER-06700,LOW_RISK,585,40,0.966,0,88.7,1,0
BUYER-06701,LOW_RISK,1522,37,0.969,0,93.4,1,0
BUYER-06702,LOW_RISK,591,11,0.954,0,82.9,1,0
BUYER-06703,LOW_RISK,1659,14,0.979,0,90.4,1,0
BUYER-06704,LOW_RISK,1398,40,0.953,0,89.1,1,0
BUYER-06705,LOW_RISK,413,10,0.99,0,87.0,1,0
BUYER-06706,LOW_RISK,1268,15,0.959,0,92.3,1,1
BUYER-06707,MEDIUM_RISK,266,13,0.898,0,61.7,1,0
BUYER-06708,LOW_RISK,866,79,0.994,0,91.6,1,1
BUYER-06709,LOW_RISK,548,16,0.981,0,85.7,1,1
BUYER-06710,MEDIUM_RISK,298,25,0.831,1,65.6,1,0
BUYER-06711,LOW_RISK,1049,21,0.962,0,88.7,1,1
BUYER-06712,LOW_RISK,528,78,0.996,0,82.4,1,0
BUYER-06713,LOW_RISK,1795,20,0.957,0,84.2,1,1
BUYER-06714,MEDIUM_RISK,680,16,0.873,0,63.4,1,1
BUYER-06715,MEDIUM_RISK,615,12,0.909,0,76.5,0,0
BUYER-06716,LOW_RISK,705,68,0.992,0,95.9,1,1
BUYER-06717,LOW_RISK,1650,38,0.954,0,95.3,1,0
BUYER-06718,LOW_RISK,360,14,0.999,0,92.9,1,0
BUYER-06719,LOW_RISK,614,41,0.95,0,91.8,1,0
BUYER-06720,LOW_RISK,1198,35,0.98,0,91.9,1,0
BUYER-06721,LOW_RISK,774,27,0.955,0,91.4,1,0
BUYER-06722,LOW_RISK,435,49,0.957,0,88.8,1,1
BUYER-06723,MEDIUM_RISK,268,18,0.94,0,72.6,1,1
BUYER-06724,LOW_RISK,909,13,0.988,0,83.7,1,0
BUYER-06725,LOW_RISK,1174,64,0.974,0,95.9,1,0
BUYER-06726,LOW_RISK,1222,73,0.974,0,95.9,1,0
BUYER-06727,LOW_RISK,436,77,0.977,0,97.3,1,0
BUYER-06728,LOW_RISK,1017,40,0.972,0,90.4,1,0
BUYER-06729,HIGH_RISK,355,12,0.668,1,33.5,0,1
BUYER-06730,LOW_RISK,1520,60,0.994,0,94.5,1,0
BUYER-06731,LOW_RISK,510,68,0.996,0,84.8,1,0
BUYER-06732,LOW_RISK,505,33,0.971,0,89.0,1,0
BUYER-06733,MEDIUM_RISK,557,25,0.872,0,68.7,1,0
BUYER-06734,LOW_RISK,1588,34,0.972,0,88.4,1,0
BUYER-06735,LOW_RISK,989,51,0.958,0,90.8,1,0
BUYER-06736,LOW_RISK,1492,78,0.998,0,82.0,1,0
BUYER-06737,HIGH_RISK,164,11,0.711,1,45.7,0,0
BUYER-06738,LOW_RISK,1338,78,0.955,0,87.2,1,0
BUYER-06739,LOW_RISK,1454,71,0.974,0,84.4,1,0
BUYER-06740,MEDIUM_RISK,360,22,0.917,1,64.1,1,0
BUYER-06741,LOW_RISK,231,80,0.992,0,96.6,1,0
BUYER-06742,LOW_RISK,936,78,0.951,0,82.5,1,0
BUYER-06743,LOW_RISK,328,47,0.956,0,89.1,1,0
BUYER-06744,MEDIUM_RISK,426,13,0.868,1,69.0,1,0
BUYER-06745,LOW_RISK,1350,18,0.998,0,84.2,1,0
BUYER-06746,REPEATED_HIGH_RISK,97,8,0.333,3,18.7,0,0
BUYER-06747,LOW_RISK,1083,20,0.982,0,95.5,1,0
BUYER-06748,LOW_RISK,811,77,0.971,0,82.9,1,0
BUYER-06749,REPEATED_HIGH_RISK,173,7,0.494,3,22.4,0,0
BUYER-06750,LOW_RISK,556,43,0.963,0,93.3,1,0
BUYER-06751,LOW_RISK,550,76,0.997,0,91.0,1,0
BUYER-06752,LOW_RISK,1186,54,0.982,0,97.9,1,0
BUYER-06753,LOW_RISK,1462,39,0.982,0,94.4,1,0
BUYER-06754,LOW_RISK,1387,35,0.951,0,83.6,1,0
BUYER-06755,LOW_RISK,487,53,0.982,0,83.0,1,0
BUYER-06756,LOW_RISK,1218,60,0.992,0,82.6,1,0
BUYER-06757,MEDIUM_RISK,311,8,0.88,1,78.3,1,0
BUYER-06758,LOW_RISK,1002,54,0.957,0,84.9,1,0
BUYER-06759,REPEATED_HIGH_RISK,65,5,0.355,4,24.4,1,1
BUYER-06760,LOW_RISK,1478,12,0.969,0,96.2,1,0
BUYER-06761,LOW_RISK,207,73,0.982,0,82.3,1,0
BUYER-06762,LOW_RISK,458,43,0.989,0,96.5,1,0
BUYER-06763,LOW_RISK,1513,64,0.957,0,93.2,1,0
BUYER-06764,LOW_RISK,1355,67,0.968,0,89.5,1,0
BUYER-06765,LOW_RISK,1684,46,1.0,0,93.2,1,0
BUYER-06766,MEDIUM_RISK,364,18,0.924,1,71.6,1,0
BUYER-06767,HIGH_RISK,343,14,0.653,1,38.6,1,0
BUYER-06768,LOW_RISK,1538,57,0.995,0,92.9,1,0
BUYER-06769,MEDIUM_RISK,537,11,0.807,1,64.1,1,0
BUYER-06770,LOW_RISK,1189,36,0.968,0,86.9,1,0
BUYER-06771,LOW_RISK,943,38,0.963,0,93.6,1,1
BUYER-06772,MEDIUM_RISK,317,15,0.892,1,76.5,1,0
BUYER-06773,LOW_RISK,1278,63,0.968,0,96.0,1,0
BUYER-06774,LOW_RISK,586,44,0.975,0,94.6,1,0
BUYER-06775,LOW_RISK,1330,39,0.983,0,96.8,1,1
BUYER-06776,LOW_RISK,1521,80,0.997,0,92.1,1,0
BUYER-06777,LOW_RISK,1032,73,0.961,0,97.7,1,0
BUYER-06778,LOW_RISK,793,76,0.966,0,84.5,1,0
BUYER-06779,REPEATED_HIGH_RISK,176,9,0.38,6,8.1,0,1
BUYER-06780,LOW_RISK,1220,47,0.962,0,94.4,1,0
BUYER-06781,LOW_RISK,1512,62,0.989,0,91.8,1,0
BUYER-06782,LOW_RISK,627,42,0.965,0,95.9,1,1
BUYER-06783,LOW_RISK,1672,65,1.0,0,93.0,1,0
BUYER-06784,LOW_RISK,1276,14,0.968,0,94.2,1,0
BUYER-06785,LOW_RISK,1798,49,0.966,0,83.0,1,0
BUYER-06786,MEDIUM_RISK,62,22,0.824,0,61.5,1,0
BUYER-06787,MEDIUM_RISK,504,8,0.903,0,55.2,1,0
BUYER-06788,LOW_RISK,1117,35,0.964,0,96.7,1,0
BUYER-06789,MEDIUM_RISK,647,9,0.879,0,71.7,1,0
BUYER-06790,LOW_RISK,1095,39,0.996,0,89.8,1,0
BUYER-06791,MEDIUM_RISK,175,21,0.844,0,70.2,1,0
BUYER-06792,LOW_RISK,887,10,0.962,0,96.8,1,0
BUYER-06793,LOW_RISK,309,63,0.957,0,90.9,1,0
BUYER-06794,LOW_RISK,899,24,0.968,0,92.8,1,0
BUYER-06795,LOW_RISK,1591,10,0.965,0,87.5,1,0
BUYER-06796,LOW_RISK,1527,33,0.998,0,83.5,1,0
BUYER-06797,HIGH_RISK,122,7,0.643,1,33.1,0,1
BUYER-06798,LOW_RISK,1130,43,0.989,0,93.0,1,0
BUYER-06799,LOW_RISK,1581,39,0.991,0,94.0,1,1
BUYER-06800,LOW_RISK,1450,52,0.959,0,94.8,1,0
BUYER-06801,LOW_RISK,1664,22,0.956,0,85.8,1,0
BUYER-06802,LOW_RISK,902,13,0.964,0,95.9,1,1
BUYER-06803,LOW_RISK,1001,55,0.959,0,89.4,1,0
BUYER-06804,LOW_RISK,721,29,0.978,0,95.4,1,0
BUYER-06805,LOW_RISK,958,33,0.99,0,87.5,1,0
BUYER-06806,LOW_RISK,1597,16,0.976,0,89.9,1,0
BUYER-06807,LOW_RISK,1262,34,0.978,0,92.8,1,0
BUYER-06808,LOW_RISK,893,47,0.967,0,83.3,1,0
BUYER-06809,LOW_RISK,1474,65,0.999,0,94.8,1,0
BUYER-06810,LOW_RISK,1461,20,0.979,0,87.2,1,0
BUYER-06811,LOW_RISK,340,71,0.983,0,96.8,1,0
BUYER-06812,LOW_RISK,884,55,0.966,0,92.9,1,0
BUYER-06813,LOW_RISK,1590,68,0.985,0,96.8,1,0
BUYER-06814,LOW_RISK,1035,27,0.974,0,90.7,1,0
BUYER-06815,LOW_RISK,400,63,0.973,0,86.0,1,0
BUYER-06816,LOW_RISK,692,59,0.955,0,95.5,1,0
BUYER-06817,LOW_RISK,357,50,0.992,0,88.0,1,0
BUYER-06818,MEDIUM_RISK,463,8,0.907,0,61.2,1,0
BUYER-06819,MEDIUM_RISK,133,8,0.905,0,55.7,1,0
BUYER-06820,LOW_RISK,707,77,0.956,0,97.6,1,0
BUYER-06821,LOW_RISK,1521,66,0.97,0,82.2,1,0
BUYER-06822,LOW_RISK,1452,17,0.971,0,85.7,1,0
BUYER-06823,HIGH_RISK,323,15,0.682,1,32.3,1,0
BUYER-06824,HIGH_RISK,135,11,0.714,1,48.1,1,0
BUYER-06825,LOW_RISK,1072,73,0.997,0,87.0,1,0
BUYER-06826,LOW_RISK,246,52,0.986,0,95.1,1,0
BUYER-06827,LOW_RISK,1285,28,0.996,0,84.0,1,0
BUYER-06828,LOW_RISK,1566,63,0.972,0,92.8,1,0
BUYER-06829,LOW_RISK,384,32,0.998,0,85.4,1,0
BUYER-06830,LOW_RISK,1780,39,0.991,0,90.5,1,0
BUYER-06831,MEDIUM_RISK,599,19,0.934,1,62.4,1,1
BUYER-06832,LOW_RISK,884,21,0.983,0,92.4,1,0
BUYER-06833,LOW_RISK,297,28,0.968,0,95.1,1,0
BUYER-06834,MEDIUM_RISK,440,12,0.851,0,75.6,1,1
BUYER-06835,MEDIUM_RISK,178,20,0.825,0,72.3,1,0
BUYER-06836,LOW_RISK,399,41,0.963,0,89.5,1,0
BUYER-06837,LOW_RISK,1751,57,0.972,0,89.5,1,0
BUYER-06838,LOW_RISK,1421,18,0.956,0,87.3,1,1
BUYER-06839,LOW_RISK,1389,13,0.987,0,92.1,1,0
BUYER-06840,HIGH_RISK,114,3,0.699,1,44.0,1,1
BUYER-06841,MEDIUM_RISK,692,12,0.835,0,76.2,1,0
BUYER-06842,LOW_RISK,942,38,0.996,0,83.4,1,0
BUYER-06843,LOW_RISK,258,30,0.983,0,91.4,1,0
BUYER-06844,LOW_RISK,1170,25,0.984,0,83.7,1,0
BUYER-06845,MEDIUM_RISK,46,16,0.821,1,69.0,0,0
BUYER-06846,LOW_RISK,1558,69,0.98,0,88.2,1,0
BUYER-06847,LOW_RISK,1782,53,0.99,0,96.6,1,1
BUYER-06848,LOW_RISK,617,30,0.975,0,95.5,1,0
BUYER-06849,LOW_RISK,469,20,0.987,0,93.7,1,0
BUYER-06850,LOW_RISK,1181,39,0.991,0,84.5,1,0
BUYER-06851,LOW_RISK,380,80,0.962,0,91.1,1,0
BUYER-06852,MEDIUM_RISK,107,13,0.862,0,71.3,1,1
BUYER-06853,MEDIUM_RISK,475,18,0.816,0,55.6,1,0
BUYER-06854,LOW_RISK,460,75,0.984,0,89.8,1,0
BUYER-06855,LOW_RISK,1085,47,0.967,0,91.5,1,0
BUYER-06856,LOW_RISK,1447,20,0.969,0,85.1,1,0
BUYER-06857,LOW_RISK,700,45,0.966,0,82.2,1,0
BUYER-06858,LOW_RISK,543,10,0.957,0,92.3,1,0
BUYER-06859,MEDIUM_RISK,563,10,0.878,0,68.3,1,0
BUYER-06860,LOW_RISK,250,37,0.987,0,87.0,1,1
BUYER-06861,LOW_RISK,889,17,0.959,0,87.1,1,0
BUYER-06862,MEDIUM_RISK,439,17,0.907,0,56.1,1,1
BUYER-06863,HIGH_RISK,347,14,0.609,2,32.1,1,1
BUYER-06864,LOW_RISK,1779,36,0.964,0,93.0,1,0
BUYER-06865,LOW_RISK,1120,54,0.965,0,83.1,1,0
BUYER-06866,LOW_RISK,1636,28,0.962,0,88.8,1,0
BUYER-06867,LOW_RISK,1214,22,0.952,0,96.2,1,0
BUYER-06868,LOW_RISK,1305,26,0.972,0,83.1,1,0
BUYER-06869,LOW_RISK,1716,50,0.955,0,85.9,1,0
BUYER-06870,HIGH_RISK,207,2,0.619,1,37.3,1,0
BUYER-06871,LOW_RISK,484,10,0.955,0,90.6,1,0
BUYER-06872,LOW_RISK,1300,31,0.968,0,85.8,1,0
BUYER-06873,LOW_RISK,244,80,0.987,0,93.0,1,1
BUYER-06874,LOW_RISK,337,59,0.976,0,93.6,1,0
BUYER-06875,MEDIUM_RISK,682,16,0.831,0,75.2,1,0
BUYER-06876,LOW_RISK,666,78,0.978,0,92.7,1,0
BUYER-06877,LOW_RISK,356,71,1.0,0,93.8,1,0
BUYER-06878,LOW_RISK,1409,11,0.973,0,90.2,1,0
BUYER-06879,LOW_RISK,1626,49,0.982,0,88.9,1,0
BUYER-06880,LOW_RISK,557,15,0.952,0,87.7,1,0
BUYER-06881,LOW_RISK,345,42,0.985,0,83.6,1,0
BUYER-06882,LOW_RISK,283,70,0.996,0,89.3,1,0
BUYER-06883,LOW_RISK,1068,40,0.963,0,87.8,1,0
BUYER-06884,LOW_RISK,236,78,0.992,0,87.1,1,0
BUYER-06885,HIGH_RISK,107,5,0.687,1,41.0,1,0
BUYER-06886,MEDIUM_RISK,112,6,0.924,0,69.0,1,0
BUYER-06887,LOW_RISK,344,43,0.99,0,86.9,1,0
BUYER-06888,LOW_RISK,711,56,0.971,0,89.6,1,0
BUYER-06889,LOW_RISK,1443,60,0.967,0,88.2,1,0
BUYER-06890,LOW_RISK,415,33,0.973,0,90.0,1,0
BUYER-06891,LOW_RISK,663,66,0.972,0,92.9,1,0
BUYER-06892,MEDIUM_RISK,149,25,0.906,0,67.0,1,0
BUYER-06893,MEDIUM_RISK,455,7,0.919,1,60.8,0,1
BUYER-06894,LOW_RISK,905,61,0.955,0,93.9,1,0
BUYER-06895,LOW_RISK,1746,58,0.996,0,89.0,1,0
BUYER-06896,MEDIUM_RISK,254,3,0.852,1,66.9,1,0
BUYER-06897,LOW_RISK,1119,22,0.96,0,95.5,1,1
BUYER-06898,LOW_RISK,1254,71,0.987,0,95.2,1,0
BUYER-06899,LOW_RISK,275,31,0.986,0,85.5,1,0
BUYER-06900,LOW_RISK,1522,46,0.983,0,97.4,1,0
BUYER-06901,LOW_RISK,798,48,0.989,0,96.2,1,0
BUYER-06902,LOW_RISK,540,73,0.971,0,93.6,1,0
BUYER-06903,LOW_RISK,181,47,0.998,0,83.8,1,0
BUYER-06904,LOW_RISK,1116,63,0.989,0,92.9,1,0
BUYER-06905,LOW_RISK,536,23,0.969,0,86.7,1,0
BUYER-06906,LOW_RISK,644,24,0.98,0,97.8,1,0
BUYER-06907,LOW_RISK,1689,63,0.96,0,96.8,1,0
BUYER-06908,LOW_RISK,716,71,0.951,0,86.0,1,0
BUYER-06909,MEDIUM_RISK,350,15,0.875,0,68.6,1,0
BUYER-06910,LOW_RISK,1394,75,0.995,0,96.8,1,0
BUYER-06911,LOW_RISK,623,58,0.978,0,94.5,1,0
BUYER-06912,HIGH_RISK,133,2,0.605,1,41.2,1,0
BUYER-06913,LOW_RISK,1176,39,0.97,0,85.6,1,1
BUYER-06914,LOW_RISK,341,54,0.979,0,84.9,1,1
BUYER-06915,LOW_RISK,476,24,0.983,0,84.7,1,0
BUYER-06916,LOW_RISK,298,59,0.966,0,85.6,1,0
BUYER-06917,LOW_RISK,311,15,0.995,0,82.8,1,0
BUYER-06918,MEDIUM_RISK,178,21,0.813,1,68.0,1,0
BUYER-06919,LOW_RISK,528,26,0.976,0,86.5,1,0
BUYER-06920,LOW_RISK,434,76,0.96,0,83.4,1,0
BUYER-06921,MEDIUM_RISK,146,17,0.898,0,73.5,1,0
BUYER-06922,LOW_RISK,1000,16,0.992,0,89.7,1,0
BUYER-06923,LOW_RISK,1566,67,0.976,0,93.7,1,1
BUYER-06924,LOW_RISK,1669,76,0.983,0,95.3,1,0
BUYER-06925,LOW_RISK,1157,46,0.979,0,89.2,1,0
BUYER-06926,LOW_RISK,1409,17,0.966,0,96.9,1,1
BUYER-06927,LOW_RISK,456,23,0.975,0,83.8,1,0
BUYER-06928,LOW_RISK,1298,62,0.99,0,97.8,1,0
BUYER-06929,LOW_RISK,908,76,0.987,0,90.8,1,0
BUYER-06930,LOW_RISK,1274,23,1.0,0,96.3,1,0
BUYER-06931,LOW_RISK,199,65,0.954,0,85.4,1,0
BUYER-06932,LOW_RISK,1582,50,0.97,0,85.9,1,1
BUYER-06933,LOW_RISK,1015,35,0.991,0,84.7,1,0
BUYER-06934,LOW_RISK,1124,56,0.992,0,89.2,1,0
BUYER-06935,HIGH_RISK,106,13,0.765,1,39.0,1,0
BUYER-06936,LOW_RISK,1037,49,0.98,0,85.5,1,0
BUYER-06937,LOW_RISK,1328,74,0.954,0,91.2,1,0
BUYER-06938,LOW_RISK,612,77,0.993,0,93.4,1,0
BUYER-06939,LOW_RISK,1507,16,0.97,0,97.6,1,0
BUYER-06940,LOW_RISK,521,16,0.956,0,85.3,1,0
BUYER-06941,LOW_RISK,206,73,0.954,0,97.9,1,0
BUYER-06942,MEDIUM_RISK,386,9,0.911,0,71.7,1,0
BUYER-06943,LOW_RISK,415,59,0.961,0,97.7,1,0
BUYER-06944,LOW_RISK,578,63,0.996,0,94.8,1,0
BUYER-06945,LOW_RISK,675,19,0.974,0,95.8,1,0
BUYER-06946,LOW_RISK,854,44,0.979,0,94.1,1,0
BUYER-06947,LOW_RISK,272,49,0.984,0,95.4,1,0
BUYER-06948,LOW_RISK,676,70,0.984,0,91.6,1,0
BUYER-06949,MEDIUM_RISK,332,14,0.872,0,63.0,0,0
BUYER-06950,LOW_RISK,640,53,0.985,0,96.5,1,0
BUYER-06951,LOW_RISK,660,80,0.988,0,84.0,1,0
BUYER-06952,LOW_RISK,1166,45,1.0,0,85.5,1,0
BUYER-06953,LOW_RISK,1474,29,0.957,0,87.2,1,0
BUYER-06954,LOW_RISK,880,23,0.972,0,86.4,1,0
BUYER-06955,LOW_RISK,1409,33,0.966,0,96.1,1,0
BUYER-06956,LOW_RISK,316,42,0.992,0,95.9,1,0
BUYER-06957,LOW_RISK,547,23,0.991,0,97.9,1,0
BUYER-06958,LOW_RISK,1627,34,0.97,0,82.6,1,0
BUYER-06959,LOW_RISK,1605,79,0.97,0,91.1,1,0
BUYER-06960,HIGH_RISK,148,7,0.649,2,46.0,0,0
BUYER-06961,LOW_RISK,1661,42,0.966,0,83.5,1,0
BUYER-06962,LOW_RISK,977,37,0.989,0,91.6,1,0
BUYER-06963,HIGH_RISK,19,14,0.752,1,42.2,0,1
BUYER-06964,LOW_RISK,1247,53,0.989,0,91.9,1,0
BUYER-06965,LOW_RISK,1512,64,0.985,0,86.9,1,0
BUYER-06966,LOW_RISK,1794,78,0.973,0,92.1,1,1
BUYER-06967,MEDIUM_RISK,62,20,0.938,0,69.7,1,0
BUYER-06968,LOW_RISK,540,23,0.973,0,92.2,1,0
BUYER-06969,LOW_RISK,565,52,0.983,0,94.2,1,0
BUYER-06970,LOW_RISK,370,63,0.97,0,83.0,1,0
BUYER-06971,LOW_RISK,602,37,0.998,0,89.5,1,0
BUYER-06972,LOW_RISK,1058,67,0.951,0,93.1,1,0
BUYER-06973,LOW_RISK,427,71,0.983,0,93.3,1,0
BUYER-06974,LOW_RISK,202,33,0.965,0,92.4,1,0
BUYER-06975,LOW_RISK,1503,31,0.987,0,97.1,1,1
BUYER-06976,LOW_RISK,372,77,0.994,0,95.4,1,0
BUYER-06977,LOW_RISK,650,17,0.971,0,96.6,1,0
BUYER-06978,MEDIUM_RISK,219,10,0.861,1,62.4,0,0
BUYER-06979,LOW_RISK,209,22,0.995,0,83.6,1,0
BUYER-06980,LOW_RISK,1799,49,0.965,0,84.7,1,0
BUYER-06981,LOW_RISK,1738,80,0.994,0,86.3,1,0
BUYER-06982,LOW_RISK,1550,13,0.958,0,86.5,1,0
BUYER-06983,MEDIUM_RISK,406,3,0.898,0,62.4,1,0
BUYER-06984,MEDIUM_RISK,451,14,0.898,0,77.5,1,0
BUYER-06985,MEDIUM_RISK,150,24,0.903,0,65.2,1,0
BUYER-06986,LOW_RISK,313,53,0.971,0,86.4,1,0
BUYER-06987,LOW_RISK,1434,46,0.955,0,89.9,1,0
BUYER-06988,LOW_RISK,574,79,0.981,0,83.0,1,0
BUYER-06989,LOW_RISK,574,69,0.952,0,87.0,1,0
BUYER-06990,LOW_RISK,1483,27,0.965,0,87.2,1,0
BUYER-06991,HIGH_RISK,62,12,0.72,2,32.9,0,0
BUYER-06992,LOW_RISK,546,59,0.993,0,92.7,1,0
BUYER-06993,LOW_RISK,1777,19,0.951,0,85.2,1,0
BUYER-06994,LOW_RISK,965,50,0.981,0,84.9,1,1
BUYER-06995,MEDIUM_RISK,621,21,0.939,0,55.8,1,0
BUYER-06996,LOW_RISK,537,40,0.974,0,93.4,1,0
BUYER-06997,LOW_RISK,1066,64,0.98,0,94.4,1,0
BUYER-06998,MEDIUM_RISK,613,14,0.833,0,67.9,1,0
BUYER-06999,LOW_RISK,371,42,0.955,0,83.0,1,0
BUYER-07000,LOW_RISK,1289,34,0.98,0,82.3,1,0
BUYER-07001,LOW_RISK,1452,39,0.989,0,86.9,1,0
BUYER-07002,LOW_RISK,754,29,0.965,0,88.1,1,0
BUYER-07003,MEDIUM_RISK,211,19,0.904,0,61.5,1,0
BUYER-07004,LOW_RISK,571,35,0.99,0,92.8,1,0
BUYER-07005,LOW_RISK,1283,39,0.998,0,86.1,1,0
BUYER-07006,LOW_RISK,1147,57,0.955,0,97.3,1,0
BUYER-07007,LOW_RISK,1258,58,0.972,0,91.8,1,0
BUYER-07008,LOW_RISK,1678,14,0.975,0,94.4,1,0
BUYER-07009,LOW_RISK,921,46,0.959,0,86.0,1,0
BUYER-07010,LOW_RISK,1331,32,0.969,0,91.9,1,0
BUYER-07011,LOW_RISK,453,80,0.966,0,82.3,1,0
BUYER-07012,LOW_RISK,730,36,0.967,0,95.3,1,0
BUYER-07013,LOW_RISK,1362,54,0.958,0,94.1,1,0
BUYER-07014,LOW_RISK,1325,76,0.99,0,97.8,1,0
BUYER-07015,LOW_RISK,1426,44,0.994,0,96.7,1,1
BUYER-07016,MEDIUM_RISK,676,3,0.835,0,65.2,1,0
BUYER-07017,LOW_RISK,1419,64,0.964,0,85.4,1,0
BUYER-07018,LOW_RISK,1410,22,0.992,0,89.5,1,0
BUYER-07019,LOW_RISK,852,15,0.963,0,84.0,1,0
BUYER-07020,LOW_RISK,1305,76,0.96,0,82.6,1,0
BUYER-07021,LOW_RISK,1392,53,0.964,0,90.8,1,0
BUYER-07022,LOW_RISK,1112,37,0.997,0,97.8,1,0
BUYER-07023,HIGH_RISK,327,12,0.676,1,38.4,0,0
BUYER-07024,LOW_RISK,1068,65,0.972,0,90.6,1,0
BUYER-07025,LOW_RISK,1366,43,0.973,0,88.5,1,0
BUYER-07026,LOW_RISK,398,68,0.985,0,95.7,1,0
BUYER-07027,LOW_RISK,225,65,0.979,0,83.4,1,0
BUYER-07028,REPEATED_HIGH_RISK,73,9,0.545,3,8.5,0,0
BUYER-07029,LOW_RISK,1733,37,0.99,0,86.2,1,0
BUYER-07030,LOW_RISK,1646,67,0.955,0,88.3,1,0
BUYER-07031,LOW_RISK,914,63,0.972,0,87.2,1,0
BUYER-07032,LOW_RISK,1516,53,0.954,0,93.6,1,0
BUYER-07033,LOW_RISK,1045,12,0.984,0,88.1,1,0
BUYER-07034,LOW_RISK,1536,47,0.963,0,96.2,1,0
BUYER-07035,LOW_RISK,1578,33,0.96,0,93.1,1,0
BUYER-07036,MEDIUM_RISK,406,22,0.924,1,78.6,1,0
BUYER-07037,LOW_RISK,1358,76,0.966,0,96.1,1,1
BUYER-07038,LOW_RISK,749,51,0.988,0,82.3,1,0
BUYER-07039,LOW_RISK,866,62,0.97,0,93.3,1,0
BUYER-07040,LOW_RISK,1799,39,0.974,0,87.0,1,0
BUYER-07041,LOW_RISK,457,43,0.995,0,94.7,1,0
BUYER-07042,LOW_RISK,1070,19,0.974,0,93.2,1,0
BUYER-07043,LOW_RISK,1383,31,0.995,0,94.8,1,0
BUYER-07044,LOW_RISK,434,48,0.998,0,95.5,1,0
BUYER-07045,MEDIUM_RISK,368,4,0.937,0,71.4,0,0
BUYER-07046,LOW_RISK,672,78,0.966,0,93.3,1,0
BUYER-07047,LOW_RISK,1184,64,0.987,0,94.1,1,0
BUYER-07048,LOW_RISK,796,75,1.0,0,83.1,1,0
BUYER-07049,LOW_RISK,1022,41,0.976,0,86.6,1,0
BUYER-07050,LOW_RISK,680,62,0.993,0,95.9,1,0
BUYER-07051,MEDIUM_RISK,424,9,0.845,0,63.4,1,0
BUYER-07052,LOW_RISK,218,20,0.951,0,83.3,1,0
BUYER-07053,MEDIUM_RISK,174,17,0.877,0,64.1,1,1
BUYER-07054,LOW_RISK,862,20,0.998,0,91.8,1,0
BUYER-07055,LOW_RISK,606,10,0.988,0,92.3,1,0
BUYER-07056,LOW_RISK,1211,57,0.957,0,95.9,1,0
BUYER-07057,LOW_RISK,1630,72,0.973,0,90.4,1,0
BUYER-07058,LOW_RISK,1734,70,0.952,0,85.5,1,0
BUYER-07059,MEDIUM_RISK,365,16,0.821,0,77.7,1,0
BUYER-07060,MEDIUM_RISK,462,9,0.836,0,71.3,1,0
BUYER-07061,HIGH_RISK,123,12,0.713,2,38.9,1,0
BUYER-07062,LOW_RISK,1779,58,0.987,0,93.5,1,0
BUYER-07063,LOW_RISK,656,23,0.977,0,92.8,1,0
BUYER-07064,LOW_RISK,488,35,0.961,0,89.0,1,0
BUYER-07065,LOW_RISK,1043,21,0.974,0,95.5,1,0
BUYER-07066,LOW_RISK,277,67,0.994,0,95.4,1,0
BUYER-07067,LOW_RISK,1094,48,0.964,0,87.7,1,0
BUYER-07068,LOW_RISK,1125,64,0.959,0,88.6,1,0
BUYER-07069,LOW_RISK,458,59,0.962,0,88.3,1,0
BUYER-07070,LOW_RISK,1282,50,0.985,0,90.2,1,0
BUYER-07071,LOW_RISK,1315,72,0.991,0,86.2,1,0
BUYER-07072,LOW_RISK,1195,57,0.981,0,92.9,1,0
BUYER-07073,LOW_RISK,1511,40,0.997,0,95.4,1,0
BUYER-07074,LOW_RISK,1639,52,0.957,0,87.7,1,0
BUYER-07075,LOW_RISK,569,67,0.987,0,94.6,1,0
BUYER-07076,LOW_RISK,236,40,0.974,0,89.5,1,0
BUYER-07077,LOW_RISK,1321,70,0.964,0,86.2,1,0
BUYER-07078,LOW_RISK,487,12,0.998,0,89.7,1,0
BUYER-07079,LOW_RISK,1136,55,0.954,0,91.5,1,0
BUYER-07080,LOW_RISK,898,35,0.965,0,83.2,1,0
BUYER-07081,LOW_RISK,1724,70,0.988,0,92.4,1,0
BUYER-07082,LOW_RISK,605,17,0.981,0,82.9,1,0
BUYER-07083,LOW_RISK,246,15,0.979,0,86.4,1,0
BUYER-07084,LOW_RISK,248,62,0.969,0,87.7,1,0
BUYER-07085,LOW_RISK,1216,29,0.962,0,86.6,1,0
BUYER-07086,LOW_RISK,719,53,0.962,0,97.7,1,0
BUYER-07087,LOW_RISK,863,64,0.968,0,87.5,1,0
BUYER-07088,LOW_RISK,549,35,0.993,0,84.1,1,0
BUYER-07089,LOW_RISK,1022,65,0.999,0,92.1,1,0
BUYER-07090,LOW_RISK,1554,11,0.993,0,82.6,1,1
BUYER-07091,LOW_RISK,1135,13,0.993,0,91.1,1,0
BUYER-07092,MEDIUM_RISK,110,5,0.808,0,60.9,1,0
BUYER-07093,LOW_RISK,810,56,0.991,0,83.2,1,0
BUYER-07094,LOW_RISK,1408,74,0.978,0,93.8,1,0
BUYER-07095,LOW_RISK,823,20,0.954,0,83.6,1,0
BUYER-07096,LOW_RISK,831,74,0.961,0,97.4,1,0
BUYER-07097,MEDIUM_RISK,313,15,0.86,0,62.5,1,1
BUYER-07098,LOW_RISK,807,70,0.972,0,96.8,1,1
BUYER-07099,LOW_RISK,1225,62,0.976,0,92.7,1,0
BUYER-07100,MEDIUM_RISK,317,17,0.903,0,64.9,1,0
BUYER-07101,LOW_RISK,1554,59,0.977,0,84.4,1,0
BUYER-07102,LOW_RISK,1437,12,0.987,0,93.4,1,0
BUYER-07103,HIGH_RISK,203,8,0.665,2,42.2,0,1
BUYER-07104,LOW_RISK,947,12,0.976,0,91.9,1,0
BUYER-07105,LOW_RISK,745,31,0.985,0,93.1,1,0
BUYER-07106,LOW_RISK,187,33,0.979,0,85.0,1,1
BUYER-07107,LOW_RISK,1045,46,0.993,0,87.0,1,0
BUYER-07108,LOW_RISK,1165,40,0.981,0,88.8,1,0
BUYER-07109,MEDIUM_RISK,189,5,0.835,0,63.5,1,1
BUYER-07110,LOW_RISK,622,21,0.977,0,88.0,1,0
BUYER-07111,LOW_RISK,811,72,0.965,0,95.9,1,0
BUYER-07112,MEDIUM_RISK,248,20,0.883,0,57.2,1,0
BUYER-07113,LOW_RISK,1109,74,0.967,0,86.2,1,0
BUYER-07114,LOW_RISK,792,48,0.991,0,82.0,1,0
BUYER-07115,LOW_RISK,850,43,0.964,0,82.3,1,0
BUYER-07116,MEDIUM_RISK,200,10,0.91,1,66.5,1,0
BUYER-07117,LOW_RISK,642,55,1.0,0,90.6,1,0
BUYER-07118,LOW_RISK,1711,62,0.971,0,96.8,1,0
BUYER-07119,LOW_RISK,1197,71,0.965,0,85.3,1,0
BUYER-07120,LOW_RISK,596,56,0.954,0,92.8,1,0
BUYER-07121,MEDIUM_RISK,38,7,0.85,0,64.0,1,0
BUYER-07122,LOW_RISK,727,63,0.989,0,90.6,1,1
BUYER-07123,LOW_RISK,340,54,0.961,0,92.0,1,0
BUYER-07124,MEDIUM_RISK,569,20,0.851,0,59.0,1,0
BUYER-07125,LOW_RISK,423,72,0.978,0,87.2,1,0
BUYER-07126,LOW_RISK,1455,17,0.99,0,90.4,1,0
BUYER-07127,LOW_RISK,1625,19,0.996,0,97.5,1,0
BUYER-07128,LOW_RISK,1314,58,0.967,0,94.9,1,0
BUYER-07129,LOW_RISK,406,58,0.973,0,94.1,1,0
BUYER-07130,HIGH_RISK,106,5,0.702,1,48.0,1,1
BUYER-07131,LOW_RISK,378,38,0.966,0,94.2,1,0
BUYER-07132,LOW_RISK,1351,21,0.977,0,93.5,1,0
BUYER-07133,LOW_RISK,264,17,1.0,0,97.4,1,0
BUYER-07134,LOW_RISK,313,43,0.993,0,85.0,1,0
BUYER-07135,LOW_RISK,440,32,0.966,0,84.5,1,0
BUYER-07136,LOW_RISK,1591,57,0.979,0,93.9,1,0
BUYER-07137,MEDIUM_RISK,277,4,0.918,0,72.7,1,1
BUYER-07138,LOW_RISK,388,32,0.953,0,87.0,1,0
BUYER-07139,LOW_RISK,1147,34,0.965,0,97.8,1,0
BUYER-07140,LOW_RISK,785,61,0.954,0,86.0,1,0
BUYER-07141,HIGH_RISK,185,12,0.668,2,35.3,0,0
BUYER-07142,LOW_RISK,290,18,0.966,0,82.6,1,0
BUYER-07143,LOW_RISK,300,49,0.965,0,89.2,1,0
BUYER-07144,LOW_RISK,1271,21,0.984,0,83.6,1,0
BUYER-07145,MEDIUM_RISK,78,22,0.94,0,72.8,1,0
BUYER-07146,LOW_RISK,918,80,0.965,0,94.3,1,0
BUYER-07147,LOW_RISK,834,68,0.97,0,95.4,1,0
BUYER-07148,LOW_RISK,1065,40,0.987,0,86.9,1,0
BUYER-07149,LOW_RISK,801,25,0.989,0,93.9,1,0
BUYER-07150,LOW_RISK,556,22,0.957,0,97.0,1,0
BUYER-07151,LOW_RISK,1404,44,0.967,0,82.9,1,0
BUYER-07152,LOW_RISK,808,20,0.997,0,96.7,1,0
BUYER-07153,HIGH_RISK,67,2,0.68,1,33.8,1,0
BUYER-07154,MEDIUM_RISK,421,23,0.853,0,69.8,1,0
BUYER-07155,LOW_RISK,215,17,0.995,0,96.2,1,0
BUYER-07156,MEDIUM_RISK,569,23,0.819,1,70.9,1,0
BUYER-07157,LOW_RISK,454,25,0.97,0,84.3,1,0
BUYER-07158,LOW_RISK,1211,26,0.958,0,83.3,1,0
BUYER-07159,LOW_RISK,1202,55,0.996,0,88.4,1,1
BUYER-07160,LOW_RISK,1511,58,0.992,0,91.1,1,0
BUYER-07161,LOW_RISK,961,28,0.952,0,85.1,1,0
BUYER-07162,LOW_RISK,734,73,0.979,0,96.9,1,0
BUYER-07163,LOW_RISK,356,10,0.951,0,91.1,1,0
BUYER-07164,LOW_RISK,464,55,0.975,0,94.2,1,0
BUYER-07165,LOW_RISK,1308,68,0.952,0,85.2,1,1
BUYER-07166,LOW_RISK,478,13,0.952,0,92.3,1,0
BUYER-07167,MEDIUM_RISK,504,11,0.878,0,69.8,1,0
BUYER-07168,LOW_RISK,1685,26,0.963,0,85.1,1,0
BUYER-07169,LOW_RISK,1128,25,0.957,0,87.6,1,0
BUYER-07170,LOW_RISK,784,52,0.959,0,93.5,1,0
BUYER-07171,LOW_RISK,271,52,0.984,0,90.2,1,0
BUYER-07172,MEDIUM_RISK,687,3,0.899,0,58.5,1,0
BUYER-07173,LOW_RISK,1473,76,0.97,0,94.9,1,0
BUYER-07174,LOW_RISK,269,46,0.978,0,84.8,1,0
BUYER-07175,LOW_RISK,552,43,0.951,0,94.5,1,0
BUYER-07176,LOW_RISK,795,71,0.963,0,97.3,1,0
BUYER-07177,REPEATED_HIGH_RISK,109,7,0.216,3,13.1,0,1
BUYER-07178,LOW_RISK,350,74,0.999,0,91.4,1,1
BUYER-07179,LOW_RISK,856,65,0.97,0,93.0,1,0
BUYER-07180,LOW_RISK,598,14,0.955,0,88.2,1,1
BUYER-07181,LOW_RISK,1464,55,0.972,0,84.2,1,0
BUYER-07182,LOW_RISK,1234,72,0.977,0,96.8,1,0
BUYER-07183,LOW_RISK,1086,58,0.967,0,93.2,1,0
BUYER-07184,LOW_RISK,1436,40,0.954,0,88.2,1,0
BUYER-07185,LOW_RISK,287,63,0.982,0,96.2,1,0
BUYER-07186,MEDIUM_RISK,171,21,0.803,0,57.1,1,0
BUYER-07187,LOW_RISK,380,34,0.978,0,82.1,1,0
BUYER-07188,LOW_RISK,752,71,0.992,0,86.4,1,0
BUYER-07189,LOW_RISK,1722,67,0.995,0,83.3,1,0
BUYER-07190,LOW_RISK,1362,11,0.961,0,82.3,1,0
BUYER-07191,LOW_RISK,854,25,0.988,0,93.7,1,0
BUYER-07192,LOW_RISK,1247,51,0.986,0,91.0,1,0
BUYER-07193,LOW_RISK,1650,47,0.965,0,91.4,1,0
BUYER-07194,LOW_RISK,1723,25,0.963,0,94.9,1,0
BUYER-07195,LOW_RISK,1677,16,0.998,0,85.7,1,0
BUYER-07196,LOW_RISK,1082,26,0.978,0,91.4,1,0
BUYER-07197,LOW_RISK,370,62,0.974,0,92.2,1,0
BUYER-07198,LOW_RISK,1335,52,0.986,0,84.0,1,0
BUYER-07199,MEDIUM_RISK,433,18,0.801,0,68.4,1,0
BUYER-07200,HIGH_RISK,276,14,0.698,2,45.8,1,1
BUYER-07201,LOW_RISK,1262,62,0.992,0,87.3,1,0
BUYER-07202,LOW_RISK,1590,29,0.98,0,84.7,1,0
BUYER-07203,LOW_RISK,1765,78,0.983,0,96.0,1,0
BUYER-07204,LOW_RISK,505,77,0.995,0,93.5,1,0
BUYER-07205,MEDIUM_RISK,31,6,0.874,0,58.7,1,0
BUYER-07206,LOW_RISK,944,36,0.952,0,96.4,1,0
BUYER-07207,LOW_RISK,1233,53,0.971,0,93.6,1,0
BUYER-07208,LOW_RISK,1575,64,0.974,0,88.6,1,0
BUYER-07209,LOW_RISK,1194,74,0.951,0,97.2,1,0
BUYER-07210,LOW_RISK,750,51,0.99,0,85.5,1,0
BUYER-07211,LOW_RISK,730,45,0.979,0,95.3,1,0
BUYER-07212,LOW_RISK,1152,52,0.957,0,85.7,1,1
BUYER-07213,LOW_RISK,1482,35,0.954,0,89.6,1,0
BUYER-07214,LOW_RISK,885,52,0.98,0,84.5,1,0
BUYER-07215,LOW_RISK,1210,72,0.964,0,93.3,1,0
BUYER-07216,LOW_RISK,746,21,0.998,0,83.0,1,0
BUYER-07217,LOW_RISK,1482,47,0.999,0,88.2,1,1
BUYER-07218,LOW_RISK,500,64,0.972,0,94.2,1,0
BUYER-07219,MEDIUM_RISK,697,6,0.911,0,69.9,0,0
BUYER-07220,MEDIUM_RISK,464,11,0.847,0,61.4,1,0
BUYER-07221,HIGH_RISK,223,7,0.75,1,33.2,0,0
BUYER-07222,LOW_RISK,913,65,0.966,0,83.8,1,0
BUYER-07223,LOW_RISK,1005,66,0.976,0,88.8,1,0
BUYER-07224,LOW_RISK,1659,11,0.996,0,82.8,1,1
BUYER-07225,MEDIUM_RISK,241,14,0.903,1,74.6,1,0
BUYER-07226,HIGH_RISK,46,15,0.621,1,45.3,0,0
BUYER-07227,MEDIUM_RISK,68,5,0.906,1,62.9,0,0
BUYER-07228,LOW_RISK,1153,29,0.959,0,86.5,1,0
BUYER-07229,HIGH_RISK,79,10,0.653,1,41.2,1,0
BUYER-07230,LOW_RISK,1705,37,0.965,0,92.6,1,0
BUYER-07231,LOW_RISK,522,71,0.969,0,90.9,1,0
BUYER-07232,LOW_RISK,1342,76,0.988,0,89.0,1,0
BUYER-07233,LOW_RISK,1601,16,0.998,0,94.9,1,0
BUYER-07234,LOW_RISK,1216,14,0.964,0,94.7,1,0
BUYER-07235,LOW_RISK,582,48,0.978,0,83.2,1,0
BUYER-07236,LOW_RISK,863,38,0.972,0,85.9,1,0
BUYER-07237,LOW_RISK,1259,61,0.97,0,93.9,1,0
BUYER-07238,MEDIUM_RISK,136,14,0.846,0,61.5,1,0
BUYER-07239,LOW_RISK,212,54,0.962,0,84.5,1,0
BUYER-07240,LOW_RISK,984,15,0.981,0,89.0,1,0
BUYER-07241,LOW_RISK,727,61,0.982,0,84.2,1,0
BUYER-07242,MEDIUM_RISK,169,4,0.888,0,73.0,0,0
BUYER-07243,LOW_RISK,989,48,0.981,0,83.0,1,0
BUYER-07244,LOW_RISK,1407,29,0.986,0,95.1,1,1
BUYER-07245,LOW_RISK,894,62,0.972,0,92.0,1,0
BUYER-07246,LOW_RISK,1578,29,0.99,0,87.8,1,0
BUYER-07247,LOW_RISK,267,31,0.999,0,96.1,1,0
BUYER-07248,MEDIUM_RISK,395,13,0.901,0,75.4,0,0
BUYER-07249,LOW_RISK,1509,37,0.978,0,95.8,1,0
BUYER-07250,LOW_RISK,1559,73,0.973,0,96.0,1,0
BUYER-07251,MEDIUM_RISK,592,7,0.813,1,58.8,1,1
BUYER-07252,MEDIUM_RISK,216,16,0.836,1,77.6,1,0
BUYER-07253,LOW_RISK,939,60,0.974,0,90.2,1,0
BUYER-07254,MEDIUM_RISK,325,15,0.8,1,68.5,1,0
BUYER-07255,LOW_RISK,1770,12,0.992,0,95.3,1,0
BUYER-07256,LOW_RISK,348,22,0.98,0,83.0,1,0
BUYER-07257,LOW_RISK,1169,57,0.969,0,84.5,1,0
BUYER-07258,LOW_RISK,1567,45,0.965,0,94.7,1,0
BUYER-07259,LOW_RISK,1417,31,0.967,0,92.8,1,0
BUYER-07260,LOW_RISK,1059,45,0.981,0,84.8,1,0
BUYER-07261,LOW_RISK,1735,41,0.976,0,92.3,1,0
BUYER-07262,LOW_RISK,1537,70,0.964,0,89.1,1,0
BUYER-07263,LOW_RISK,897,58,0.989,0,91.3,1,0
BUYER-07264,LOW_RISK,255,71,0.951,0,87.2,1,0
BUYER-07265,LOW_RISK,1665,43,0.982,0,93.3,1,0
BUYER-07266,LOW_RISK,1487,49,0.961,0,94.3,1,0
BUYER-07267,LOW_RISK,1279,70,0.983,0,83.6,1,0
BUYER-07268,LOW_RISK,1020,32,0.998,0,93.6,1,0
BUYER-07269,LOW_RISK,1372,44,0.988,0,95.7,1,0
BUYER-07270,LOW_RISK,290,72,0.97,0,97.2,1,0
BUYER-07271,LOW_RISK,673,48,0.993,0,87.5,1,0
BUYER-07272,HIGH_RISK,199,11,0.688,2,34.1,0,1
BUYER-07273,LOW_RISK,284,16,0.955,0,97.2,1,0
BUYER-07274,LOW_RISK,1497,42,0.973,0,95.7,1,0
BUYER-07275,LOW_RISK,1749,46,0.981,0,86.2,1,1
BUYER-07276,MEDIUM_RISK,103,24,0.837,0,67.9,0,0
BUYER-07277,LOW_RISK,453,32,0.968,0,87.8,1,0
BUYER-07278,LOW_RISK,1204,53,0.97,0,83.7,1,0
BUYER-07279,LOW_RISK,881,44,0.982,0,93.7,1,0
BUYER-07280,LOW_RISK,1179,49,0.955,0,90.5,1,0
BUYER-07281,LOW_RISK,1508,57,0.973,0,91.9,1,0
BUYER-07282,LOW_RISK,823,29,0.962,0,84.3,1,0
BUYER-07283,LOW_RISK,931,57,0.967,0,82.3,1,0
BUYER-07284,LOW_RISK,1767,54,0.974,0,91.6,1,0
BUYER-07285,LOW_RISK,1179,56,0.996,0,83.6,1,0
BUYER-07286,LOW_RISK,1017,61,0.952,0,94.6,1,0
BUYER-07287,LOW_RISK,1267,43,0.981,0,83.9,1,1
BUYER-07288,LOW_RISK,576,62,0.958,0,85.4,1,0
BUYER-07289,HIGH_RISK,350,14,0.783,1,37.1,1,0
BUYER-07290,MEDIUM_RISK,31,12,0.803,0,57.4,1,0
BUYER-07291,LOW_RISK,1000,66,0.982,0,83.5,1,0
BUYER-07292,LOW_RISK,1674,73,0.983,0,89.8,1,0
BUYER-07293,LOW_RISK,1600,41,0.999,0,84.0,1,0
BUYER-07294,LOW_RISK,895,50,0.979,0,97.9,1,0
BUYER-07295,LOW_RISK,1241,37,0.975,0,86.5,1,0
BUYER-07296,HIGH_RISK,221,2,0.623,1,32.4,1,1
BUYER-07297,LOW_RISK,1426,59,0.955,0,83.2,1,0
BUYER-07298,LOW_RISK,892,13,0.983,0,82.6,1,0
BUYER-07299,LOW_RISK,394,66,0.987,0,97.0,1,0
BUYER-07300,LOW_RISK,1122,44,0.979,0,89.8,1,0
BUYER-07301,LOW_RISK,1065,32,0.997,0,87.0,1,1
BUYER-07302,LOW_RISK,1572,22,0.97,0,93.3,1,1
BUYER-07303,LOW_RISK,404,56,0.979,0,94.5,1,0
BUYER-07304,MEDIUM_RISK,592,21,0.859,0,64.6,1,0
BUYER-07305,LOW_RISK,691,55,1.0,0,94.6,1,1
BUYER-07306,MEDIUM_RISK,528,10,0.852,0,71.2,1,0
BUYER-07307,MEDIUM_RISK,394,25,0.874,0,64.8,0,0
BUYER-07308,LOW_RISK,1181,17,0.973,0,84.1,1,0
BUYER-07309,LOW_RISK,1282,37,0.964,0,83.4,1,0
BUYER-07310,LOW_RISK,617,39,0.99,0,95.1,1,0
BUYER-07311,HIGH_RISK,114,11,0.601,2,36.6,0,1
BUYER-07312,LOW_RISK,276,69,0.996,0,87.0,1,0
BUYER-07313,LOW_RISK,1188,49,0.999,0,85.6,1,0
BUYER-07314,LOW_RISK,1009,38,0.966,0,93.4,1,0
BUYER-07315,LOW_RISK,1669,62,0.972,0,95.1,1,0
BUYER-07316,REPEATED_HIGH_RISK,23,6,0.398,3,11.9,0,1
BUYER-07317,LOW_RISK,1752,11,0.983,0,96.6,1,0
BUYER-07318,LOW_RISK,1559,39,0.99,0,94.4,1,0
BUYER-07319,LOW_RISK,1074,56,0.978,0,84.5,1,0
BUYER-07320,HIGH_RISK,27,10,0.633,2,46.4,0,0
BUYER-07321,LOW_RISK,551,63,0.962,0,93.7,1,0
BUYER-07322,LOW_RISK,1390,43,0.985,0,94.8,1,1
BUYER-07323,LOW_RISK,469,74,0.993,0,90.4,1,0
BUYER-07324,LOW_RISK,1058,23,0.954,0,84.0,1,0
BUYER-07325,LOW_RISK,443,35,0.99,0,84.7,1,0
BUYER-07326,LOW_RISK,720,31,0.966,0,84.5,1,0
BUYER-07327,LOW_RISK,953,20,0.996,0,91.4,1,0
BUYER-07328,LOW_RISK,1797,79,0.978,0,97.7,1,0
BUYER-07329,LOW_RISK,862,49,0.97,0,94.1,1,0
BUYER-07330,LOW_RISK,832,67,0.998,0,92.1,1,0
BUYER-07331,LOW_RISK,738,58,0.996,0,93.2,1,0
BUYER-07332,MEDIUM_RISK,215,14,0.896,0,62.6,1,0
BUYER-07333,HIGH_RISK,161,3,0.621,1,33.7,1,0
BUYER-07334,LOW_RISK,1762,78,0.983,0,94.2,1,0
BUYER-07335,LOW_RISK,1605,53,0.954,0,88.1,1,0
BUYER-07336,LOW_RISK,1101,34,0.976,0,82.3,1,0
BUYER-07337,LOW_RISK,872,28,0.953,0,90.8,1,0
BUYER-07338,LOW_RISK,1507,79,0.955,0,91.5,1,0
BUYER-07339,LOW_RISK,1090,64,0.976,0,94.5,1,1
BUYER-07340,LOW_RISK,1279,45,0.993,0,97.0,1,1
BUYER-07341,HIGH_RISK,148,8,0.727,1,34.8,0,0
BUYER-07342,LOW_RISK,332,43,0.983,0,85.9,1,0
BUYER-07343,LOW_RISK,677,51,0.963,0,83.0,1,0
BUYER-07344,LOW_RISK,379,24,0.959,0,84.7,1,0
BUYER-07345,LOW_RISK,604,59,0.951,0,82.0,1,0
BUYER-07346,LOW_RISK,1166,60,0.996,0,89.5,1,0
BUYER-07347,LOW_RISK,1168,15,0.987,0,82.2,1,0
BUYER-07348,LOW_RISK,1043,71,0.972,0,97.5,1,0
BUYER-07349,LOW_RISK,665,69,0.969,0,93.8,1,0
BUYER-07350,HIGH_RISK,206,2,0.692,1,43.1,1,1
BUYER-07351,LOW_RISK,1591,18,0.982,0,85.0,1,0
BUYER-07352,LOW_RISK,372,73,0.957,0,86.5,1,1
BUYER-07353,LOW_RISK,1252,76,0.97,0,82.8,1,0
BUYER-07354,LOW_RISK,793,23,0.975,0,95.0,1,0
BUYER-07355,LOW_RISK,635,15,0.961,0,95.2,1,0
BUYER-07356,LOW_RISK,511,59,0.992,0,92.5,1,0
BUYER-07357,REPEATED_HIGH_RISK,109,6,0.434,6,14.0,1,1
BUYER-07358,HIGH_RISK,316,11,0.616,1,32.6,1,1
BUYER-07359,LOW_RISK,1650,39,0.98,0,82.3,1,0
BUYER-07360,MEDIUM_RISK,286,21,0.805,0,68.5,1,0
BUYER-07361,LOW_RISK,1633,72,0.982,0,85.7,1,0
BUYER-07362,LOW_RISK,447,53,0.991,0,98.0,1,0
BUYER-07363,LOW_RISK,1624,67,0.984,0,84.0,1,0
BUYER-07364,MEDIUM_RISK,100,14,0.878,0,57.4,1,0
BUYER-07365,LOW_RISK,993,79,0.957,0,88.3,1,0
BUYER-07366,LOW_RISK,202,69,0.964,0,83.9,1,0
BUYER-07367,LOW_RISK,860,41,0.953,0,86.0,1,0
BUYER-07368,LOW_RISK,995,27,0.989,0,87.5,1,0
BUYER-07369,LOW_RISK,531,61,0.99,0,84.2,1,0
BUYER-07370,MEDIUM_RISK,145,16,0.88,0,77.3,1,0
BUYER-07371,LOW_RISK,231,80,0.985,0,89.3,1,1
BUYER-07372,LOW_RISK,745,75,0.951,0,95.8,1,0
BUYER-07373,LOW_RISK,1415,39,0.96,0,97.9,1,1
BUYER-07374,LOW_RISK,1296,39,0.988,0,95.2,1,0
BUYER-07375,LOW_RISK,573,20,0.95,0,87.8,1,0
BUYER-07376,LOW_RISK,670,51,0.993,0,89.7,1,0
BUYER-07377,LOW_RISK,872,42,0.969,0,85.5,1,0
BUYER-07378,LOW_RISK,1593,54,0.956,0,96.0,1,0
BUYER-07379,LOW_RISK,1684,20,0.965,0,96.5,1,0
BUYER-07380,LOW_RISK,1747,21,0.958,0,90.7,1,0
BUYER-07381,LOW_RISK,567,21,0.979,0,87.9,1,0
BUYER-07382,LOW_RISK,1480,71,0.978,0,82.2,1,0
BUYER-07383,REPEATED_HIGH_RISK,63,7,0.507,6,10.0,1,1
BUYER-07384,LOW_RISK,1189,20,0.993,0,93.2,1,0
BUYER-07385,LOW_RISK,573,14,0.967,0,90.0,1,1
BUYER-07386,LOW_RISK,296,48,0.954,0,86.1,1,0
BUYER-07387,LOW_RISK,1610,58,0.95,0,83.5,1,0
BUYER-07388,HIGH_RISK,215,6,0.703,1,35.9,0,0
BUYER-07389,LOW_RISK,1479,51,0.96,0,89.2,1,0
BUYER-07390,LOW_RISK,1324,43,0.956,0,90.9,1,0
BUYER-07391,LOW_RISK,1744,61,0.973,0,95.9,1,0
BUYER-07392,LOW_RISK,1072,17,0.95,0,86.5,1,0
BUYER-07393,LOW_RISK,815,51,0.997,0,92.5,1,0
BUYER-07394,LOW_RISK,1643,68,0.984,0,92.7,1,0
BUYER-07395,LOW_RISK,657,20,0.982,0,89.6,1,1
BUYER-07396,LOW_RISK,664,15,0.961,0,84.8,1,0
BUYER-07397,LOW_RISK,1368,63,0.987,0,93.6,1,1
BUYER-07398,MEDIUM_RISK,492,13,0.928,1,78.6,1,0
BUYER-07399,LOW_RISK,720,53,0.956,0,82.0,1,0
BUYER-07400,LOW_RISK,1291,45,0.995,0,95.7,1,0
BUYER-07401,LOW_RISK,1381,48,0.985,0,97.7,1,0
BUYER-07402,LOW_RISK,1665,37,0.992,0,90.7,1,0
BUYER-07403,LOW_RISK,885,59,0.951,0,87.5,1,0
BUYER-07404,LOW_RISK,772,30,0.974,0,89.3,1,0
BUYER-07405,LOW_RISK,1776,56,0.991,0,93.5,1,0
BUYER-07406,LOW_RISK,792,71,0.971,0,83.9,1,0
BUYER-07407,LOW_RISK,400,16,0.974,0,97.9,1,0
BUYER-07408,HIGH_RISK,257,8,0.658,2,39.6,1,0
BUYER-07409,LOW_RISK,773,54,0.971,0,89.4,1,0
BUYER-07410,LOW_RISK,1228,68,0.958,0,88.2,1,0
BUYER-07411,LOW_RISK,1360,36,0.965,0,87.4,1,0
BUYER-07412,LOW_RISK,1573,13,0.988,0,91.3,1,0
BUYER-07413,LOW_RISK,1426,74,0.963,0,93.0,1,0
BUYER-07414,MEDIUM_RISK,571,14,0.904,0,55.3,1,0
BUYER-07415,LOW_RISK,1068,58,0.986,0,93.7,1,0
BUYER-07416,LOW_RISK,552,62,0.953,0,90.3,1,1
BUYER-07417,LOW_RISK,1019,80,0.974,0,92.0,1,0
BUYER-07418,LOW_RISK,1086,66,0.995,0,89.0,1,0
BUYER-07419,LOW_RISK,947,69,0.952,0,92.5,1,0
BUYER-07420,LOW_RISK,1346,62,0.957,0,85.6,1,0
BUYER-07421,LOW_RISK,1139,33,0.994,0,94.9,1,0
BUYER-07422,LOW_RISK,1089,18,0.984,0,83.4,1,0
BUYER-07423,LOW_RISK,1076,40,0.999,0,84.0,1,0
BUYER-07424,LOW_RISK,1314,63,0.959,0,92.6,1,0
BUYER-07425,LOW_RISK,246,62,0.977,0,96.4,1,0
BUYER-07426,LOW_RISK,523,46,0.96,0,85.7,1,0
BUYER-07427,LOW_RISK,1581,40,0.953,0,84.3,1,0
BUYER-07428,LOW_RISK,1443,39,0.963,0,88.1,1,0
BUYER-07429,LOW_RISK,1792,61,0.991,0,96.2,1,0
BUYER-07430,LOW_RISK,953,43,0.985,0,92.9,1,0
BUYER-07431,LOW_RISK,184,61,0.981,0,92.5,1,0
BUYER-07432,LOW_RISK,570,53,0.972,0,96.1,1,0
BUYER-07433,LOW_RISK,841,27,0.98,0,83.4,1,0
BUYER-07434,LOW_RISK,1215,53,0.962,0,93.4,1,0
BUYER-07435,LOW_RISK,279,14,0.989,0,95.8,1,0
BUYER-07436,MEDIUM_RISK,301,11,0.874,0,74.9,1,1
BUYER-07437,LOW_RISK,868,46,0.977,0,94.5,1,0
BUYER-07438,LOW_RISK,877,41,0.955,0,97.4,1,0
BUYER-07439,LOW_RISK,1473,76,0.989,0,86.1,1,0
BUYER-07440,LOW_RISK,921,54,0.998,0,96.5,1,0
BUYER-07441,LOW_RISK,1264,10,0.966,0,97.6,1,0
BUYER-07442,LOW_RISK,1020,48,0.999,0,87.8,1,0
BUYER-07443,LOW_RISK,241,71,0.978,0,97.5,1,1
BUYER-07444,LOW_RISK,1048,80,0.977,0,97.4,1,0
BUYER-07445,LOW_RISK,1294,60,0.951,0,84.9,1,0
BUYER-07446,LOW_RISK,648,26,0.958,0,86.0,1,0
BUYER-07447,LOW_RISK,333,71,0.952,0,96.4,1,0
BUYER-07448,LOW_RISK,1452,51,0.978,0,97.4,1,0
BUYER-07449,LOW_RISK,607,26,0.977,0,89.6,1,0
BUYER-07450,LOW_RISK,1254,71,0.958,0,96.2,1,0
BUYER-07451,LOW_RISK,1197,35,0.991,0,93.2,1,0
BUYER-07452,LOW_RISK,695,30,0.99,0,91.1,1,0
BUYER-07453,LOW_RISK,1017,32,0.979,0,83.8,1,0
BUYER-07454,LOW_RISK,1545,60,0.965,0,83.8,1,0
BUYER-07455,MEDIUM_RISK,38,10,0.827,0,59.4,0,0
BUYER-07456,REPEATED_HIGH_RISK,149,10,0.203,3,8.4,1,0
BUYER-07457,LOW_RISK,340,15,0.959,0,89.8,1,0
BUYER-07458,LOW_RISK,873,20,0.958,0,82.3,1,0
BUYER-07459,LOW_RISK,1574,30,0.987,0,92.5,1,1
BUYER-07460,LOW_RISK,187,20,0.986,0,89.8,1,0
BUYER-07461,LOW_RISK,789,56,0.997,0,83.1,1,0
BUYER-07462,LOW_RISK,744,77,0.975,0,84.2,1,0
BUYER-07463,MEDIUM_RISK,99,4,0.922,0,61.5,1,0
BUYER-07464,LOW_RISK,1030,26,0.994,0,87.1,1,1
BUYER-07465,LOW_RISK,1694,12,0.989,0,87.7,1,1
BUYER-07466,LOW_RISK,1010,67,0.963,0,84.7,1,0
BUYER-07467,MEDIUM_RISK,82,10,0.921,1,64.6,1,0
BUYER-07468,LOW_RISK,1165,78,0.995,0,87.5,1,1
BUYER-07469,LOW_RISK,1685,79,0.997,0,94.9,1,0
BUYER-07470,LOW_RISK,593,11,0.979,0,88.0,1,0
BUYER-07471,LOW_RISK,1190,28,0.995,0,93.0,1,0
BUYER-07472,LOW_RISK,622,60,0.977,0,92.3,1,0
BUYER-07473,MEDIUM_RISK,466,4,0.911,0,75.7,1,1
BUYER-07474,LOW_RISK,867,67,0.999,0,84.5,1,0
BUYER-07475,LOW_RISK,455,61,0.974,0,86.3,1,0
BUYER-07476,LOW_RISK,1539,78,0.967,0,93.3,1,0
BUYER-07477,LOW_RISK,1451,68,0.95,0,87.8,1,0
BUYER-07478,LOW_RISK,1659,23,0.978,0,89.9,1,0
BUYER-07479,MEDIUM_RISK,524,24,0.819,0,69.8,1,0
BUYER-07480,LOW_RISK,897,19,0.979,0,82.7,1,0
BUYER-07481,LOW_RISK,1331,29,0.977,0,93.5,1,0
BUYER-07482,LOW_RISK,438,40,0.961,0,84.4,1,0
BUYER-07483,LOW_RISK,1337,67,0.992,0,95.3,1,0
BUYER-07484,LOW_RISK,1358,35,0.988,0,91.4,1,0
BUYER-07485,LOW_RISK,1215,30,0.98,0,83.7,1,0
BUYER-07486,LOW_RISK,1276,57,0.996,0,95.0,1,0
BUYER-07487,LOW_RISK,338,64,0.992,0,94.8,1,0
BUYER-07488,HIGH_RISK,345,9,0.616,1,42.2,0,0
BUYER-07489,LOW_RISK,219,69,0.967,0,97.0,1,0
BUYER-07490,LOW_RISK,799,24,1.0,0,97.4,1,0
BUYER-07491,LOW_RISK,555,48,0.978,0,89.5,1,0
BUYER-07492,LOW_RISK,667,62,0.958,0,84.1,1,0
BUYER-07493,LOW_RISK,1411,20,0.976,0,90.7,1,0
BUYER-07494,LOW_RISK,1599,18,0.959,0,92.5,1,1
BUYER-07495,MEDIUM_RISK,511,17,0.833,0,77.2,1,0
BUYER-07496,LOW_RISK,1069,69,0.974,0,96.1,1,0
BUYER-07497,LOW_RISK,708,48,0.96,0,86.9,1,0
BUYER-07498,MEDIUM_RISK,674,13,0.92,1,69.9,1,1
BUYER-07499,LOW_RISK,1127,76,0.975,0,91.7,1,0
BUYER-07500,LOW_RISK,950,56,0.974,0,87.4,1,0
BUYER-07501,LOW_RISK,1011,49,0.961,0,90.3,1,0
BUYER-07502,MEDIUM_RISK,693,4,0.917,0,69.7,1,0
BUYER-07503,LOW_RISK,1350,16,0.988,0,85.6,1,0
BUYER-07504,LOW_RISK,1273,12,0.982,0,84.0,1,0
BUYER-07505,LOW_RISK,1144,63,0.998,0,92.0,1,0
BUYER-07506,HIGH_RISK,40,11,0.655,2,42.2,0,0
BUYER-07507,LOW_RISK,1038,55,0.974,0,89.6,1,0
BUYER-07508,LOW_RISK,441,46,0.994,0,88.5,1,0
BUYER-07509,LOW_RISK,1602,27,0.956,0,86.2,1,1
BUYER-07510,MEDIUM_RISK,187,4,0.831,1,73.8,1,0
BUYER-07511,MEDIUM_RISK,266,4,0.883,0,57.0,1,0
BUYER-07512,REPEATED_HIGH_RISK,75,2,0.547,5,11.0,0,1
BUYER-07513,LOW_RISK,675,23,0.997,0,83.8,1,0
BUYER-07514,LOW_RISK,1122,33,0.991,0,88.3,1,0
BUYER-07515,LOW_RISK,314,43,0.975,0,95.9,1,0
BUYER-07516,MEDIUM_RISK,461,21,0.936,0,55.3,1,0
BUYER-07517,LOW_RISK,203,18,0.976,0,84.0,1,0
BUYER-07518,LOW_RISK,1430,38,0.961,0,87.3,1,0
BUYER-07519,LOW_RISK,1260,44,0.972,0,86.9,1,0
BUYER-07520,LOW_RISK,503,78,0.982,0,95.3,1,0
BUYER-07521,LOW_RISK,1739,51,0.981,0,93.0,1,0
BUYER-07522,LOW_RISK,1600,71,0.989,0,94.8,1,0
BUYER-07523,LOW_RISK,348,55,0.962,0,91.5,1,0
BUYER-07524,LOW_RISK,1797,31,0.958,0,94.3,1,0
BUYER-07525,LOW_RISK,514,48,0.973,0,94.5,1,0
BUYER-07526,LOW_RISK,1004,51,0.951,0,93.5,1,1
BUYER-07527,LOW_RISK,473,12,0.979,0,93.3,1,0
BUYER-07528,LOW_RISK,1482,17,0.972,0,95.5,1,0
BUYER-07529,LOW_RISK,1012,18,0.993,0,92.3,1,0
BUYER-07530,LOW_RISK,796,28,0.973,0,89.8,1,0
BUYER-07531,LOW_RISK,1690,51,0.966,0,92.5,1,0
BUYER-07532,LOW_RISK,287,46,0.959,0,86.0,1,0
BUYER-07533,LOW_RISK,1000,73,0.98,0,93.6,1,0
BUYER-07534,LOW_RISK,1715,17,0.987,0,89.1,1,0
BUYER-07535,MEDIUM_RISK,402,11,0.932,1,60.4,1,1
BUYER-07536,LOW_RISK,582,49,0.998,0,92.9,1,0
BUYER-07537,LOW_RISK,999,12,0.964,0,95.7,1,0
BUYER-07538,LOW_RISK,1694,33,0.99,0,93.0,1,0
BUYER-07539,LOW_RISK,537,75,0.973,0,93.1,1,0
BUYER-07540,LOW_RISK,864,68,0.96,0,95.2,1,0
BUYER-07541,LOW_RISK,1226,22,0.995,0,85.9,1,0
BUYER-07542,LOW_RISK,1165,39,0.964,0,86.0,1,0
BUYER-07543,LOW_RISK,1571,36,0.953,0,97.8,1,0
BUYER-07544,REPEATED_HIGH_RISK,115,6,0.239,4,11.1,1,1
BUYER-07545,LOW_RISK,1732,70,0.997,0,82.3,1,0
BUYER-07546,LOW_RISK,1347,78,0.969,0,93.4,1,0
BUYER-07547,LOW_RISK,1119,30,0.953,0,85.7,1,0
BUYER-07548,LOW_RISK,271,51,0.996,0,88.4,1,0
BUYER-07549,MEDIUM_RISK,158,10,0.915,0,62.8,1,0
BUYER-07550,LOW_RISK,238,72,0.985,0,87.9,1,0
BUYER-07551,HIGH_RISK,197,7,0.702,2,40.5,1,0
BUYER-07552,LOW_RISK,1383,44,0.982,0,93.2,1,0
BUYER-07553,LOW_RISK,739,29,0.958,0,92.4,1,0
BUYER-07554,LOW_RISK,1587,48,0.997,0,88.3,1,0
BUYER-07555,LOW_RISK,325,20,0.98,0,84.5,1,0
BUYER-07556,LOW_RISK,942,21,0.957,0,85.7,1,0
BUYER-07557,LOW_RISK,252,72,0.989,0,83.2,1,0
BUYER-07558,LOW_RISK,366,41,0.991,0,93.7,1,0
BUYER-07559,LOW_RISK,887,12,0.967,0,93.9,1,0
BUYER-07560,LOW_RISK,1673,49,0.981,0,86.1,1,0
BUYER-07561,LOW_RISK,1740,18,0.981,0,96.0,1,0
BUYER-07562,LOW_RISK,405,52,0.985,0,95.7,1,0
BUYER-07563,LOW_RISK,823,55,0.975,0,83.9,1,0
BUYER-07564,LOW_RISK,983,65,0.99,0,84.8,1,0
BUYER-07565,LOW_RISK,1234,26,0.999,0,88.6,1,0
BUYER-07566,MEDIUM_RISK,47,16,0.817,0,64.9,1,0
BUYER-07567,MEDIUM_RISK,106,24,0.894,0,67.9,1,0
BUYER-07568,LOW_RISK,926,65,0.962,0,84.1,1,0
BUYER-07569,MEDIUM_RISK,30,17,0.861,1,56.8,1,1
BUYER-07570,LOW_RISK,265,47,0.958,0,87.0,1,1
BUYER-07571,LOW_RISK,1331,59,0.975,0,87.7,1,1
BUYER-07572,LOW_RISK,1515,63,0.98,0,89.4,1,0
BUYER-07573,LOW_RISK,338,49,0.959,0,85.5,1,0
BUYER-07574,LOW_RISK,1045,13,0.996,0,90.1,1,1
BUYER-07575,LOW_RISK,1706,14,0.955,0,83.3,1,0
BUYER-07576,LOW_RISK,762,63,0.987,0,95.6,1,0
BUYER-07577,LOW_RISK,1680,37,0.98,0,89.8,1,0
BUYER-07578,LOW_RISK,1231,77,0.975,0,83.6,1,1
BUYER-07579,MEDIUM_RISK,638,9,0.805,1,74.2,1,0
BUYER-07580,LOW_RISK,980,24,0.969,0,85.9,1,0
BUYER-07581,LOW_RISK,1251,24,0.97,0,90.1,1,1
BUYER-07582,LOW_RISK,1629,78,0.987,0,83.4,1,0
BUYER-07583,LOW_RISK,1582,55,0.997,0,96.9,1,0
BUYER-07584,LOW_RISK,273,54,0.981,0,92.6,1,0
BUYER-07585,LOW_RISK,961,52,1.0,0,94.1,1,0
BUYER-07586,LOW_RISK,1278,30,0.969,0,84.8,1,0
BUYER-07587,LOW_RISK,250,11,0.974,0,84.5,1,0
BUYER-07588,LOW_RISK,1179,30,0.991,0,93.6,1,0
BUYER-07589,LOW_RISK,1314,24,0.984,0,97.1,1,0
BUYER-07590,LOW_RISK,774,67,0.958,0,85.1,1,0
BUYER-07591,LOW_RISK,611,55,0.971,0,82.3,1,0
BUYER-07592,MEDIUM_RISK,558,10,0.902,0,72.1,0,0
BUYER-07593,LOW_RISK,238,78,0.961,0,94.3,1,0
BUYER-07594,MEDIUM_RISK,648,17,0.933,0,67.5,1,1
BUYER-07595,LOW_RISK,1405,57,0.955,0,86.1,1,0
BUYER-07596,REPEATED_HIGH_RISK,79,10,0.278,6,25.8,1,1
BUYER-07597,LOW_RISK,712,59,0.974,0,91.0,1,0
BUYER-07598,LOW_RISK,1070,58,0.976,0,93.6,1,0
BUYER-07599,REPEATED_HIGH_RISK,122,7,0.226,5,23.3,0,1
BUYER-07600,LOW_RISK,386,20,0.971,0,87.7,1,1
BUYER-07601,LOW_RISK,273,54,0.983,0,94.7,1,0
BUYER-07602,LOW_RISK,1003,36,1.0,0,86.0,1,1
BUYER-07603,LOW_RISK,1717,21,0.975,0,96.7,1,0
BUYER-07604,MEDIUM_RISK,479,9,0.882,0,58.5,1,0
BUYER-07605,LOW_RISK,1654,14,0.957,0,90.5,1,0
BUYER-07606,LOW_RISK,888,64,0.967,0,94.7,1,0
BUYER-07607,LOW_RISK,671,70,0.985,0,89.7,1,0
BUYER-07608,LOW_RISK,675,12,0.984,0,83.6,1,0
BUYER-07609,LOW_RISK,1194,71,0.955,0,94.5,1,0
BUYER-07610,LOW_RISK,1031,23,0.969,0,90.8,1,0
BUYER-07611,LOW_RISK,1558,29,0.951,0,83.7,1,1
BUYER-07612,LOW_RISK,717,17,0.957,0,88.0,1,0
BUYER-07613,MEDIUM_RISK,327,13,0.845,0,70.8,1,0
BUYER-07614,LOW_RISK,880,47,0.979,0,82.5,1,0
BUYER-07615,LOW_RISK,1704,14,0.983,0,91.4,1,0
BUYER-07616,LOW_RISK,1307,36,0.978,0,89.9,1,0
BUYER-07617,LOW_RISK,1472,68,0.962,0,90.2,1,0
BUYER-07618,LOW_RISK,456,49,0.969,0,88.3,1,0
BUYER-07619,HIGH_RISK,21,5,0.752,2,45.1,1,0
BUYER-07620,LOW_RISK,689,77,0.961,0,92.7,1,0
BUYER-07621,MEDIUM_RISK,58,3,0.881,0,62.0,0,0
BUYER-07622,LOW_RISK,820,30,0.981,0,91.9,1,0
BUYER-07623,LOW_RISK,642,12,0.975,0,97.6,1,0
BUYER-07624,LOW_RISK,749,23,0.972,0,91.1,1,0
BUYER-07625,LOW_RISK,1498,62,0.966,0,86.3,1,0
BUYER-07626,LOW_RISK,1725,59,0.958,0,91.9,1,0
BUYER-07627,MEDIUM_RISK,229,14,0.814,0,69.5,0,0
BUYER-07628,LOW_RISK,953,30,0.957,0,84.5,1,0
BUYER-07629,MEDIUM_RISK,365,23,0.857,0,55.1,1,0
BUYER-07630,LOW_RISK,440,41,0.952,0,85.6,1,0
BUYER-07631,LOW_RISK,767,14,0.969,0,93.9,1,0
BUYER-07632,LOW_RISK,1104,23,0.959,0,83.3,1,0
BUYER-07633,LOW_RISK,935,76,0.978,0,82.7,1,0
BUYER-07634,REPEATED_HIGH_RISK,74,3,0.551,4,23.4,0,0
BUYER-07635,LOW_RISK,1218,11,0.967,0,88.6,1,0
BUYER-07636,LOW_RISK,1063,15,0.985,0,94.8,1,0
BUYER-07637,LOW_RISK,548,37,0.979,0,89.8,1,0
BUYER-07638,LOW_RISK,1313,47,0.989,0,89.8,1,0
BUYER-07639,LOW_RISK,1437,14,0.979,0,88.1,1,0
BUYER-07640,LOW_RISK,576,63,0.954,0,84.2,1,0
BUYER-07641,LOW_RISK,980,51,0.991,0,95.0,1,0
BUYER-07642,LOW_RISK,757,48,0.965,0,82.2,1,0
BUYER-07643,LOW_RISK,507,43,0.985,0,84.4,1,0
BUYER-07644,LOW_RISK,1279,79,0.992,0,85.1,1,0
BUYER-07645,LOW_RISK,324,41,0.993,0,85.8,1,0
BUYER-07646,LOW_RISK,337,48,0.968,0,85.6,1,0
BUYER-07647,LOW_RISK,330,24,0.996,0,82.5,1,0
BUYER-07648,LOW_RISK,492,58,0.984,0,92.1,1,0
BUYER-07649,LOW_RISK,429,43,0.989,0,91.7,1,0
BUYER-07650,LOW_RISK,689,62,0.95,0,83.4,1,1
BUYER-07651,LOW_RISK,720,68,0.997,0,94.6,1,0
BUYER-07652,LOW_RISK,1206,25,0.992,0,95.0,1,0
BUYER-07653,LOW_RISK,1440,26,0.987,0,95.6,1,0
BUYER-07654,LOW_RISK,954,28,0.994,0,93.6,1,1
BUYER-07655,LOW_RISK,1018,80,0.983,0,85.4,1,0
BUYER-07656,LOW_RISK,309,15,0.961,0,83.3,1,0
BUYER-07657,LOW_RISK,370,35,0.988,0,90.3,1,0
BUYER-07658,LOW_RISK,407,23,0.966,0,97.2,1,0
BUYER-07659,LOW_RISK,880,20,0.985,0,85.7,1,0
BUYER-07660,LOW_RISK,824,24,0.972,0,91.4,1,0
BUYER-07661,LOW_RISK,184,49,0.966,0,82.6,1,0
BUYER-07662,LOW_RISK,919,63,0.95,0,93.9,1,0
BUYER-07663,LOW_RISK,277,59,0.973,0,86.7,1,0
BUYER-07664,LOW_RISK,1210,68,0.976,0,83.1,1,0
BUYER-07665,LOW_RISK,585,23,0.963,0,94.9,1,0
BUYER-07666,LOW_RISK,1742,59,0.964,0,89.6,1,0
BUYER-07667,LOW_RISK,1745,29,0.973,0,92.6,1,0
BUYER-07668,LOW_RISK,1147,44,0.99,0,89.3,1,0
BUYER-07669,MEDIUM_RISK,304,3,0.831,0,75.6,1,1
BUYER-07670,LOW_RISK,1101,43,0.963,0,92.0,1,0
BUYER-07671,LOW_RISK,1436,77,0.972,0,91.7,1,0
BUYER-07672,LOW_RISK,650,41,0.98,0,93.3,1,0
BUYER-07673,MEDIUM_RISK,432,22,0.84,1,59.5,1,1
BUYER-07674,LOW_RISK,1470,61,0.998,0,83.1,1,0
BUYER-07675,LOW_RISK,969,12,0.961,0,88.8,1,0
BUYER-07676,LOW_RISK,1103,54,0.962,0,83.0,1,0
BUYER-07677,LOW_RISK,1502,15,0.967,0,96.8,1,0
BUYER-07678,HIGH_RISK,218,5,0.617,2,46.2,0,0
BUYER-07679,LOW_RISK,346,13,1.0,0,91.6,1,1
BUYER-07680,LOW_RISK,1498,52,0.965,0,94.6,1,0
BUYER-07681,MEDIUM_RISK,199,13,0.832,0,55.9,1,0
BUYER-07682,LOW_RISK,771,12,0.953,0,89.1,1,0
BUYER-07683,LOW_RISK,1247,61,0.973,0,86.8,1,0
BUYER-07684,LOW_RISK,1329,58,0.989,0,92.2,1,0
BUYER-07685,LOW_RISK,1242,44,0.975,0,90.3,1,0
BUYER-07686,LOW_RISK,1137,11,0.995,0,85.9,1,0
BUYER-07687,LOW_RISK,398,13,0.999,0,96.7,1,0
BUYER-07688,LOW_RISK,1113,69,0.95,0,83.1,1,0
BUYER-07689,LOW_RISK,1175,38,0.983,0,87.0,1,0
BUYER-07690,MEDIUM_RISK,347,22,0.828,0,59.8,1,0
BUYER-07691,LOW_RISK,255,66,0.976,0,83.8,1,0
BUYER-07692,MEDIUM_RISK,105,17,0.815,1,71.9,1,0
BUYER-07693,LOW_RISK,1046,16,1.0,0,86.4,1,1
BUYER-07694,LOW_RISK,228,31,0.996,0,86.3,1,0
BUYER-07695,MEDIUM_RISK,330,5,0.932,0,74.4,0,1
BUYER-07696,LOW_RISK,864,64,0.972,0,85.6,1,0
BUYER-07697,LOW_RISK,657,76,0.965,0,91.0,1,0
BUYER-07698,LOW_RISK,1013,53,0.969,0,84.6,1,1
BUYER-07699,LOW_RISK,1342,23,0.974,0,92.9,1,0
BUYER-07700,LOW_RISK,612,39,0.968,0,96.5,1,0
BUYER-07701,REPEATED_HIGH_RISK,21,6,0.435,4,15.7,0,1
BUYER-07702,LOW_RISK,1007,54,0.961,0,88.2,1,0
BUYER-07703,LOW_RISK,408,71,0.982,0,89.3,1,0
BUYER-07704,LOW_RISK,392,68,0.961,0,91.1,1,0
BUYER-07705,LOW_RISK,801,64,0.985,0,84.5,1,0
BUYER-07706,LOW_RISK,1217,73,0.986,0,84.4,1,0
BUYER-07707,LOW_RISK,581,54,0.992,0,88.0,1,0
BUYER-07708,LOW_RISK,854,41,0.992,0,84.5,1,0
BUYER-07709,LOW_RISK,1161,59,0.978,0,92.6,1,0
BUYER-07710,MEDIUM_RISK,297,25,0.811,0,77.2,1,0
BUYER-07711,LOW_RISK,674,45,0.979,0,94.7,1,0
BUYER-07712,LOW_RISK,1746,71,0.996,0,88.2,1,0
BUYER-07713,LOW_RISK,248,65,0.95,0,87.8,1,0
BUYER-07714,LOW_RISK,1492,22,0.974,0,85.7,1,0
BUYER-07715,LOW_RISK,834,69,0.98,0,83.9,1,0
BUYER-07716,HIGH_RISK,77,8,0.626,1,32.4,0,0
BUYER-07717,LOW_RISK,1608,34,0.997,0,87.9,1,0
BUYER-07718,MEDIUM_RISK,299,15,0.842,0,60.0,1,0
BUYER-07719,LOW_RISK,1393,78,0.985,0,89.2,1,0
BUYER-07720,REPEATED_HIGH_RISK,33,6,0.452,5,15.2,0,0
BUYER-07721,LOW_RISK,190,39,0.98,0,85.8,1,1
BUYER-07722,MEDIUM_RISK,165,18,0.897,0,78.6,1,0
BUYER-07723,LOW_RISK,1663,79,0.999,0,88.4,1,0
BUYER-07724,LOW_RISK,1710,29,0.968,0,84.0,1,0
BUYER-07725,MEDIUM_RISK,694,4,0.846,1,69.9,1,0
BUYER-07726,LOW_RISK,535,59,0.999,0,82.1,1,0
BUYER-07727,LOW_RISK,1545,20,0.989,0,94.7,1,0
BUYER-07728,LOW_RISK,407,17,0.954,0,87.2,1,0
BUYER-07729,MEDIUM_RISK,105,16,0.81,0,69.1,0,0
BUYER-07730,LOW_RISK,574,43,0.989,0,97.5,1,0
BUYER-07731,LOW_RISK,1709,75,0.954,0,97.2,1,0
BUYER-07732,LOW_RISK,653,10,0.952,0,93.8,1,0
BUYER-07733,LOW_RISK,1228,27,0.983,0,85.1,1,0
BUYER-07734,LOW_RISK,800,58,0.992,0,92.0,1,0
BUYER-07735,LOW_RISK,1745,61,0.974,0,85.1,1,0
BUYER-07736,LOW_RISK,626,19,0.953,0,92.6,1,0
BUYER-07737,MEDIUM_RISK,571,6,0.869,1,76.3,1,0
BUYER-07738,LOW_RISK,1134,41,0.981,0,88.6,1,0
BUYER-07739,LOW_RISK,923,50,0.986,0,83.1,1,1
BUYER-07740,LOW_RISK,463,26,0.999,0,94.4,1,1
BUYER-07741,LOW_RISK,1266,80,0.957,0,84.2,1,0
BUYER-07742,LOW_RISK,1021,37,0.988,0,90.4,1,0
BUYER-07743,LOW_RISK,994,46,0.956,0,88.2,1,0
BUYER-07744,LOW_RISK,1486,38,0.991,0,84.5,1,0
BUYER-07745,LOW_RISK,1026,43,0.988,0,93.0,1,0
BUYER-07746,LOW_RISK,1073,40,0.971,0,85.0,1,0
BUYER-07747,LOW_RISK,1461,18,0.971,0,89.4,1,0
BUYER-07748,LOW_RISK,740,11,0.992,0,84.4,1,0
BUYER-07749,LOW_RISK,1780,18,0.986,0,93.7,1,0
BUYER-07750,LOW_RISK,1528,32,0.999,0,84.2,1,0
BUYER-07751,LOW_RISK,1272,29,0.994,0,92.2,1,0
BUYER-07752,LOW_RISK,1003,68,0.996,0,84.8,1,0
BUYER-07753,LOW_RISK,1413,40,0.973,0,86.2,1,0
BUYER-07754,LOW_RISK,1459,51,0.992,0,84.6,1,0
BUYER-07755,LOW_RISK,561,50,0.959,0,91.8,1,0
BUYER-07756,LOW_RISK,1739,42,0.963,0,92.9,1,0
BUYER-07757,LOW_RISK,750,41,0.99,0,94.0,1,0
BUYER-07758,MEDIUM_RISK,469,25,0.902,1,65.4,1,0
BUYER-07759,MEDIUM_RISK,145,6,0.81,0,73.8,1,1
BUYER-07760,LOW_RISK,635,38,0.952,0,86.1,1,0
BUYER-07761,LOW_RISK,1419,76,0.951,0,91.0,1,0
BUYER-07762,LOW_RISK,1160,20,0.992,0,87.1,1,0
BUYER-07763,LOW_RISK,892,17,0.989,0,96.6,1,1
BUYER-07764,LOW_RISK,1610,31,0.989,0,90.5,1,0
BUYER-07765,LOW_RISK,1428,16,0.959,0,87.7,1,0
BUYER-07766,LOW_RISK,380,29,0.951,0,93.7,1,0
BUYER-07767,LOW_RISK,979,40,0.973,0,83.9,1,0
BUYER-07768,LOW_RISK,545,60,0.97,0,82.4,1,0
BUYER-07769,LOW_RISK,478,34,0.966,0,86.8,1,0
BUYER-07770,LOW_RISK,1276,10,0.959,0,87.1,1,0
BUYER-07771,LOW_RISK,1527,72,0.973,0,85.6,1,0
BUYER-07772,LOW_RISK,1112,35,0.98,0,87.7,1,0
BUYER-07773,LOW_RISK,1181,50,0.988,0,83.1,1,0
BUYER-07774,LOW_RISK,1497,28,0.963,0,89.2,1,0
BUYER-07775,LOW_RISK,1577,20,0.954,0,89.7,1,0
BUYER-07776,LOW_RISK,623,60,0.998,0,89.3,1,0
BUYER-07777,LOW_RISK,627,77,0.971,0,97.4,1,0
BUYER-07778,LOW_RISK,984,69,0.993,0,83.7,1,0
BUYER-07779,MEDIUM_RISK,194,14,0.933,1,62.0,1,0
BUYER-07780,LOW_RISK,508,36,0.96,0,94.7,1,0
BUYER-07781,LOW_RISK,1292,15,0.968,0,97.3,1,0
BUYER-07782,LOW_RISK,245,75,0.985,0,91.2,1,1
BUYER-07783,MEDIUM_RISK,200,23,0.835,0,70.3,1,0
BUYER-07784,LOW_RISK,465,75,0.973,0,97.4,1,0
BUYER-07785,HIGH_RISK,102,14,0.621,2,47.1,1,0
BUYER-07786,LOW_RISK,1578,76,0.976,0,83.3,1,0
BUYER-07787,LOW_RISK,1483,66,0.961,0,88.8,1,0
BUYER-07788,MEDIUM_RISK,391,12,0.876,0,58.6,1,0
BUYER-07789,LOW_RISK,185,70,0.957,0,83.0,1,0
BUYER-07790,LOW_RISK,1099,12,0.978,0,84.2,1,0
BUYER-07791,LOW_RISK,1142,42,0.991,0,83.1,1,1
BUYER-07792,LOW_RISK,1576,30,0.975,0,93.2,1,0
BUYER-07793,LOW_RISK,1740,36,0.981,0,87.2,1,0
BUYER-07794,LOW_RISK,501,51,0.968,0,83.5,1,0
BUYER-07795,LOW_RISK,1632,12,0.951,0,87.8,1,0
BUYER-07796,LOW_RISK,345,14,0.976,0,91.9,1,0
BUYER-07797,MEDIUM_RISK,580,11,0.899,0,58.1,1,0
BUYER-07798,LOW_RISK,534,36,0.985,0,82.2,1,0
BUYER-07799,LOW_RISK,1036,11,1.0,0,84.2,1,0
BUYER-07800,LOW_RISK,672,51,0.952,0,93.9,1,0
BUYER-07801,LOW_RISK,1263,39,0.95,0,96.5,1,0
BUYER-07802,LOW_RISK,1551,44,0.984,0,96.0,1,0
BUYER-07803,REPEATED_HIGH_RISK,170,6,0.275,6,14.6,0,1
BUYER-07804,LOW_RISK,599,24,0.999,0,94.3,1,1
BUYER-07805,LOW_RISK,469,13,0.993,0,83.8,1,0
BUYER-07806,LOW_RISK,1031,60,0.961,0,88.8,1,1
BUYER-07807,LOW_RISK,1786,64,0.981,0,95.4,1,0
BUYER-07808,MEDIUM_RISK,512,24,0.843,0,61.0,1,0
BUYER-07809,LOW_RISK,182,42,0.969,0,96.6,1,1
BUYER-07810,LOW_RISK,311,12,0.969,0,89.0,1,0
BUYER-07811,LOW_RISK,720,69,0.95,0,93.0,1,0
BUYER-07812,LOW_RISK,768,47,0.989,0,87.3,1,0
BUYER-07813,LOW_RISK,236,22,0.966,0,92.5,1,0
BUYER-07814,LOW_RISK,1183,62,0.965,0,91.3,1,0
BUYER-07815,LOW_RISK,1025,31,0.976,0,91.4,1,0
BUYER-07816,LOW_RISK,785,22,0.956,0,82.1,1,0
BUYER-07817,LOW_RISK,217,62,0.981,0,97.7,1,0
BUYER-07818,HIGH_RISK,227,3,0.739,1,45.1,1,0
BUYER-07819,MEDIUM_RISK,155,13,0.917,0,72.0,1,1
BUYER-07820,LOW_RISK,942,30,0.985,0,93.1,1,0
BUYER-07821,LOW_RISK,452,80,0.997,0,87.2,1,1
BUYER-07822,LOW_RISK,1302,34,0.999,0,92.4,1,0
BUYER-07823,LOW_RISK,1482,48,0.962,0,96.7,1,0
BUYER-07824,LOW_RISK,1695,17,0.998,0,95.6,1,0
BUYER-07825,LOW_RISK,806,73,1.0,0,84.8,1,0
BUYER-07826,MEDIUM_RISK,378,24,0.828,0,63.7,1,1
BUYER-07827,HIGH_RISK,69,3,0.622,1,37.6,1,1
BUYER-07828,LOW_RISK,505,51,0.966,0,93.0,1,1
BUYER-07829,LOW_RISK,551,69,0.972,0,90.7,1,0
BUYER-07830,LOW_RISK,1282,32,0.97,0,85.5,1,0
BUYER-07831,LOW_RISK,1091,45,0.977,0,82.3,1,0
BUYER-07832,LOW_RISK,667,12,0.963,0,97.4,1,0
BUYER-07833,LOW_RISK,1272,74,0.95,0,94.1,1,0
BUYER-07834,MEDIUM_RISK,512,6,0.917,1,65.4,1,0
BUYER-07835,LOW_RISK,813,26,0.959,0,97.9,1,1
BUYER-07836,LOW_RISK,630,57,0.998,0,87.3,1,0
BUYER-07837,LOW_RISK,1597,47,0.983,0,87.8,1,1
BUYER-07838,LOW_RISK,550,15,0.966,0,94.7,1,0
BUYER-07839,LOW_RISK,1334,62,0.972,0,89.1,1,0
BUYER-07840,MEDIUM_RISK,643,22,0.938,1,57.1,1,1
BUYER-07841,LOW_RISK,1573,34,0.989,0,97.8,1,0
BUYER-07842,LOW_RISK,1302,38,0.951,0,86.9,1,0
BUYER-07843,LOW_RISK,858,69,0.971,0,84.3,1,1
BUYER-07844,LOW_RISK,692,51,0.988,0,92.9,1,0
BUYER-07845,MEDIUM_RISK,119,15,0.8,0,68.7,1,0
BUYER-07846,LOW_RISK,910,77,0.979,0,96.6,1,0
BUYER-07847,MEDIUM_RISK,69,6,0.923,0,70.8,1,0
BUYER-07848,LOW_RISK,523,33,0.956,0,85.3,1,0
BUYER-07849,LOW_RISK,956,76,0.98,0,88.0,1,0
BUYER-07850,LOW_RISK,195,75,0.96,0,89.3,1,0
BUYER-07851,LOW_RISK,1574,19,0.956,0,90.1,1,0
BUYER-07852,LOW_RISK,1363,76,0.979,0,93.5,1,0
BUYER-07853,LOW_RISK,194,73,0.964,0,96.4,1,0
BUYER-07854,LOW_RISK,1696,24,0.987,0,93.7,1,0
BUYER-07855,LOW_RISK,1351,71,0.979,0,95.8,1,0
BUYER-07856,LOW_RISK,1397,26,0.973,0,92.1,1,0
BUYER-07857,LOW_RISK,852,60,0.997,0,96.6,1,0
BUYER-07858,LOW_RISK,631,37,0.976,0,89.8,1,1
BUYER-07859,LOW_RISK,1287,76,0.984,0,96.1,1,0
BUYER-07860,LOW_RISK,478,75,0.968,0,92.3,1,0
BUYER-07861,LOW_RISK,1328,75,0.97,0,92.4,1,0
BUYER-07862,LOW_RISK,1298,43,0.989,0,97.5,1,0
BUYER-07863,LOW_RISK,1137,60,0.985,0,82.8,1,0
BUYER-07864,LOW_RISK,1344,11,0.982,0,89.5,1,0
BUYER-07865,LOW_RISK,1196,46,0.981,0,97.7,1,0
BUYER-07866,HIGH_RISK,349,15,0.656,1,36.7,0,1
BUYER-07867,LOW_RISK,1127,42,0.993,0,87.0,1,1
BUYER-07868,LOW_RISK,405,15,0.973,0,91.3,1,1
BUYER-07869,LOW_RISK,528,64,0.957,0,92.2,1,0
BUYER-07870,LOW_RISK,883,46,0.983,0,86.8,1,0
BUYER-07871,MEDIUM_RISK,492,14,0.939,0,57.6,1,1
BUYER-07872,LOW_RISK,980,13,0.997,0,93.7,1,0
BUYER-07873,HIGH_RISK,142,7,0.71,2,47.6,1,1
BUYER-07874,MEDIUM_RISK,244,22,0.872,0,77.9,1,0
BUYER-07875,LOW_RISK,1484,16,0.973,0,91.7,1,0
BUYER-07876,LOW_RISK,1783,64,0.968,0,95.7,1,1
BUYER-07877,LOW_RISK,1102,74,0.988,0,96.8,1,0
BUYER-07878,LOW_RISK,1197,52,0.971,0,97.8,1,0
BUYER-07879,LOW_RISK,1310,19,0.969,0,90.4,1,0
BUYER-07880,LOW_RISK,626,49,0.984,0,89.8,1,0
BUYER-07881,LOW_RISK,1600,36,0.953,0,89.1,1,0
BUYER-07882,LOW_RISK,1552,22,0.99,0,95.4,1,0
BUYER-07883,LOW_RISK,1133,59,0.955,0,96.7,1,0
BUYER-07884,MEDIUM_RISK,682,9,0.844,0,55.6,1,0
BUYER-07885,LOW_RISK,1462,10,0.975,0,90.6,1,0
BUYER-07886,MEDIUM_RISK,427,21,0.822,0,59.6,1,0
BUYER-07887,LOW_RISK,1645,74,0.966,0,82.2,1,0
BUYER-07888,LOW_RISK,567,62,0.979,0,91.7,1,0
BUYER-07889,LOW_RISK,446,80,0.967,0,94.3,1,0
BUYER-07890,LOW_RISK,1671,33,0.961,0,94.2,1,0
BUYER-07891,LOW_RISK,463,60,0.966,0,84.5,1,0
BUYER-07892,LOW_RISK,667,50,0.985,0,93.4,1,1
BUYER-07893,LOW_RISK,423,46,0.981,0,84.5,1,0
BUYER-07894,LOW_RISK,1396,16,0.959,0,97.5,1,0
BUYER-07895,LOW_RISK,683,44,0.974,0,83.2,1,0
BUYER-07896,MEDIUM_RISK,464,22,0.846,0,55.8,1,1
BUYER-07897,LOW_RISK,677,55,0.966,0,87.5,1,0
BUYER-07898,LOW_RISK,1104,15,0.996,0,84.4,1,0
BUYER-07899,LOW_RISK,263,62,0.956,0,86.0,1,0
BUYER-07900,MEDIUM_RISK,229,16,0.936,0,61.4,1,1
BUYER-07901,LOW_RISK,918,45,0.99,0,94.8,1,0
BUYER-07902,LOW_RISK,407,30,0.955,0,91.0,1,1
BUYER-07903,LOW_RISK,1537,21,0.998,0,84.4,1,0
BUYER-07904,LOW_RISK,1566,11,0.992,0,87.2,1,0
BUYER-07905,LOW_RISK,1076,61,0.955,0,84.5,1,0
BUYER-07906,REPEATED_HIGH_RISK,45,10,0.447,3,15.3,1,1
BUYER-07907,LOW_RISK,786,46,0.971,0,93.1,1,0
BUYER-07908,LOW_RISK,688,10,0.997,0,87.9,1,0
BUYER-07909,LOW_RISK,843,53,0.979,0,82.8,1,0
BUYER-07910,LOW_RISK,1015,37,0.985,0,88.9,1,0
BUYER-07911,MEDIUM_RISK,541,18,0.868,0,67.9,1,0
BUYER-07912,LOW_RISK,1556,49,0.996,0,85.5,1,0
BUYER-07913,LOW_RISK,1503,27,0.974,0,95.7,1,0
BUYER-07914,LOW_RISK,572,17,0.963,0,95.2,1,0
BUYER-07915,LOW_RISK,252,13,0.976,0,93.1,1,0
BUYER-07916,LOW_RISK,680,61,0.978,0,93.5,1,0
BUYER-07917,LOW_RISK,471,64,0.994,0,91.0,1,0
BUYER-07918,LOW_RISK,556,33,0.957,0,91.0,1,0
BUYER-07919,LOW_RISK,947,53,0.984,0,88.4,1,0
BUYER-07920,LOW_RISK,1117,14,0.972,0,97.0,1,0
BUYER-07921,LOW_RISK,1126,13,0.996,0,83.1,1,0
BUYER-07922,LOW_RISK,877,23,0.959,0,82.9,1,0
BUYER-07923,LOW_RISK,1376,36,0.963,0,91.8,1,0
BUYER-07924,LOW_RISK,1116,65,0.98,0,96.3,1,1
BUYER-07925,HIGH_RISK,73,8,0.635,1,33.3,1,0
BUYER-07926,LOW_RISK,1509,34,0.984,0,94.1,1,0
BUYER-07927,MEDIUM_RISK,266,21,0.903,0,75.5,1,0
BUYER-07928,MEDIUM_RISK,104,22,0.822,0,77.1,1,0
BUYER-07929,LOW_RISK,1783,28,0.956,0,95.6,1,0
BUYER-07930,LOW_RISK,639,13,0.974,0,84.6,1,0
BUYER-07931,MEDIUM_RISK,457,4,0.921,0,76.5,1,0
BUYER-07932,LOW_RISK,437,28,0.976,0,92.4,1,0
BUYER-07933,LOW_RISK,1090,45,0.959,0,94.5,1,0
BUYER-07934,LOW_RISK,826,46,0.981,0,87.2,1,1
BUYER-07935,LOW_RISK,1685,79,0.977,0,89.1,1,0
BUYER-07936,LOW_RISK,521,80,0.997,0,83.0,1,1
BUYER-07937,LOW_RISK,576,29,0.958,0,92.6,1,0
BUYER-07938,LOW_RISK,1600,13,0.998,0,97.7,1,0
BUYER-07939,LOW_RISK,522,63,0.999,0,90.9,1,0
BUYER-07940,LOW_RISK,776,43,0.971,0,88.7,1,0
BUYER-07941,LOW_RISK,1210,51,0.957,0,96.1,1,0
BUYER-07942,LOW_RISK,1185,62,0.951,0,91.1,1,0
BUYER-07943,MEDIUM_RISK,49,23,0.86,0,74.9,1,0
BUYER-07944,LOW_RISK,723,66,0.958,0,92.0,1,1
BUYER-07945,LOW_RISK,881,32,0.968,0,85.5,1,0
BUYER-07946,LOW_RISK,1306,69,0.985,0,89.5,1,0
BUYER-07947,LOW_RISK,1301,78,0.963,0,89.1,1,0
BUYER-07948,LOW_RISK,1607,44,0.971,0,89.7,1,1
BUYER-07949,MEDIUM_RISK,499,4,0.939,1,57.1,0,0
BUYER-07950,LOW_RISK,1439,75,0.975,0,89.3,1,0
BUYER-07951,HIGH_RISK,93,10,0.658,1,38.8,0,1
BUYER-07952,LOW_RISK,305,27,0.976,0,97.8,1,0
BUYER-07953,LOW_RISK,1001,19,0.985,0,94.1,1,0
BUYER-07954,LOW_RISK,706,25,0.972,0,82.0,1,0
BUYER-07955,MEDIUM_RISK,230,18,0.81,1,67.4,1,0
BUYER-07956,LOW_RISK,1048,14,0.967,0,93.7,1,0
BUYER-07957,LOW_RISK,994,79,0.976,0,94.7,1,0
BUYER-07958,MEDIUM_RISK,106,25,0.918,1,70.4,1,0
BUYER-07959,LOW_RISK,954,49,1.0,0,97.5,1,0
BUYER-07960,LOW_RISK,1362,57,0.982,0,84.3,1,0
BUYER-07961,MEDIUM_RISK,626,19,0.827,0,58.0,1,0
BUYER-07962,LOW_RISK,536,43,0.957,0,93.0,1,0
BUYER-07963,LOW_RISK,667,57,0.984,0,86.3,1,0
BUYER-07964,LOW_RISK,996,12,0.954,0,91.7,1,0
BUYER-07965,LOW_RISK,1443,43,0.978,0,90.4,1,1
BUYER-07966,LOW_RISK,185,25,0.974,0,93.1,1,1
BUYER-07967,LOW_RISK,1776,61,0.974,0,96.4,1,0
BUYER-07968,LOW_RISK,931,31,0.952,0,89.5,1,0
BUYER-07969,LOW_RISK,391,17,0.974,0,86.6,1,0
BUYER-07970,MEDIUM_RISK,321,10,0.831,0,78.4,1,0
BUYER-07971,REPEATED_HIGH_RISK,155,7,0.478,6,17.1,1,1
BUYER-07972,LOW_RISK,490,47,0.971,0,92.7,1,0
BUYER-07973,LOW_RISK,850,18,0.955,0,96.8,1,0
BUYER-07974,MEDIUM_RISK,614,3,0.807,0,66.3,1,1
BUYER-07975,LOW_RISK,397,73,0.978,0,87.8,1,0
BUYER-07976,LOW_RISK,1667,32,0.951,0,82.8,1,0
BUYER-07977,MEDIUM_RISK,386,24,0.84,0,66.4,1,0
BUYER-07978,LOW_RISK,1585,39,0.985,0,91.9,1,0
BUYER-07979,LOW_RISK,247,20,0.951,0,92.8,1,0
BUYER-07980,LOW_RISK,1449,70,0.968,0,92.0,1,0
BUYER-07981,LOW_RISK,1415,70,0.963,0,89.4,1,0
BUYER-07982,LOW_RISK,1598,52,0.982,0,95.9,1,0
BUYER-07983,LOW_RISK,1044,51,0.98,0,94.0,1,0
BUYER-07984,LOW_RISK,1104,49,0.963,0,94.2,1,0
BUYER-07985,LOW_RISK,889,29,0.969,0,92.9,1,0
BUYER-07986,LOW_RISK,1440,43,0.983,0,84.7,1,1
BUYER-07987,LOW_RISK,756,20,0.97,0,83.8,1,0
BUYER-07988,LOW_RISK,1774,37,0.972,0,82.6,1,0
BUYER-07989,LOW_RISK,1791,56,0.955,0,96.4,1,0
BUYER-07990,MEDIUM_RISK,222,10,0.864,1,73.7,1,0
BUYER-07991,LOW_RISK,1434,39,0.993,0,94.6,1,0
BUYER-07992,LOW_RISK,1719,60,0.987,0,94.3,1,0
BUYER-07993,LOW_RISK,1586,67,0.969,0,83.8,1,0
BUYER-07994,LOW_RISK,1564,58,0.988,0,82.1,1,1
BUYER-07995,LOW_RISK,1265,50,0.967,0,94.3,1,0
BUYER-07996,LOW_RISK,1117,48,0.98,0,82.7,1,0
BUYER-07997,LOW_RISK,923,76,0.965,0,93.6,1,0
BUYER-07998,LOW_RISK,1237,75,0.954,0,86.4,1,0
BUYER-07999,MEDIUM_RISK,656,4,0.872,0,60.1,1,0
BUYER-08000,LOW_RISK,871,74,0.97,0,86.5,1,0
BUYER-08001,LOW_RISK,272,55,0.972,0,86.2,1,0
BUYER-08002,LOW_RISK,234,65,0.96,0,86.1,1,0
BUYER-08003,LOW_RISK,1746,41,0.966,0,97.6,1,0
BUYER-08004,MEDIUM_RISK,635,6,0.814,1,57.8,1,0
BUYER-08005,LOW_RISK,1596,17,0.996,0,90.3,1,0
BUYER-08006,LOW_RISK,1599,19,0.998,0,86.0,1,0
BUYER-08007,LOW_RISK,1567,64,0.995,0,91.8,1,0
BUYER-08008,LOW_RISK,1548,51,0.98,0,95.1,1,0
BUYER-08009,LOW_RISK,336,41,0.968,0,91.2,1,0
BUYER-08010,LOW_RISK,421,74,0.983,0,82.8,1,0
BUYER-08011,MEDIUM_RISK,494,25,0.828,1,61.6,1,1
BUYER-08012,LOW_RISK,1269,11,0.994,0,82.6,1,0
BUYER-08013,LOW_RISK,499,28,0.983,0,88.7,1,0
BUYER-08014,LOW_RISK,497,54,0.981,0,97.2,1,0
BUYER-08015,LOW_RISK,1537,27,0.95,0,95.6,1,1
BUYER-08016,LOW_RISK,787,79,0.991,0,95.2,1,0
BUYER-08017,LOW_RISK,1238,71,0.996,0,90.8,1,1
BUYER-08018,LOW_RISK,388,28,0.998,0,95.7,1,0
BUYER-08019,LOW_RISK,757,70,0.999,0,86.1,1,0
BUYER-08020,MEDIUM_RISK,582,11,0.863,0,64.3,0,0
BUYER-08021,LOW_RISK,783,32,0.979,0,97.0,1,0
BUYER-08022,MEDIUM_RISK,136,18,0.901,0,77.1,1,0
BUYER-08023,LOW_RISK,1577,70,0.999,0,96.1,1,0
BUYER-08024,LOW_RISK,345,43,0.971,0,89.3,1,0
BUYER-08025,LOW_RISK,1202,53,0.977,0,94.9,1,0
BUYER-08026,LOW_RISK,884,28,0.981,0,96.4,1,0
BUYER-08027,MEDIUM_RISK,463,17,0.921,1,75.1,1,0
BUYER-08028,LOW_RISK,1449,74,0.976,0,91.9,1,0
BUYER-08029,LOW_RISK,1387,79,0.976,0,97.1,1,0
BUYER-08030,LOW_RISK,857,47,0.964,0,90.2,1,0
BUYER-08031,LOW_RISK,1105,47,0.998,0,85.8,1,0
BUYER-08032,LOW_RISK,188,24,0.996,0,96.8,1,0
BUYER-08033,LOW_RISK,458,37,0.971,0,96.2,1,0
BUYER-08034,LOW_RISK,186,52,0.998,0,89.0,1,0
BUYER-08035,LOW_RISK,1604,68,0.967,0,97.9,1,0
BUYER-08036,LOW_RISK,1610,36,0.963,0,96.3,1,0
BUYER-08037,LOW_RISK,1236,13,0.956,0,95.4,1,0
BUYER-08038,MEDIUM_RISK,570,12,0.91,0,66.5,1,0
BUYER-08039,LOW_RISK,676,64,0.986,0,92.7,1,0
BUYER-08040,HIGH_RISK,223,3,0.775,1,33.2,1,0
BUYER-08041,HIGH_RISK,199,8,0.705,1,38.8,0,0
BUYER-08042,LOW_RISK,1624,26,0.985,0,85.8,1,0
BUYER-08043,LOW_RISK,307,69,0.951,0,88.7,1,0
BUYER-08044,LOW_RISK,1436,42,0.976,0,95.9,1,0
BUYER-08045,LOW_RISK,655,23,0.969,0,84.1,1,0
BUYER-08046,LOW_RISK,447,67,0.982,0,86.8,1,0
BUYER-08047,LOW_RISK,688,16,0.961,0,89.0,1,0
BUYER-08048,LOW_RISK,1562,32,0.99,0,96.6,1,0
BUYER-08049,MEDIUM_RISK,533,5,0.875,0,70.3,1,0
BUYER-08050,LOW_RISK,511,46,0.965,0,96.0,1,0
BUYER-08051,LOW_RISK,901,63,0.959,0,83.0,1,0
BUYER-08052,LOW_RISK,395,26,0.981,0,85.4,1,0
BUYER-08053,HIGH_RISK,22,9,0.703,1,35.2,0,1
BUYER-08054,LOW_RISK,1179,79,0.988,0,82.8,1,0
BUYER-08055,LOW_RISK,989,63,0.954,0,93.2,1,0
BUYER-08056,LOW_RISK,791,54,0.981,0,90.2,1,1
BUYER-08057,LOW_RISK,1231,61,0.969,0,87.7,1,0
BUYER-08058,LOW_RISK,847,47,0.954,0,96.9,1,0
BUYER-08059,LOW_RISK,518,80,0.984,0,84.8,1,1
BUYER-08060,LOW_RISK,465,19,0.997,0,96.6,1,0
BUYER-08061,LOW_RISK,1251,79,0.969,0,91.3,1,0
BUYER-08062,LOW_RISK,827,44,0.97,0,96.8,1,0
BUYER-08063,HIGH_RISK,325,10,0.745,2,35.0,0,1
BUYER-08064,LOW_RISK,1207,30,1.0,0,95.5,1,1
BUYER-08065,HIGH_RISK,161,9,0.768,1,37.6,1,0
BUYER-08066,LOW_RISK,271,41,0.954,0,85.5,1,0
BUYER-08067,LOW_RISK,1561,31,0.991,0,90.6,1,0
BUYER-08068,LOW_RISK,1122,21,0.99,0,94.1,1,0
BUYER-08069,LOW_RISK,523,36,0.987,0,96.7,1,0
BUYER-08070,LOW_RISK,605,65,0.997,0,90.4,1,0
BUYER-08071,LOW_RISK,780,26,0.989,0,96.9,1,0
BUYER-08072,LOW_RISK,1713,71,0.977,0,84.2,1,0
BUYER-08073,LOW_RISK,1289,53,0.959,0,84.3,1,0
BUYER-08074,LOW_RISK,1127,58,0.999,0,93.6,1,0
BUYER-08075,MEDIUM_RISK,183,3,0.871,0,76.9,1,0
BUYER-08076,LOW_RISK,1099,38,0.992,0,89.0,1,0
BUYER-08077,LOW_RISK,343,10,0.97,0,92.7,1,0
BUYER-08078,LOW_RISK,646,38,0.963,0,92.1,1,0
BUYER-08079,LOW_RISK,1724,57,0.974,0,87.5,1,0
BUYER-08080,LOW_RISK,1050,32,0.96,0,92.4,1,0
BUYER-08081,LOW_RISK,1107,73,0.982,0,94.3,1,0
BUYER-08082,LOW_RISK,294,42,0.967,0,87.4,1,0
BUYER-08083,LOW_RISK,910,70,0.961,0,97.1,1,1
BUYER-08084,LOW_RISK,1769,69,0.961,0,92.2,1,0
BUYER-08085,LOW_RISK,439,31,0.978,0,95.1,1,1
BUYER-08086,LOW_RISK,1097,12,0.966,0,84.6,1,0
BUYER-08087,HIGH_RISK,145,2,0.745,2,48.5,1,0
BUYER-08088,LOW_RISK,858,53,0.967,0,96.5,1,0
BUYER-08089,LOW_RISK,1247,38,0.999,0,94.7,1,0
BUYER-08090,MEDIUM_RISK,499,23,0.805,0,57.5,1,0
BUYER-08091,MEDIUM_RISK,455,18,0.936,0,67.9,1,1
BUYER-08092,LOW_RISK,321,56,0.989,0,88.7,1,0
BUYER-08093,LOW_RISK,1786,46,0.97,0,92.3,1,0
BUYER-08094,HIGH_RISK,134,10,0.674,2,45.4,1,0
BUYER-08095,LOW_RISK,883,58,0.98,0,86.8,1,0
BUYER-08096,MEDIUM_RISK,315,19,0.894,0,76.5,1,0
BUYER-08097,LOW_RISK,1708,65,0.975,0,85.7,1,0
BUYER-08098,LOW_RISK,563,32,0.981,0,83.1,1,0
BUYER-08099,LOW_RISK,1592,30,0.964,0,91.6,1,0
BUYER-08100,LOW_RISK,901,78,0.973,0,93.0,1,0
BUYER-08101,LOW_RISK,239,11,0.983,0,88.8,1,0
BUYER-08102,REPEATED_HIGH_RISK,48,5,0.457,5,26.8,1,0
BUYER-08103,LOW_RISK,1373,45,0.998,0,88.7,1,0
BUYER-08104,LOW_RISK,245,72,0.971,0,92.2,1,0
BUYER-08105,LOW_RISK,1397,51,0.96,0,83.4,1,0
BUYER-08106,LOW_RISK,1651,16,0.961,0,97.3,1,0
BUYER-08107,LOW_RISK,1359,75,0.951,0,83.9,1,0
BUYER-08108,LOW_RISK,1657,74,0.975,0,95.9,1,0
BUYER-08109,LOW_RISK,949,28,0.977,0,86.0,1,0
BUYER-08110,LOW_RISK,1048,80,0.981,0,87.1,1,1
BUYER-08111,LOW_RISK,1302,19,0.952,0,92.8,1,0
BUYER-08112,LOW_RISK,419,56,0.991,0,85.3,1,0
BUYER-08113,HIGH_RISK,158,15,0.754,1,37.5,0,1
BUYER-08114,LOW_RISK,1118,12,0.956,0,92.5,1,0
BUYER-08115,LOW_RISK,1185,31,0.976,0,89.4,1,0
BUYER-08116,LOW_RISK,832,58,0.968,0,88.9,1,0
BUYER-08117,LOW_RISK,1451,57,0.973,0,96.7,1,0
BUYER-08118,LOW_RISK,1547,47,0.968,0,89.9,1,0
BUYER-08119,LOW_RISK,1343,53,0.981,0,87.9,1,0
BUYER-08120,LOW_RISK,933,13,0.995,0,87.2,1,0
BUYER-08121,LOW_RISK,1508,40,0.984,0,88.2,1,0
BUYER-08122,LOW_RISK,1333,20,0.972,0,86.8,1,0
BUYER-08123,LOW_RISK,926,46,0.995,0,90.9,1,1
BUYER-08124,LOW_RISK,1458,54,0.997,0,93.0,1,0
BUYER-08125,LOW_RISK,448,56,0.957,0,96.9,1,0
BUYER-08126,LOW_RISK,1108,77,0.982,0,90.0,1,0
BUYER-08127,LOW_RISK,1766,19,0.97,0,87.0,1,0
BUYER-08128,MEDIUM_RISK,98,22,0.888,0,59.4,1,0
BUYER-08129,MEDIUM_RISK,336,14,0.869,0,72.1,1,0
BUYER-08130,LOW_RISK,834,29,0.953,0,85.3,1,0
BUYER-08131,LOW_RISK,1796,27,0.974,0,88.2,1,0
BUYER-08132,LOW_RISK,1455,43,0.973,0,82.4,1,0
BUYER-08133,HIGH_RISK,295,4,0.657,1,33.0,0,1
BUYER-08134,LOW_RISK,1672,56,0.984,0,85.9,1,0
BUYER-08135,LOW_RISK,1661,21,0.989,0,93.8,1,0
BUYER-08136,LOW_RISK,762,46,0.95,0,93.2,1,0
BUYER-08137,LOW_RISK,1373,35,1.0,0,89.0,1,0
BUYER-08138,HIGH_RISK,163,12,0.759,1,45.4,1,0
BUYER-08139,LOW_RISK,1359,42,0.955,0,94.8,1,0
BUYER-08140,LOW_RISK,361,80,0.995,0,87.8,1,0
BUYER-08141,LOW_RISK,1531,31,0.968,0,91.1,1,0
BUYER-08142,LOW_RISK,1373,17,0.985,0,86.5,1,0
BUYER-08143,LOW_RISK,1159,42,0.954,0,94.8,1,0
BUYER-08144,LOW_RISK,1522,40,0.995,0,87.2,1,0
BUYER-08145,HIGH_RISK,223,2,0.616,1,47.3,1,1
BUYER-08146,LOW_RISK,358,24,0.96,0,86.8,1,0
BUYER-08147,LOW_RISK,1674,39,0.963,0,90.0,1,0
BUYER-08148,MEDIUM_RISK,405,18,0.81,0,60.1,1,0
BUYER-08149,LOW_RISK,1751,65,0.985,0,96.3,1,0
BUYER-08150,LOW_RISK,1055,79,0.971,0,85.0,1,1
BUYER-08151,LOW_RISK,669,47,0.991,0,83.9,1,0
BUYER-08152,MEDIUM_RISK,149,7,0.804,0,59.0,1,1
BUYER-08153,LOW_RISK,356,36,0.975,0,97.9,1,1
BUYER-08154,HIGH_RISK,35,3,0.655,2,46.6,1,0
BUYER-08155,LOW_RISK,1327,14,0.958,0,90.4,1,0
BUYER-08156,LOW_RISK,1413,16,0.978,0,92.3,1,0
BUYER-08157,LOW_RISK,1636,18,0.979,0,92.8,1,0
BUYER-08158,LOW_RISK,798,56,0.958,0,83.9,1,0
BUYER-08159,LOW_RISK,1352,23,0.984,0,95.9,1,0
BUYER-08160,LOW_RISK,253,75,0.958,0,92.7,1,0
BUYER-08161,HIGH_RISK,113,7,0.675,2,41.5,1,1
BUYER-08162,LOW_RISK,1605,36,0.955,0,97.3,1,0
BUYER-08163,LOW_RISK,658,65,0.994,0,92.0,1,0
BUYER-08164,LOW_RISK,1181,16,1.0,0,97.6,1,0
BUYER-08165,LOW_RISK,1637,18,0.996,0,83.4,1,0
BUYER-08166,LOW_RISK,1521,37,0.985,0,96.4,1,0
BUYER-08167,LOW_RISK,368,24,0.994,0,94.7,1,1
BUYER-08168,LOW_RISK,1161,47,0.952,0,95.0,1,1
BUYER-08169,LOW_RISK,241,24,0.962,0,85.3,1,0
BUYER-08170,LOW_RISK,505,12,0.988,0,97.8,1,0
BUYER-08171,LOW_RISK,737,43,0.98,0,88.9,1,0
BUYER-08172,LOW_RISK,1189,19,0.963,0,90.3,1,0
BUYER-08173,LOW_RISK,1756,60,0.967,0,95.2,1,0
BUYER-08174,LOW_RISK,1195,68,0.967,0,93.3,1,0
BUYER-08175,LOW_RISK,913,68,0.958,0,83.2,1,0
BUYER-08176,LOW_RISK,952,36,0.956,0,82.4,1,0
BUYER-08177,LOW_RISK,581,73,0.998,0,90.1,1,0
BUYER-08178,LOW_RISK,337,21,0.983,0,95.6,1,0
BUYER-08179,LOW_RISK,1704,17,0.966,0,96.2,1,0
BUYER-08180,LOW_RISK,1726,66,0.999,0,97.5,1,0
BUYER-08181,LOW_RISK,564,58,0.993,0,85.3,1,1
BUYER-08182,LOW_RISK,1049,61,0.993,0,82.4,1,1
BUYER-08183,LOW_RISK,887,45,0.97,0,91.6,1,0
BUYER-08184,REPEATED_HIGH_RISK,108,8,0.461,4,25.2,0,1
BUYER-08185,LOW_RISK,460,41,0.961,0,89.4,1,0
BUYER-08186,LOW_RISK,239,73,0.955,0,92.9,1,0
BUYER-08187,LOW_RISK,1250,11,0.989,0,91.3,1,0
BUYER-08188,MEDIUM_RISK,97,11,0.892,0,68.4,1,0
BUYER-08189,LOW_RISK,585,41,0.959,0,86.8,1,0
BUYER-08190,LOW_RISK,242,61,0.967,0,90.6,1,0
BUYER-08191,MEDIUM_RISK,532,12,0.84,0,71.7,1,0
BUYER-08192,LOW_RISK,1600,77,0.978,0,92.0,1,0
BUYER-08193,LOW_RISK,1513,31,0.962,0,87.4,1,1
BUYER-08194,LOW_RISK,1679,10,0.992,0,89.9,1,0
BUYER-08195,LOW_RISK,471,77,0.993,0,87.2,1,0
BUYER-08196,LOW_RISK,1289,28,0.984,0,90.8,1,0
BUYER-08197,LOW_RISK,871,45,0.968,0,98.0,1,0
BUYER-08198,LOW_RISK,410,37,0.981,0,83.8,1,0
BUYER-08199,LOW_RISK,1359,63,0.989,0,97.4,1,0
BUYER-08200,LOW_RISK,816,76,0.993,0,94.5,1,0
BUYER-08201,LOW_RISK,661,64,0.975,0,91.0,1,0
BUYER-08202,LOW_RISK,602,80,0.986,0,85.1,1,0
BUYER-08203,MEDIUM_RISK,606,23,0.827,0,77.9,1,1
BUYER-08204,LOW_RISK,1269,12,0.952,0,93.1,1,0
BUYER-08205,LOW_RISK,1022,42,0.972,0,90.3,1,0
BUYER-08206,LOW_RISK,1026,63,0.995,0,86.4,1,0
BUYER-08207,LOW_RISK,1062,71,0.997,0,86.3,1,0
BUYER-08208,LOW_RISK,984,39,0.975,0,83.4,1,0
BUYER-08209,LOW_RISK,259,61,0.961,0,89.3,1,0
BUYER-08210,LOW_RISK,886,31,0.979,0,89.7,1,0
BUYER-08211,LOW_RISK,256,25,0.963,0,90.2,1,0
BUYER-08212,LOW_RISK,189,75,0.955,0,94.0,1,0
BUYER-08213,LOW_RISK,731,42,0.99,0,87.9,1,0
BUYER-08214,LOW_RISK,545,79,0.956,0,87.0,1,0
BUYER-08215,LOW_RISK,618,58,0.995,0,83.2,1,0
BUYER-08216,LOW_RISK,1283,58,0.956,0,86.9,1,0
BUYER-08217,LOW_RISK,243,35,0.994,0,83.2,1,0
BUYER-08218,LOW_RISK,1237,31,0.97,0,94.0,1,0
BUYER-08219,LOW_RISK,1782,52,0.967,0,93.3,1,1
BUYER-08220,LOW_RISK,732,58,0.999,0,96.6,1,0
BUYER-08221,MEDIUM_RISK,209,15,0.87,1,60.9,1,0
BUYER-08222,LOW_RISK,1217,42,0.996,0,97.1,1,0
BUYER-08223,LOW_RISK,654,73,0.973,0,97.8,1,0
BUYER-08224,MEDIUM_RISK,57,9,0.841,0,74.2,1,0
BUYER-08225,LOW_RISK,738,50,0.964,0,87.4,1,0
BUYER-08226,LOW_RISK,1340,55,0.984,0,94.6,1,0
BUYER-08227,LOW_RISK,238,11,0.962,0,82.1,1,0
BUYER-08228,LOW_RISK,356,21,0.98,0,88.6,1,0
BUYER-08229,LOW_RISK,461,29,0.975,0,84.4,1,1
BUYER-08230,LOW_RISK,631,76,0.969,0,91.4,1,0
BUYER-08231,LOW_RISK,726,26,0.985,0,92.4,1,0
BUYER-08232,LOW_RISK,1668,66,0.987,0,94.8,1,0
BUYER-08233,LOW_RISK,979,77,0.962,0,87.9,1,0
BUYER-08234,LOW_RISK,1789,17,0.997,0,87.2,1,0
BUYER-08235,LOW_RISK,1570,67,0.951,0,94.6,1,0
BUYER-08236,LOW_RISK,576,43,0.951,0,93.5,1,0
BUYER-08237,LOW_RISK,1354,20,0.97,0,96.7,1,0
BUYER-08238,LOW_RISK,918,14,0.977,0,83.1,1,0
BUYER-08239,LOW_RISK,1023,43,0.993,0,94.1,1,0
BUYER-08240,LOW_RISK,219,40,0.964,0,90.4,1,0
BUYER-08241,LOW_RISK,695,44,0.959,0,93.9,1,0
BUYER-08242,LOW_RISK,1150,69,0.952,0,93.1,1,0
BUYER-08243,LOW_RISK,533,72,0.996,0,87.3,1,0
BUYER-08244,LOW_RISK,1533,52,0.994,0,84.0,1,0
BUYER-08245,LOW_RISK,551,55,0.963,0,91.8,1,0
BUYER-08246,LOW_RISK,972,64,0.979,0,86.7,1,0
BUYER-08247,LOW_RISK,353,70,0.992,0,93.2,1,0
BUYER-08248,LOW_RISK,904,65,0.957,0,87.5,1,0
BUYER-08249,MEDIUM_RISK,542,3,0.935,0,57.7,1,1
BUYER-08250,LOW_RISK,1700,18,0.982,0,89.1,1,0
BUYER-08251,MEDIUM_RISK,307,12,0.865,0,70.9,1,0
BUYER-08252,HIGH_RISK,160,13,0.743,1,41.9,1,1
BUYER-08253,LOW_RISK,659,50,0.984,0,95.1,1,0
BUYER-08254,LOW_RISK,1637,37,0.978,0,95.2,1,0
BUYER-08255,LOW_RISK,1045,45,0.995,0,90.2,1,1
BUYER-08256,MEDIUM_RISK,528,25,0.813,0,77.9,0,1
BUYER-08257,LOW_RISK,274,16,0.955,0,82.2,1,0
BUYER-08258,REPEATED_HIGH_RISK,149,3,0.248,5,20.7,1,1
BUYER-08259,LOW_RISK,871,67,0.97,0,83.2,1,0
BUYER-08260,LOW_RISK,1692,40,0.952,0,86.3,1,0
BUYER-08261,LOW_RISK,1773,48,0.978,0,83.4,1,0
BUYER-08262,LOW_RISK,770,32,0.981,0,96.3,1,0
BUYER-08263,LOW_RISK,682,50,0.986,0,94.4,1,0
BUYER-08264,LOW_RISK,1792,79,0.96,0,85.4,1,0
BUYER-08265,LOW_RISK,526,78,0.99,0,93.4,1,0
BUYER-08266,LOW_RISK,1010,72,0.979,0,90.9,1,0
BUYER-08267,LOW_RISK,1530,36,0.952,0,84.2,1,0
BUYER-08268,LOW_RISK,847,58,0.964,0,89.3,1,0
BUYER-08269,LOW_RISK,1636,70,0.955,0,83.3,1,0
BUYER-08270,LOW_RISK,1240,26,0.994,0,93.7,1,0
BUYER-08271,LOW_RISK,312,77,0.993,0,97.4,1,0
BUYER-08272,LOW_RISK,256,76,0.99,0,86.4,1,0
BUYER-08273,LOW_RISK,1657,10,0.974,0,91.2,1,0
BUYER-08274,LOW_RISK,417,63,0.956,0,86.8,1,0
BUYER-08275,LOW_RISK,1001,42,0.963,0,93.4,1,0
BUYER-08276,LOW_RISK,347,23,1.0,0,95.7,1,0
BUYER-08277,LOW_RISK,673,17,0.988,0,89.3,1,0
BUYER-08278,LOW_RISK,801,32,0.987,0,86.8,1,0
BUYER-08279,LOW_RISK,1182,37,0.998,0,95.0,1,0
BUYER-08280,LOW_RISK,1553,76,0.996,0,95.7,1,0
BUYER-08281,LOW_RISK,1747,53,0.999,0,85.0,1,0
BUYER-08282,HIGH_RISK,269,13,0.727,1,48.5,1,1
BUYER-08283,MEDIUM_RISK,602,24,0.917,1,72.5,1,0
BUYER-08284,LOW_RISK,1118,10,0.953,0,91.0,1,0
BUYER-08285,LOW_RISK,427,28,0.967,0,84.8,1,0
BUYER-08286,MEDIUM_RISK,127,8,0.812,0,70.6,1,0
BUYER-08287,LOW_RISK,1758,13,0.978,0,84.6,1,0
BUYER-08288,LOW_RISK,519,61,0.974,0,97.5,1,1
BUYER-08289,LOW_RISK,303,62,0.983,0,88.6,1,0
BUYER-08290,LOW_RISK,219,28,0.977,0,87.8,1,0
BUYER-08291,HIGH_RISK,119,10,0.789,1,46.1,1,0
BUYER-08292,LOW_RISK,1504,56,0.973,0,88.6,1,0
BUYER-08293,LOW_RISK,1004,77,0.957,0,83.7,1,0
BUYER-08294,LOW_RISK,1648,10,0.991,0,85.0,1,0
BUYER-08295,LOW_RISK,1705,70,0.95,0,94.1,1,0
BUYER-08296,MEDIUM_RISK,637,3,0.863,0,74.5,1,0
BUYER-08297,LOW_RISK,1178,76,0.989,0,90.4,1,0
BUYER-08298,LOW_RISK,1228,63,0.996,0,93.3,1,0
BUYER-08299,LOW_RISK,1070,38,0.958,0,90.0,1,0
BUYER-08300,MEDIUM_RISK,65,21,0.935,0,76.4,1,0
BUYER-08301,LOW_RISK,660,44,0.975,0,91.5,1,0
BUYER-08302,LOW_RISK,1557,65,0.975,0,86.9,1,0
BUYER-08303,LOW_RISK,1081,62,0.997,0,84.8,1,0
BUYER-08304,LOW_RISK,1019,54,0.953,0,89.6,1,0
BUYER-08305,LOW_RISK,766,44,0.991,0,88.3,1,0
BUYER-08306,LOW_RISK,1084,27,0.971,0,88.3,1,0
BUYER-08307,LOW_RISK,1566,45,0.954,0,91.6,1,0
BUYER-08308,LOW_RISK,508,74,0.955,0,98.0,1,0
BUYER-08309,LOW_RISK,735,73,0.974,0,87.6,1,0
BUYER-08310,LOW_RISK,262,34,0.965,0,94.2,1,0
BUYER-08311,LOW_RISK,1725,29,0.953,0,89.0,1,0
BUYER-08312,LOW_RISK,547,60,0.981,0,97.6,1,0
BUYER-08313,LOW_RISK,299,37,0.956,0,93.9,1,0
BUYER-08314,LOW_RISK,1538,42,0.967,0,97.2,1,0
BUYER-08315,LOW_RISK,940,66,0.961,0,82.2,1,1
BUYER-08316,LOW_RISK,1645,14,1.0,0,89.4,1,0
BUYER-08317,MEDIUM_RISK,294,4,0.903,0,60.5,1,0
BUYER-08318,LOW_RISK,357,65,0.976,0,84.3,1,0
BUYER-08319,MEDIUM_RISK,182,11,0.865,1,72.9,1,0
BUYER-08320,LOW_RISK,933,25,0.956,0,93.3,1,0
BUYER-08321,LOW_RISK,589,71,0.988,0,91.2,1,0
BUYER-08322,LOW_RISK,230,17,0.986,0,87.7,1,0
BUYER-08323,LOW_RISK,609,61,0.986,0,94.3,1,0
BUYER-08324,LOW_RISK,1409,36,0.96,0,89.9,1,0
BUYER-08325,LOW_RISK,652,37,1.0,0,84.1,1,0
BUYER-08326,MEDIUM_RISK,575,14,0.898,0,58.8,1,0
BUYER-08327,LOW_RISK,1758,76,0.962,0,84.2,1,0
BUYER-08328,MEDIUM_RISK,254,18,0.894,0,59.5,1,0
BUYER-08329,MEDIUM_RISK,623,9,0.814,0,60.6,1,1
BUYER-08330,LOW_RISK,649,70,0.991,0,93.7,1,0
BUYER-08331,LOW_RISK,1643,16,0.95,0,93.1,1,0
BUYER-08332,LOW_RISK,819,28,0.983,0,86.0,1,0
BUYER-08333,LOW_RISK,249,36,0.987,0,82.2,1,0
BUYER-08334,LOW_RISK,584,34,0.962,0,94.2,1,0
BUYER-08335,LOW_RISK,1578,25,0.982,0,90.6,1,0
BUYER-08336,LOW_RISK,1233,36,0.977,0,87.9,1,0
BUYER-08337,HIGH_RISK,339,14,0.784,2,34.2,1,0
BUYER-08338,LOW_RISK,1502,72,0.995,0,92.0,1,0
BUYER-08339,LOW_RISK,205,44,0.973,0,89.0,1,0
BUYER-08340,LOW_RISK,1393,77,0.99,0,92.3,1,0
BUYER-08341,MEDIUM_RISK,410,24,0.895,1,66.5,1,0
BUYER-08342,LOW_RISK,1042,59,0.977,0,96.3,1,0
BUYER-08343,LOW_RISK,1516,59,0.965,0,95.5,1,0
BUYER-08344,LOW_RISK,910,49,0.965,0,95.3,1,0
BUYER-08345,HIGH_RISK,88,3,0.67,1,43.3,1,0
BUYER-08346,LOW_RISK,1284,38,0.973,0,92.7,1,0
BUYER-08347,LOW_RISK,1071,47,0.952,0,85.3,1,0
BUYER-08348,LOW_RISK,477,67,0.96,0,97.5,1,0
BUYER-08349,LOW_RISK,1413,64,0.976,0,87.8,1,0
BUYER-08350,LOW_RISK,598,43,0.986,0,84.1,1,0
BUYER-08351,MEDIUM_RISK,599,9,0.889,1,68.7,1,0
BUYER-08352,LOW_RISK,632,68,0.981,0,91.7,1,0
BUYER-08353,MEDIUM_RISK,560,9,0.895,0,56.9,1,0
BUYER-08354,LOW_RISK,942,12,0.962,0,83.5,1,0
BUYER-08355,LOW_RISK,1224,57,0.988,0,95.2,1,0
BUYER-08356,LOW_RISK,1041,54,0.99,0,94.5,1,0
BUYER-08357,LOW_RISK,1574,13,0.956,0,82.2,1,0
BUYER-08358,LOW_RISK,1072,65,0.994,0,93.8,1,0
BUYER-08359,LOW_RISK,1253,61,0.982,0,94.3,1,0
BUYER-08360,LOW_RISK,1005,68,0.961,0,86.8,1,0
BUYER-08361,LOW_RISK,1035,70,0.955,0,86.8,1,1
BUYER-08362,LOW_RISK,1343,78,0.971,0,84.3,1,0
BUYER-08363,LOW_RISK,1375,55,0.986,0,83.4,1,0
BUYER-08364,LOW_RISK,1676,10,0.962,0,87.4,1,0
BUYER-08365,LOW_RISK,815,28,0.993,0,88.1,1,0
BUYER-08366,LOW_RISK,492,23,0.966,0,91.1,1,0
BUYER-08367,LOW_RISK,1000,40,0.995,0,89.1,1,0
BUYER-08368,LOW_RISK,601,63,0.961,0,91.7,1,0
BUYER-08369,LOW_RISK,1439,53,0.996,0,86.6,1,0
BUYER-08370,LOW_RISK,591,54,0.966,0,93.9,1,0
BUYER-08371,LOW_RISK,1029,56,0.972,0,92.6,1,0
BUYER-08372,LOW_RISK,933,35,0.954,0,82.9,1,0
BUYER-08373,LOW_RISK,1184,37,0.952,0,84.4,1,1
BUYER-08374,LOW_RISK,366,12,0.983,0,93.8,1,0
BUYER-08375,LOW_RISK,1137,36,0.969,0,88.0,1,0
BUYER-08376,LOW_RISK,1578,31,0.968,0,88.2,1,0
BUYER-08377,LOW_RISK,1124,36,0.986,0,95.2,1,0
BUYER-08378,LOW_RISK,528,36,0.964,0,90.1,1,1
BUYER-08379,LOW_RISK,728,37,0.98,0,83.0,1,0
BUYER-08380,LOW_RISK,1547,60,0.95,0,83.5,1,0
BUYER-08381,LOW_RISK,433,14,0.98,0,86.8,1,0
BUYER-08382,LOW_RISK,1243,65,0.97,0,97.5,1,0
BUYER-08383,LOW_RISK,226,66,0.96,0,95.7,1,0
BUYER-08384,MEDIUM_RISK,187,16,0.843,0,77.2,1,0
BUYER-08385,LOW_RISK,1096,35,0.983,0,90.2,1,0
BUYER-08386,LOW_RISK,1437,56,0.982,0,86.5,1,0
BUYER-08387,HIGH_RISK,262,8,0.751,2,45.4,1,1
BUYER-08388,LOW_RISK,1442,12,0.98,0,89.9,1,0
BUYER-08389,LOW_RISK,1029,47,0.996,0,94.3,1,0
BUYER-08390,LOW_RISK,1525,56,0.982,0,90.9,1,0
BUYER-08391,LOW_RISK,209,46,0.968,0,89.9,1,0
BUYER-08392,LOW_RISK,685,44,0.971,0,97.4,1,0
BUYER-08393,HIGH_RISK,168,6,0.774,1,45.5,1,1
BUYER-08394,LOW_RISK,1590,39,0.977,0,94.3,1,0
BUYER-08395,LOW_RISK,296,51,0.957,0,97.1,1,0
BUYER-08396,LOW_RISK,241,52,0.969,0,87.5,1,0
BUYER-08397,LOW_RISK,359,80,0.96,0,90.7,1,0
BUYER-08398,LOW_RISK,800,67,0.972,0,91.5,1,0
BUYER-08399,MEDIUM_RISK,582,19,0.833,0,65.7,1,0
BUYER-08400,HIGH_RISK,140,15,0.65,1,32.7,1,1
BUYER-08401,LOW_RISK,1005,75,0.966,0,85.4,1,0
BUYER-08402,MEDIUM_RISK,71,15,0.822,0,62.8,1,0
BUYER-08403,LOW_RISK,486,40,0.952,0,95.8,1,1
BUYER-08404,LOW_RISK,1500,59,0.964,0,94.8,1,0
BUYER-08405,LOW_RISK,1490,31,0.963,0,85.6,1,0
BUYER-08406,LOW_RISK,1766,39,0.968,0,90.5,1,0
BUYER-08407,LOW_RISK,1398,52,0.959,0,83.8,1,0
BUYER-08408,LOW_RISK,389,55,0.969,0,95.2,1,0
BUYER-08409,LOW_RISK,1213,67,0.953,0,90.3,1,0
BUYER-08410,LOW_RISK,272,36,0.967,0,87.0,1,0
BUYER-08411,LOW_RISK,1453,47,0.969,0,82.0,1,0
BUYER-08412,REPEATED_HIGH_RISK,83,2,0.281,6,13.2,1,1
BUYER-08413,LOW_RISK,745,68,0.972,0,96.6,1,0
BUYER-08414,LOW_RISK,430,20,0.971,0,85.0,1,0
BUYER-08415,LOW_RISK,417,53,0.952,0,94.1,1,0
BUYER-08416,LOW_RISK,1668,61,0.985,0,97.7,1,0
BUYER-08417,LOW_RISK,1308,62,0.986,0,93.4,1,0
BUYER-08418,LOW_RISK,1617,18,0.982,0,96.4,1,0
BUYER-08419,LOW_RISK,270,15,0.989,0,86.8,1,0
BUYER-08420,LOW_RISK,822,76,0.98,0,85.4,1,0
BUYER-08421,LOW_RISK,943,26,0.992,0,88.7,1,0
BUYER-08422,LOW_RISK,1644,61,0.95,0,95.0,1,0
BUYER-08423,LOW_RISK,1235,50,0.966,0,82.0,1,0
BUYER-08424,LOW_RISK,233,31,0.979,0,94.6,1,0
BUYER-08425,LOW_RISK,1166,34,0.989,0,82.2,1,1
BUYER-08426,LOW_RISK,243,18,0.959,0,86.7,1,0
BUYER-08427,LOW_RISK,904,69,0.955,0,90.7,1,0
BUYER-08428,REPEATED_HIGH_RISK,102,10,0.221,3,20.0,1,0
BUYER-08429,LOW_RISK,1424,24,0.959,0,88.4,1,0
BUYER-08430,LOW_RISK,1786,57,0.952,0,87.7,1,0
BUYER-08431,LOW_RISK,427,22,0.984,0,93.8,1,0
BUYER-08432,LOW_RISK,1394,38,0.992,0,91.2,1,0
BUYER-08433,LOW_RISK,1270,66,0.954,0,88.9,1,0
BUYER-08434,MEDIUM_RISK,534,5,0.868,0,67.9,1,0
BUYER-08435,HIGH_RISK,343,6,0.716,1,34.5,0,1
BUYER-08436,LOW_RISK,597,30,0.988,0,97.2,1,0
BUYER-08437,LOW_RISK,1323,56,0.951,0,96.7,1,0
BUYER-08438,LOW_RISK,1617,22,0.98,0,83.3,1,1
BUYER-08439,LOW_RISK,1390,38,0.96,0,84.2,1,0
BUYER-08440,LOW_RISK,1741,34,0.964,0,87.6,1,0
BUYER-08441,LOW_RISK,456,15,0.978,0,97.1,1,0
BUYER-08442,LOW_RISK,1760,43,0.952,0,82.8,1,0
BUYER-08443,LOW_RISK,616,71,0.994,0,83.2,1,0
BUYER-08444,LOW_RISK,1144,73,0.968,0,90.9,1,0
BUYER-08445,LOW_RISK,969,29,0.986,0,86.1,1,1
BUYER-08446,LOW_RISK,194,59,0.97,0,83.1,1,0
BUYER-08447,LOW_RISK,551,63,0.989,0,93.9,1,0
BUYER-08448,MEDIUM_RISK,63,23,0.832,0,56.4,1,1
BUYER-08449,LOW_RISK,975,57,0.997,0,88.9,1,0
BUYER-08450,LOW_RISK,1184,21,0.958,0,83.9,1,0
BUYER-08451,LOW_RISK,1063,16,0.992,0,83.0,1,0
BUYER-08452,LOW_RISK,347,25,0.983,0,84.1,1,0
BUYER-08453,LOW_RISK,1548,39,0.994,0,91.8,1,1
BUYER-08454,LOW_RISK,1426,38,0.96,0,84.9,1,0
BUYER-08455,HIGH_RISK,197,11,0.766,1,40.6,1,1
BUYER-08456,LOW_RISK,1194,27,0.953,0,94.6,1,0
BUYER-08457,LOW_RISK,632,24,0.99,0,95.1,1,0
BUYER-08458,LOW_RISK,878,65,0.978,0,93.0,1,0
BUYER-08459,HIGH_RISK,324,15,0.755,1,46.4,0,0
BUYER-08460,LOW_RISK,1373,59,0.982,0,91.1,1,0
BUYER-08461,HIGH_RISK,222,15,0.704,1,48.4,0,0
BUYER-08462,MEDIUM_RISK,397,3,0.848,0,57.1,1,0
BUYER-08463,LOW_RISK,468,16,0.992,0,94.7,1,0
BUYER-08464,LOW_RISK,192,76,0.956,0,94.6,1,0
BUYER-08465,REPEATED_HIGH_RISK,33,10,0.492,5,13.1,1,0
BUYER-08466,LOW_RISK,1013,15,0.994,0,93.2,1,1
BUYER-08467,LOW_RISK,1596,73,0.995,0,86.1,1,0
BUYER-08468,LOW_RISK,1766,80,0.992,0,86.4,1,0
BUYER-08469,LOW_RISK,1334,51,0.963,0,91.1,1,0
BUYER-08470,LOW_RISK,901,13,0.991,0,82.2,1,0
BUYER-08471,LOW_RISK,1572,52,0.991,0,96.6,1,0
BUYER-08472,LOW_RISK,251,62,0.991,0,93.1,1,1
BUYER-08473,LOW_RISK,1115,43,0.967,0,88.9,1,0
BUYER-08474,LOW_RISK,1321,38,0.984,0,92.2,1,0
BUYER-08475,MEDIUM_RISK,386,21,0.892,0,66.7,1,1
BUYER-08476,LOW_RISK,470,45,0.954,0,84.3,1,1
BUYER-08477,LOW_RISK,1447,12,0.965,0,87.7,1,0
BUYER-08478,LOW_RISK,1512,66,0.995,0,84.9,1,0
BUYER-08479,LOW_RISK,570,78,0.964,0,88.5,1,0
BUYER-08480,HIGH_RISK,214,11,0.616,1,42.2,1,0
BUYER-08481,LOW_RISK,887,34,0.952,0,88.3,1,0
BUYER-08482,LOW_RISK,765,73,0.957,0,97.7,1,0
BUYER-08483,MEDIUM_RISK,440,6,0.866,1,62.0,1,0
BUYER-08484,MEDIUM_RISK,414,19,0.845,1,76.8,1,0
BUYER-08485,LOW_RISK,455,59,0.956,0,94.9,1,0
BUYER-08486,LOW_RISK,974,20,0.956,0,88.2,1,0
BUYER-08487,LOW_RISK,460,79,0.97,0,82.1,1,0
BUYER-08488,LOW_RISK,568,49,0.98,0,84.0,1,0
BUYER-08489,LOW_RISK,999,80,0.98,0,92.1,1,0
BUYER-08490,LOW_RISK,1789,62,0.974,0,82.7,1,0
BUYER-08491,LOW_RISK,990,57,0.969,0,95.4,1,1
BUYER-08492,LOW_RISK,1707,72,0.991,0,86.7,1,0
BUYER-08493,LOW_RISK,503,18,0.995,0,95.1,1,0
BUYER-08494,MEDIUM_RISK,539,7,0.829,0,72.2,1,0
BUYER-08495,LOW_RISK,482,51,0.957,0,84.9,1,0
BUYER-08496,HIGH_RISK,118,7,0.629,1,46.1,1,0
BUYER-08497,REPEATED_HIGH_RISK,106,2,0.2,5,22.9,1,1
BUYER-08498,LOW_RISK,1250,49,0.98,0,96.1,1,0
BUYER-08499,LOW_RISK,1106,33,0.955,0,97.3,1,0
BUYER-08500,LOW_RISK,295,53,0.989,0,82.1,1,0
BUYER-08501,LOW_RISK,917,39,0.967,0,94.3,1,0
BUYER-08502,LOW_RISK,565,25,0.976,0,87.9,1,0
BUYER-08503,LOW_RISK,1027,12,0.966,0,97.4,1,0
BUYER-08504,HIGH_RISK,334,5,0.655,1,34.5,0,1
BUYER-08505,LOW_RISK,486,26,0.986,0,93.4,1,0
BUYER-08506,LOW_RISK,193,20,0.994,0,96.7,1,0
BUYER-08507,LOW_RISK,1365,44,0.996,0,96.2,1,0
BUYER-08508,LOW_RISK,643,23,0.99,0,86.4,1,0
BUYER-08509,MEDIUM_RISK,686,5,0.839,0,55.7,1,1
BUYER-08510,LOW_RISK,1282,72,0.976,0,86.2,1,0
BUYER-08511,LOW_RISK,583,69,0.994,0,89.7,1,0
BUYER-08512,LOW_RISK,1740,79,0.958,0,96.0,1,0
BUYER-08513,LOW_RISK,272,29,0.955,0,83.8,1,0
BUYER-08514,LOW_RISK,1267,28,0.961,0,85.5,1,0
BUYER-08515,LOW_RISK,1455,76,0.954,0,83.7,1,0
BUYER-08516,LOW_RISK,211,15,0.99,0,91.1,1,0
BUYER-08517,HIGH_RISK,92,15,0.659,1,48.5,1,0
BUYER-08518,MEDIUM_RISK,382,17,0.873,0,69.8,1,1
BUYER-08519,LOW_RISK,1071,37,0.984,0,87.8,1,0
BUYER-08520,MEDIUM_RISK,514,17,0.936,0,73.6,1,1
BUYER-08521,LOW_RISK,890,26,0.971,0,94.3,1,0
BUYER-08522,LOW_RISK,795,74,0.976,0,90.5,1,0
BUYER-08523,LOW_RISK,580,73,0.991,0,84.4,1,0
BUYER-08524,LOW_RISK,816,47,0.987,0,84.1,1,1
BUYER-08525,LOW_RISK,839,35,0.966,0,83.1,1,0
BUYER-08526,LOW_RISK,1134,77,0.984,0,94.1,1,0
BUYER-08527,LOW_RISK,1313,13,0.967,0,97.8,1,0
BUYER-08528,LOW_RISK,695,53,0.968,0,90.9,1,0
BUYER-08529,LOW_RISK,1259,33,0.976,0,89.5,1,0
BUYER-08530,LOW_RISK,194,43,0.972,0,89.6,1,0
BUYER-08531,MEDIUM_RISK,418,15,0.899,0,67.8,0,0
BUYER-08532,LOW_RISK,1286,79,0.998,0,86.8,1,0
BUYER-08533,LOW_RISK,1627,74,0.972,0,93.6,1,0
BUYER-08534,LOW_RISK,444,17,0.981,0,87.0,1,0
BUYER-08535,LOW_RISK,327,37,0.986,0,88.2,1,0
BUYER-08536,LOW_RISK,917,34,0.955,0,94.4,1,0
BUYER-08537,LOW_RISK,1632,27,0.97,0,83.5,1,0
BUYER-08538,MEDIUM_RISK,700,4,0.867,0,62.1,1,0
BUYER-08539,LOW_RISK,348,42,0.99,0,86.2,1,1
BUYER-08540,MEDIUM_RISK,33,23,0.915,1,55.4,0,0
BUYER-08541,LOW_RISK,973,20,0.964,0,86.6,1,0
BUYER-08542,LOW_RISK,471,58,0.997,0,87.6,1,1
BUYER-08543,LOW_RISK,1124,49,0.964,0,85.3,1,0
BUYER-08544,LOW_RISK,321,71,0.955,0,84.0,1,0
BUYER-08545,LOW_RISK,922,39,0.961,0,85.9,1,0
BUYER-08546,LOW_RISK,746,67,0.958,0,88.9,1,0
BUYER-08547,LOW_RISK,1440,69,0.951,0,82.4,1,0
BUYER-08548,LOW_RISK,273,36,0.99,0,86.8,1,0
BUYER-08549,LOW_RISK,783,48,0.98,0,89.9,1,0
BUYER-08550,LOW_RISK,1693,79,0.985,0,95.0,1,0
BUYER-08551,MEDIUM_RISK,453,23,0.81,0,67.7,1,0
BUYER-08552,LOW_RISK,1217,21,0.992,0,89.6,1,0
BUYER-08553,LOW_RISK,1006,16,0.997,0,97.9,1,0
BUYER-08554,LOW_RISK,447,24,0.968,0,91.5,1,0
BUYER-08555,LOW_RISK,1202,42,0.961,0,89.0,1,0
BUYER-08556,LOW_RISK,629,75,0.956,0,96.4,1,0
BUYER-08557,LOW_RISK,1374,15,0.998,0,85.4,1,0
BUYER-08558,LOW_RISK,420,30,0.958,0,85.7,1,0
BUYER-08559,LOW_RISK,1413,51,0.963,0,82.7,1,0
BUYER-08560,MEDIUM_RISK,479,3,0.841,1,60.0,1,0
BUYER-08561,LOW_RISK,420,49,0.987,0,96.1,1,0
BUYER-08562,MEDIUM_RISK,567,9,0.912,0,68.3,0,1
BUYER-08563,LOW_RISK,814,68,0.974,0,95.7,1,0
BUYER-08564,MEDIUM_RISK,291,3,0.864,0,60.3,1,1
BUYER-08565,LOW_RISK,968,62,0.993,0,97.7,1,0
BUYER-08566,LOW_RISK,903,61,0.951,0,92.8,1,0
BUYER-08567,MEDIUM_RISK,490,15,0.935,0,58.3,1,0
BUYER-08568,MEDIUM_RISK,592,7,0.817,1,78.2,1,1
BUYER-08569,LOW_RISK,1792,78,0.956,0,91.3,1,0
BUYER-08570,LOW_RISK,615,74,0.971,0,97.3,1,0
BUYER-08571,LOW_RISK,517,71,0.978,0,86.2,1,0
BUYER-08572,LOW_RISK,1081,27,0.971,0,93.3,1,0
BUYER-08573,LOW_RISK,621,36,0.96,0,82.2,1,0
BUYER-08574,LOW_RISK,793,56,0.982,0,98.0,1,0
BUYER-08575,MEDIUM_RISK,471,21,0.823,1,73.3,1,0
BUYER-08576,LOW_RISK,1003,61,0.983,0,88.4,1,0
BUYER-08577,LOW_RISK,739,79,0.968,0,85.7,1,0
BUYER-08578,LOW_RISK,552,35,0.963,0,96.6,1,0
BUYER-08579,LOW_RISK,601,53,0.976,0,93.6,1,0
BUYER-08580,LOW_RISK,1364,21,0.956,0,90.3,1,0
BUYER-08581,LOW_RISK,813,65,0.968,0,84.5,1,1
BUYER-08582,LOW_RISK,715,33,0.956,0,96.0,1,0
BUYER-08583,MEDIUM_RISK,270,17,0.878,1,57.1,1,1
BUYER-08584,LOW_RISK,1730,12,0.965,0,93.4,1,0
BUYER-08585,LOW_RISK,641,58,0.963,0,97.2,1,0
BUYER-08586,LOW_RISK,374,20,0.984,0,93.6,1,0
BUYER-08587,MEDIUM_RISK,623,14,0.93,1,72.7,1,0
BUYER-08588,LOW_RISK,1311,57,0.979,0,86.1,1,1
BUYER-08589,LOW_RISK,330,41,0.975,0,94.1,1,0
BUYER-08590,LOW_RISK,393,36,0.988,0,88.6,1,1
BUYER-08591,MEDIUM_RISK,433,13,0.881,0,59.3,1,0
BUYER-08592,LOW_RISK,998,69,0.971,0,89.9,1,0
BUYER-08593,LOW_RISK,1179,56,0.978,0,87.8,1,0
BUYER-08594,MEDIUM_RISK,602,16,0.81,1,75.0,1,0
BUYER-08595,LOW_RISK,812,21,0.974,0,98.0,1,0
BUYER-08596,LOW_RISK,329,54,0.961,0,95.0,1,0
BUYER-08597,LOW_RISK,1317,13,0.998,0,92.4,1,0
BUYER-08598,LOW_RISK,789,32,0.972,0,89.9,1,0
BUYER-08599,LOW_RISK,446,34,0.96,0,91.7,1,0
BUYER-08600,LOW_RISK,1571,72,0.992,0,83.8,1,0
BUYER-08601,LOW_RISK,236,14,0.955,0,83.3,1,0
BUYER-08602,LOW_RISK,1428,23,0.967,0,90.4,1,0
BUYER-08603,MEDIUM_RISK,30,12,0.84,0,73.0,1,1
BUYER-08604,LOW_RISK,1025,42,0.975,0,84.5,1,0
BUYER-08605,LOW_RISK,332,43,1.0,0,91.7,1,0
BUYER-08606,LOW_RISK,358,10,0.993,0,90.4,1,0
BUYER-08607,LOW_RISK,986,22,0.99,0,88.2,1,0
BUYER-08608,LOW_RISK,692,68,0.985,0,82.3,1,0
BUYER-08609,LOW_RISK,1467,21,0.967,0,96.5,1,0
BUYER-08610,MEDIUM_RISK,259,19,0.893,1,55.6,1,0
BUYER-08611,LOW_RISK,1110,58,0.973,0,85.7,1,0
BUYER-08612,MEDIUM_RISK,492,8,0.937,1,69.0,1,0
BUYER-08613,REPEATED_HIGH_RISK,107,3,0.217,4,23.2,1,0
BUYER-08614,LOW_RISK,1118,33,0.972,0,85.6,1,0
BUYER-08615,LOW_RISK,535,17,0.968,0,94.8,1,0
BUYER-08616,HIGH_RISK,305,11,0.683,2,34.7,0,1
BUYER-08617,HIGH_RISK,151,7,0.718,1,40.0,0,0
BUYER-08618,LOW_RISK,1541,56,0.968,0,92.9,1,0
BUYER-08619,LOW_RISK,1445,35,0.958,0,96.0,1,0
BUYER-08620,LOW_RISK,1136,10,0.956,0,92.9,1,0
BUYER-08621,REPEATED_HIGH_RISK,85,3,0.517,6,21.5,1,1
BUYER-08622,LOW_RISK,601,33,0.987,0,95.6,1,1
BUYER-08623,LOW_RISK,189,64,0.975,0,88.5,1,0
BUYER-08624,MEDIUM_RISK,595,25,0.875,1,70.4,1,0
BUYER-08625,LOW_RISK,1307,63,0.988,0,82.6,1,1
BUYER-08626,LOW_RISK,1728,77,0.967,0,91.7,1,0
BUYER-08627,LOW_RISK,590,54,0.975,0,97.8,1,0
BUYER-08628,MEDIUM_RISK,520,21,0.841,0,60.1,1,0
BUYER-08629,LOW_RISK,1607,34,1.0,0,88.6,1,0
BUYER-08630,LOW_RISK,736,73,0.953,0,88.1,1,0
BUYER-08631,LOW_RISK,487,72,0.97,0,89.9,1,0
BUYER-08632,LOW_RISK,1048,54,0.98,0,94.9,1,0
BUYER-08633,LOW_RISK,720,52,0.976,0,92.5,1,0
BUYER-08634,LOW_RISK,973,59,0.981,0,95.1,1,0
BUYER-08635,LOW_RISK,1476,43,0.999,0,93.9,1,0
BUYER-08636,LOW_RISK,894,55,0.992,0,94.9,1,0
BUYER-08637,LOW_RISK,668,45,0.993,0,96.5,1,0
BUYER-08638,LOW_RISK,834,14,0.986,0,84.1,1,0
BUYER-08639,LOW_RISK,228,56,0.962,0,89.9,1,1
BUYER-08640,LOW_RISK,1409,10,0.978,0,86.4,1,0
BUYER-08641,MEDIUM_RISK,566,22,0.856,0,76.1,1,0
BUYER-08642,LOW_RISK,1494,43,0.967,0,82.4,1,0
BUYER-08643,LOW_RISK,1083,54,0.964,0,95.9,1,0
BUYER-08644,LOW_RISK,246,71,0.976,0,88.0,1,0
BUYER-08645,LOW_RISK,1269,37,0.96,0,90.5,1,0
BUYER-08646,LOW_RISK,1005,34,0.959,0,91.7,1,1
BUYER-08647,LOW_RISK,687,62,0.98,0,86.8,1,0
BUYER-08648,LOW_RISK,1696,77,0.952,0,96.7,1,0
BUYER-08649,LOW_RISK,1779,13,0.974,0,89.3,1,0
BUYER-08650,LOW_RISK,293,45,0.954,0,82.0,1,0
BUYER-08651,LOW_RISK,971,37,0.959,0,97.8,1,0
BUYER-08652,LOW_RISK,707,13,0.966,0,82.7,1,1
BUYER-08653,LOW_RISK,1691,28,0.97,0,90.3,1,0
BUYER-08654,LOW_RISK,1271,67,0.982,0,88.9,1,0
BUYER-08655,LOW_RISK,593,47,0.996,0,89.5,1,0
BUYER-08656,LOW_RISK,1506,64,0.963,0,97.7,1,0
BUYER-08657,LOW_RISK,1795,60,0.993,0,93.9,1,0
BUYER-08658,LOW_RISK,687,37,0.993,0,97.2,1,1
BUYER-08659,LOW_RISK,1174,35,0.991,0,91.1,1,0
BUYER-08660,MEDIUM_RISK,515,11,0.816,0,69.3,1,1
BUYER-08661,LOW_RISK,1782,16,0.985,0,94.1,1,1
BUYER-08662,LOW_RISK,760,18,0.953,0,83.4,1,0
BUYER-08663,LOW_RISK,546,72,0.972,0,89.7,1,0
BUYER-08664,LOW_RISK,1272,24,0.984,0,91.5,1,0
BUYER-08665,LOW_RISK,415,60,0.965,0,90.3,1,0
BUYER-08666,LOW_RISK,1392,69,0.974,0,92.1,1,0
BUYER-08667,LOW_RISK,594,76,0.96,0,85.8,1,0
BUYER-08668,LOW_RISK,224,64,0.954,0,86.0,1,0
BUYER-08669,LOW_RISK,838,67,0.993,0,87.9,1,0
BUYER-08670,LOW_RISK,1625,70,0.976,0,85.4,1,0
BUYER-08671,HIGH_RISK,189,2,0.78,1,47.5,1,1
BUYER-08672,LOW_RISK,1549,33,0.97,0,85.0,1,0
BUYER-08673,LOW_RISK,1137,13,0.986,0,95.8,1,0
BUYER-08674,LOW_RISK,1143,52,0.972,0,89.5,1,0
BUYER-08675,LOW_RISK,1164,20,0.982,0,96.6,1,0
BUYER-08676,LOW_RISK,1289,25,0.997,0,91.6,1,0
BUYER-08677,LOW_RISK,669,61,0.996,0,95.8,1,1
BUYER-08678,LOW_RISK,1347,24,0.956,0,89.9,1,0
BUYER-08679,LOW_RISK,699,56,0.98,0,91.4,1,0
BUYER-08680,LOW_RISK,789,23,0.985,0,97.5,1,0
BUYER-08681,LOW_RISK,688,73,0.971,0,90.0,1,0
BUYER-08682,LOW_RISK,198,52,0.996,0,90.1,1,0
BUYER-08683,LOW_RISK,203,72,0.979,0,94.1,1,1
BUYER-08684,LOW_RISK,1466,61,0.992,0,87.8,1,0
BUYER-08685,LOW_RISK,241,64,0.963,0,89.9,1,1
BUYER-08686,LOW_RISK,1111,77,0.96,0,90.6,1,0
BUYER-08687,LOW_RISK,1501,48,0.972,0,93.7,1,0
BUYER-08688,LOW_RISK,1229,35,0.99,0,85.6,1,0
BUYER-08689,LOW_RISK,1239,54,0.973,0,88.9,1,0
BUYER-08690,LOW_RISK,852,46,0.985,0,82.1,1,0
BUYER-08691,LOW_RISK,776,43,0.981,0,89.7,1,0
BUYER-08692,LOW_RISK,1232,17,0.981,0,85.0,1,1
BUYER-08693,LOW_RISK,1105,80,0.993,0,90.1,1,0
BUYER-08694,LOW_RISK,1538,59,0.99,0,86.1,1,0
BUYER-08695,LOW_RISK,1694,20,0.971,0,93.9,1,0
BUYER-08696,LOW_RISK,846,74,0.991,0,97.2,1,0
BUYER-08697,HIGH_RISK,151,2,0.705,1,43.2,0,1
BUYER-08698,LOW_RISK,826,37,0.951,0,97.9,1,0
BUYER-08699,LOW_RISK,1461,14,0.973,0,96.2,1,0
BUYER-08700,LOW_RISK,1072,10,0.992,0,95.2,1,0
BUYER-08701,MEDIUM_RISK,188,16,0.887,0,73.7,1,0
BUYER-08702,MEDIUM_RISK,157,14,0.822,0,75.0,1,0
BUYER-08703,LOW_RISK,1509,14,0.995,0,91.7,1,0
BUYER-08704,LOW_RISK,1404,61,0.969,0,85.5,1,0
BUYER-08705,LOW_RISK,1409,31,0.996,0,87.7,1,0
BUYER-08706,LOW_RISK,998,55,0.963,0,82.1,1,0
BUYER-08707,LOW_RISK,681,13,0.972,0,92.3,1,0
BUYER-08708,LOW_RISK,420,55,0.964,0,94.7,1,0
BUYER-08709,LOW_RISK,303,33,0.984,0,85.3,1,0
BUYER-08710,LOW_RISK,514,13,0.956,0,95.9,1,0
BUYER-08711,LOW_RISK,1466,55,0.961,0,90.9,1,1
BUYER-08712,LOW_RISK,848,10,0.951,0,84.0,1,0
BUYER-08713,LOW_RISK,340,78,0.957,0,82.6,1,0
BUYER-08714,LOW_RISK,1598,59,0.997,0,84.0,1,0
BUYER-08715,MEDIUM_RISK,86,12,0.874,0,58.0,1,0
BUYER-08716,MEDIUM_RISK,63,21,0.833,0,78.2,1,1
BUYER-08717,LOW_RISK,889,48,0.977,0,93.3,1,0
BUYER-08718,LOW_RISK,625,76,0.968,0,94.1,1,0
BUYER-08719,MEDIUM_RISK,527,22,0.863,0,59.9,1,1
BUYER-08720,LOW_RISK,1256,29,0.964,0,93.5,1,0
BUYER-08721,LOW_RISK,1486,51,0.962,0,95.3,1,0
BUYER-08722,LOW_RISK,947,20,0.977,0,89.8,1,0
BUYER-08723,LOW_RISK,1569,34,0.988,0,95.9,1,0
BUYER-08724,LOW_RISK,1074,45,0.993,0,91.4,1,0
BUYER-08725,MEDIUM_RISK,130,19,0.848,0,75.9,0,0
BUYER-08726,LOW_RISK,927,69,0.984,0,94.4,1,0
BUYER-08727,LOW_RISK,1784,77,0.983,0,83.3,1,0
BUYER-08728,LOW_RISK,873,15,0.962,0,97.0,1,0
BUYER-08729,LOW_RISK,433,64,0.986,0,95.6,1,0
BUYER-08730,LOW_RISK,1450,52,0.992,0,86.2,1,0
BUYER-08731,LOW_RISK,1207,68,0.969,0,92.8,1,1
BUYER-08732,LOW_RISK,873,11,0.991,0,94.2,1,0
BUYER-08733,LOW_RISK,1229,80,0.964,0,93.8,1,1
BUYER-08734,LOW_RISK,1640,51,0.987,0,90.2,1,0
BUYER-08735,LOW_RISK,458,42,0.964,0,93.4,1,0
BUYER-08736,REPEATED_HIGH_RISK,17,5,0.549,3,16.9,1,0
BUYER-08737,LOW_RISK,1025,56,0.967,0,87.6,1,0
BUYER-08738,LOW_RISK,1609,36,0.968,0,87.3,1,0
BUYER-08739,LOW_RISK,1226,19,0.993,0,90.1,1,0
BUYER-08740,LOW_RISK,1637,27,0.983,0,89.1,1,1
BUYER-08741,LOW_RISK,1769,52,0.965,0,94.3,1,0
BUYER-08742,LOW_RISK,1105,73,0.997,0,86.3,1,0
BUYER-08743,LOW_RISK,1356,33,0.968,0,96.1,1,0
BUYER-08744,LOW_RISK,420,26,0.961,0,89.2,1,0
BUYER-08745,LOW_RISK,770,41,0.974,0,89.5,1,0
BUYER-08746,LOW_RISK,258,12,0.975,0,93.4,1,0
BUYER-08747,LOW_RISK,857,56,0.98,0,86.5,1,0
BUYER-08748,LOW_RISK,815,63,0.973,0,86.2,1,0
BUYER-08749,LOW_RISK,1653,23,0.972,0,84.1,1,0
BUYER-08750,LOW_RISK,1568,53,0.989,0,92.5,1,0
BUYER-08751,LOW_RISK,1180,25,0.958,0,87.8,1,0
BUYER-08752,LOW_RISK,632,53,0.995,0,96.9,1,0
BUYER-08753,LOW_RISK,1770,67,0.972,0,86.2,1,0
BUYER-08754,LOW_RISK,1683,12,0.969,0,84.0,1,0
BUYER-08755,HIGH_RISK,94,14,0.787,1,40.3,1,0
BUYER-08756,MEDIUM_RISK,524,15,0.85,1,74.3,0,0
BUYER-08757,LOW_RISK,759,57,0.997,0,93.1,1,0
BUYER-08758,LOW_RISK,593,45,0.955,0,96.5,1,0
BUYER-08759,LOW_RISK,1484,16,0.953,0,86.5,1,0
BUYER-08760,LOW_RISK,926,53,0.978,0,94.6,1,0
BUYER-08761,LOW_RISK,903,55,0.981,0,87.4,1,0
BUYER-08762,LOW_RISK,924,65,0.99,0,97.3,1,0
BUYER-08763,LOW_RISK,1048,37,0.96,0,94.7,1,0
BUYER-08764,MEDIUM_RISK,525,25,0.936,0,73.3,0,0
BUYER-08765,LOW_RISK,1029,75,0.953,0,95.1,1,0
BUYER-08766,LOW_RISK,1434,55,0.988,0,86.8,1,0
BUYER-08767,LOW_RISK,1703,21,0.951,0,88.7,1,0
BUYER-08768,LOW_RISK,1649,16,0.965,0,83.3,1,0
BUYER-08769,LOW_RISK,361,57,0.996,0,92.9,1,0
BUYER-08770,LOW_RISK,1325,51,0.988,0,83.5,1,1
BUYER-08771,LOW_RISK,1650,68,0.979,0,85.6,1,1
BUYER-08772,LOW_RISK,1318,59,0.994,0,94.5,1,0
BUYER-08773,LOW_RISK,1441,41,0.994,0,92.7,1,0
BUYER-08774,LOW_RISK,1040,14,0.976,0,97.3,1,0
BUYER-08775,HIGH_RISK,280,10,0.704,1,43.0,1,0
BUYER-08776,LOW_RISK,230,21,0.952,0,87.9,1,0
BUYER-08777,HIGH_RISK,297,5,0.713,2,33.6,1,0
BUYER-08778,LOW_RISK,936,36,0.959,0,84.6,1,0
BUYER-08779,LOW_RISK,763,16,0.952,0,93.3,1,1
BUYER-08780,LOW_RISK,1584,40,0.985,0,97.0,1,0
BUYER-08781,LOW_RISK,1067,41,0.975,0,82.7,1,0
BUYER-08782,MEDIUM_RISK,32,24,0.894,1,60.7,1,1
BUYER-08783,LOW_RISK,1327,67,0.976,0,97.1,1,0
BUYER-08784,LOW_RISK,308,78,0.981,0,90.5,1,0
BUYER-08785,LOW_RISK,760,67,0.976,0,94.0,1,0
BUYER-08786,LOW_RISK,1024,67,0.972,0,86.0,1,1
BUYER-08787,LOW_RISK,739,27,0.987,0,90.7,1,0
BUYER-08788,LOW_RISK,792,75,0.985,0,85.0,1,1
BUYER-08789,LOW_RISK,561,61,0.972,0,89.7,1,1
BUYER-08790,LOW_RISK,484,62,0.965,0,95.6,1,0
BUYER-08791,MEDIUM_RISK,293,17,0.891,1,59.7,1,0
BUYER-08792,LOW_RISK,1581,31,0.988,0,91.6,1,0
BUYER-08793,LOW_RISK,1069,62,0.962,0,91.5,1,1
BUYER-08794,LOW_RISK,1513,51,0.976,0,92.9,1,0
BUYER-08795,LOW_RISK,1305,70,0.972,0,95.7,1,0
BUYER-08796,LOW_RISK,738,31,0.966,0,90.4,1,0
BUYER-08797,LOW_RISK,1539,21,0.965,0,97.2,1,1
BUYER-08798,LOW_RISK,966,37,0.999,0,91.1,1,0
BUYER-08799,LOW_RISK,1620,52,0.962,0,95.0,1,0
BUYER-08800,LOW_RISK,856,65,0.97,0,92.5,1,0
BUYER-08801,LOW_RISK,581,45,0.951,0,84.4,1,0
BUYER-08802,LOW_RISK,955,11,0.992,0,97.0,1,0
BUYER-08803,LOW_RISK,948,44,0.988,0,91.4,1,0
BUYER-08804,REPEATED_HIGH_RISK,106,8,0.454,3,27.2,1,1
BUYER-08805,LOW_RISK,429,78,0.959,0,84.2,1,0
BUYER-08806,MEDIUM_RISK,179,10,0.893,0,70.6,1,0
BUYER-08807,LOW_RISK,1502,27,0.963,0,91.0,1,0
BUYER-08808,LOW_RISK,461,33,0.995,0,85.6,1,0
BUYER-08809,LOW_RISK,605,39,0.974,0,90.9,1,0
BUYER-08810,LOW_RISK,732,16,0.999,0,92.8,1,0
BUYER-08811,LOW_RISK,311,36,0.976,0,89.9,1,0
BUYER-08812,LOW_RISK,796,76,0.998,0,89.9,1,0
BUYER-08813,MEDIUM_RISK,280,4,0.93,1,73.9,1,1
BUYER-08814,LOW_RISK,851,59,0.984,0,96.6,1,0
BUYER-08815,LOW_RISK,846,67,0.983,0,92.4,1,0
BUYER-08816,LOW_RISK,1544,57,0.991,0,89.4,1,0
BUYER-08817,LOW_RISK,969,10,0.953,0,87.6,1,0
BUYER-08818,LOW_RISK,317,26,0.996,0,92.2,1,0
BUYER-08819,LOW_RISK,1160,64,0.963,0,86.1,1,0
BUYER-08820,LOW_RISK,1412,43,0.961,0,88.6,1,0
BUYER-08821,LOW_RISK,639,31,0.973,0,87.9,1,0
BUYER-08822,REPEATED_HIGH_RISK,34,6,0.566,5,11.9,1,0
BUYER-08823,LOW_RISK,694,42,0.959,0,83.0,1,0
BUYER-08824,LOW_RISK,489,21,0.999,0,90.2,1,1
BUYER-08825,MEDIUM_RISK,483,11,0.864,0,57.4,1,0
BUYER-08826,LOW_RISK,935,27,0.953,0,87.2,1,0
BUYER-08827,LOW_RISK,1473,21,0.979,0,90.4,1,0
BUYER-08828,LOW_RISK,1553,12,0.99,0,88.5,1,0
BUYER-08829,LOW_RISK,1464,22,0.962,0,87.1,1,0
BUYER-08830,LOW_RISK,1300,50,0.952,0,83.4,1,0
BUYER-08831,LOW_RISK,718,34,0.996,0,95.3,1,0
BUYER-08832,LOW_RISK,1633,74,0.993,0,89.6,1,0
BUYER-08833,LOW_RISK,1046,62,0.986,0,85.3,1,0
BUYER-08834,LOW_RISK,1183,16,0.989,0,84.1,1,0
BUYER-08835,HIGH_RISK,119,10,0.618,1,38.8,0,0
BUYER-08836,LOW_RISK,1703,74,0.981,0,83.2,1,0
BUYER-08837,LOW_RISK,1185,15,0.952,0,84.4,1,0
BUYER-08838,LOW_RISK,1415,20,0.976,0,87.6,1,0
BUYER-08839,MEDIUM_RISK,700,12,0.881,0,73.4,1,0
BUYER-08840,LOW_RISK,921,12,0.967,0,84.1,1,0
BUYER-08841,LOW_RISK,218,33,0.968,0,91.9,1,0
BUYER-08842,MEDIUM_RISK,127,6,0.912,0,60.2,1,0
BUYER-08843,LOW_RISK,1211,34,0.952,0,97.1,1,0
BUYER-08844,MEDIUM_RISK,36,23,0.868,0,72.6,1,0
BUYER-08845,LOW_RISK,1699,56,0.956,0,82.6,1,0
BUYER-08846,LOW_RISK,337,11,0.98,0,84.5,1,0
BUYER-08847,MEDIUM_RISK,173,6,0.856,0,69.1,1,0
BUYER-08848,LOW_RISK,768,53,0.99,0,85.2,1,0
BUYER-08849,LOW_RISK,1121,24,0.964,0,89.2,1,1
BUYER-08850,LOW_RISK,497,15,0.964,0,83.3,1,0
BUYER-08851,MEDIUM_RISK,159,17,0.839,0,74.2,1,0
BUYER-08852,LOW_RISK,547,62,0.971,0,87.6,1,0
BUYER-08853,LOW_RISK,268,32,0.961,0,88.4,1,0
BUYER-08854,LOW_RISK,1027,55,0.967,0,82.4,1,0
BUYER-08855,LOW_RISK,1742,28,0.963,0,87.2,1,0
BUYER-08856,LOW_RISK,872,29,0.971,0,97.0,1,0
BUYER-08857,LOW_RISK,290,40,0.97,0,96.3,1,0
BUYER-08858,LOW_RISK,1710,17,0.957,0,93.6,1,0
BUYER-08859,LOW_RISK,410,10,0.95,0,97.4,1,0
BUYER-08860,LOW_RISK,1712,65,0.977,0,82.7,1,0
BUYER-08861,LOW_RISK,1365,10,0.966,0,97.3,1,0
BUYER-08862,LOW_RISK,1762,19,0.999,0,83.3,1,0
BUYER-08863,MEDIUM_RISK,565,5,0.919,0,65.9,1,0
BUYER-08864,LOW_RISK,1589,35,0.991,0,97.5,1,0
BUYER-08865,LOW_RISK,927,34,0.979,0,85.7,1,0
BUYER-08866,LOW_RISK,1605,39,0.951,0,95.8,1,0
BUYER-08867,LOW_RISK,738,77,0.964,0,91.3,1,0
BUYER-08868,LOW_RISK,834,20,0.994,0,88.7,1,0
BUYER-08869,LOW_RISK,1148,17,0.995,0,91.3,1,0
BUYER-08870,LOW_RISK,565,28,0.993,0,93.3,1,0
BUYER-08871,MEDIUM_RISK,262,4,0.821,0,59.2,1,0
BUYER-08872,LOW_RISK,1579,43,0.971,0,90.5,1,0
BUYER-08873,LOW_RISK,864,52,0.987,0,91.2,1,1
BUYER-08874,LOW_RISK,472,14,0.965,0,95.7,1,0
BUYER-08875,MEDIUM_RISK,698,5,0.845,0,62.3,1,1
BUYER-08876,LOW_RISK,1213,14,0.989,0,83.6,1,0
BUYER-08877,LOW_RISK,1422,38,0.96,0,88.3,1,0
BUYER-08878,LOW_RISK,927,41,0.961,0,88.7,1,0
BUYER-08879,LOW_RISK,1744,40,0.95,0,89.7,1,0
BUYER-08880,LOW_RISK,1761,57,0.985,0,85.1,1,0
BUYER-08881,LOW_RISK,1614,16,0.95,0,95.1,1,0
BUYER-08882,LOW_RISK,757,25,0.97,0,97.9,1,0
BUYER-08883,LOW_RISK,657,67,0.996,0,82.5,1,0
BUYER-08884,LOW_RISK,1504,28,0.955,0,89.4,1,0
BUYER-08885,LOW_RISK,1709,44,0.972,0,83.8,1,1
BUYER-08886,LOW_RISK,556,53,0.985,0,96.0,1,0
BUYER-08887,LOW_RISK,527,80,0.995,0,95.4,1,0
BUYER-08888,LOW_RISK,638,37,0.996,0,92.0,1,0
BUYER-08889,LOW_RISK,1337,70,0.955,0,92.3,1,0
BUYER-08890,LOW_RISK,1284,57,0.969,0,83.7,1,0
BUYER-08891,LOW_RISK,955,66,0.969,0,87.7,1,0
BUYER-08892,MEDIUM_RISK,126,18,0.933,0,60.7,1,1
BUYER-08893,REPEATED_HIGH_RISK,151,5,0.212,3,27.6,1,1
BUYER-08894,LOW_RISK,1584,54,0.986,0,96.3,1,0
BUYER-08895,LOW_RISK,1387,20,0.989,0,91.7,1,0
BUYER-08896,LOW_RISK,1302,34,0.962,0,92.4,1,0
BUYER-08897,LOW_RISK,1179,37,1.0,0,88.0,1,0
BUYER-08898,LOW_RISK,1498,73,0.951,0,91.6,1,0
BUYER-08899,LOW_RISK,707,48,0.952,0,87.6,1,0
BUYER-08900,HIGH_RISK,337,6,0.776,2,46.8,0,0
BUYER-08901,LOW_RISK,485,52,0.979,0,96.9,1,0
BUYER-08902,MEDIUM_RISK,407,17,0.803,0,66.9,1,1
BUYER-08903,LOW_RISK,962,57,0.95,0,86.2,1,0
BUYER-08904,LOW_RISK,548,11,0.973,0,96.1,1,1
BUYER-08905,LOW_RISK,836,64,0.957,0,97.1,1,0
BUYER-08906,LOW_RISK,553,67,0.956,0,92.6,1,1
BUYER-08907,LOW_RISK,507,62,0.951,0,84.1,1,0
BUYER-08908,LOW_RISK,1473,59,0.989,0,95.1,1,0
BUYER-08909,LOW_RISK,312,25,0.978,0,90.2,1,0
BUYER-08910,REPEATED_HIGH_RISK,12,3,0.21,4,16.7,0,1
BUYER-08911,LOW_RISK,186,18,0.979,0,95.5,1,0
BUYER-08912,LOW_RISK,187,18,0.983,0,82.8,1,0
BUYER-08913,MEDIUM_RISK,231,7,0.87,0,64.7,1,0
BUYER-08914,LOW_RISK,524,77,0.951,0,96.9,1,0
BUYER-08915,LOW_RISK,1548,77,0.973,0,95.2,1,0
BUYER-08916,LOW_RISK,1195,16,0.954,0,92.7,1,0
BUYER-08917,LOW_RISK,1130,27,0.985,0,90.1,1,0
BUYER-08918,MEDIUM_RISK,132,6,0.879,1,65.2,1,0
BUYER-08919,LOW_RISK,1523,61,0.965,0,82.5,1,0
BUYER-08920,LOW_RISK,1185,67,0.96,0,87.1,1,0
BUYER-08921,LOW_RISK,1397,56,0.97,0,94.8,1,0
BUYER-08922,LOW_RISK,1584,24,1.0,0,95.1,1,0
BUYER-08923,LOW_RISK,485,14,0.968,0,95.1,1,0
BUYER-08924,MEDIUM_RISK,153,9,0.852,0,60.8,1,0
BUYER-08925,LOW_RISK,1673,68,0.99,0,93.7,1,0
BUYER-08926,LOW_RISK,1782,32,0.968,0,82.8,1,0
BUYER-08927,LOW_RISK,910,23,0.971,0,94.0,1,0
BUYER-08928,LOW_RISK,1659,77,0.971,0,89.6,1,0
BUYER-08929,LOW_RISK,923,79,0.956,0,84.1,1,0
BUYER-08930,REPEATED_HIGH_RISK,35,9,0.476,5,18.2,0,0
BUYER-08931,LOW_RISK,757,73,0.973,0,85.8,1,0
BUYER-08932,LOW_RISK,1437,52,0.983,0,86.9,1,0
BUYER-08933,LOW_RISK,1279,40,0.969,0,91.7,1,0
BUYER-08934,LOW_RISK,1388,70,0.988,0,84.8,1,0
BUYER-08935,LOW_RISK,476,14,0.992,0,91.8,1,0
BUYER-08936,LOW_RISK,306,58,0.995,0,88.8,1,0
BUYER-08937,LOW_RISK,1363,25,0.957,0,95.0,1,0
BUYER-08938,MEDIUM_RISK,144,21,0.812,0,65.1,1,1
BUYER-08939,LOW_RISK,1378,34,0.961,0,85.8,1,0
BUYER-08940,LOW_RISK,256,37,0.981,0,85.9,1,1
BUYER-08941,LOW_RISK,1316,71,0.978,0,82.6,1,0
BUYER-08942,LOW_RISK,1493,60,0.977,0,90.2,1,0
BUYER-08943,MEDIUM_RISK,518,14,0.832,0,62.9,1,0
BUYER-08944,MEDIUM_RISK,369,8,0.859,0,59.1,1,0
BUYER-08945,LOW_RISK,458,45,0.989,0,97.3,1,1
BUYER-08946,MEDIUM_RISK,289,18,0.871,1,57.7,1,0
BUYER-08947,LOW_RISK,1323,30,0.97,0,95.7,1,0
BUYER-08948,MEDIUM_RISK,633,9,0.841,0,63.8,1,0
BUYER-08949,LOW_RISK,1105,39,0.979,0,84.6,1,0
BUYER-08950,LOW_RISK,441,27,0.979,0,83.3,1,0
BUYER-08951,LOW_RISK,1500,68,0.976,0,87.4,1,0
BUYER-08952,MEDIUM_RISK,38,10,0.879,0,61.6,1,1
BUYER-08953,LOW_RISK,1657,66,0.969,0,94.1,1,0
BUYER-08954,LOW_RISK,1507,17,0.966,0,97.4,1,0
BUYER-08955,LOW_RISK,1598,73,0.986,0,94.5,1,0
BUYER-08956,LOW_RISK,1332,20,0.973,0,85.3,1,0
BUYER-08957,LOW_RISK,437,48,0.961,0,92.3,1,0
BUYER-08958,MEDIUM_RISK,241,14,0.835,1,77.2,1,0
BUYER-08959,LOW_RISK,336,18,0.984,0,89.9,1,0
BUYER-08960,MEDIUM_RISK,62,21,0.82,1,78.2,1,0
BUYER-08961,LOW_RISK,503,16,0.981,0,90.2,1,0
BUYER-08962,LOW_RISK,1681,34,0.969,0,93.2,1,0
BUYER-08963,LOW_RISK,944,67,0.982,0,97.9,1,0
BUYER-08964,LOW_RISK,561,42,0.96,0,91.2,1,0
BUYER-08965,LOW_RISK,1013,78,0.969,0,95.2,1,0
BUYER-08966,LOW_RISK,1123,10,0.99,0,90.6,1,1
BUYER-08967,LOW_RISK,844,12,0.97,0,94.1,1,0
BUYER-08968,LOW_RISK,646,44,0.963,0,83.7,1,0
BUYER-08969,LOW_RISK,1789,18,0.951,0,84.3,1,0
BUYER-08970,LOW_RISK,1176,70,0.963,0,85.1,1,0
BUYER-08971,LOW_RISK,750,29,0.956,0,97.3,1,0
BUYER-08972,LOW_RISK,398,77,0.99,0,90.1,1,0
BUYER-08973,LOW_RISK,1491,63,0.981,0,97.0,1,0
BUYER-08974,LOW_RISK,1493,24,0.961,0,84.5,1,0
BUYER-08975,LOW_RISK,1465,41,0.968,0,97.5,1,0
BUYER-08976,LOW_RISK,837,36,0.976,0,94.7,1,0
BUYER-08977,LOW_RISK,1478,19,0.955,0,87.2,1,0
BUYER-08978,LOW_RISK,1202,14,0.993,0,86.8,1,0
BUYER-08979,LOW_RISK,936,60,0.953,0,83.5,1,0
BUYER-08980,LOW_RISK,1023,46,0.992,0,96.1,1,0
BUYER-08981,LOW_RISK,510,59,0.959,0,95.3,1,0
BUYER-08982,LOW_RISK,864,51,0.964,0,97.8,1,0
BUYER-08983,LOW_RISK,186,32,0.998,0,95.3,1,0
BUYER-08984,LOW_RISK,879,42,0.99,0,92.0,1,0
BUYER-08985,LOW_RISK,1604,31,0.957,0,86.0,1,0
BUYER-08986,LOW_RISK,762,10,0.975,0,95.8,1,0
BUYER-08987,LOW_RISK,1717,66,0.962,0,86.7,1,0
BUYER-08988,HIGH_RISK,156,8,0.673,1,33.1,0,0
BUYER-08989,LOW_RISK,1458,53,0.992,0,86.1,1,0
BUYER-08990,LOW_RISK,1583,16,0.986,0,82.8,1,0
BUYER-08991,LOW_RISK,283,41,0.996,0,90.4,1,0
BUYER-08992,LOW_RISK,337,16,0.972,0,97.9,1,0
BUYER-08993,LOW_RISK,912,23,0.97,0,87.4,1,1
BUYER-08994,LOW_RISK,332,43,0.982,0,93.8,1,0
BUYER-08995,LOW_RISK,1695,32,0.95,0,84.7,1,0
BUYER-08996,LOW_RISK,776,23,0.974,0,88.4,1,0
BUYER-08997,LOW_RISK,964,75,0.952,0,91.7,1,0
BUYER-08998,HIGH_RISK,238,6,0.726,2,33.5,1,1
BUYER-08999,LOW_RISK,1678,52,0.963,0,85.1,1,0
BUYER-09000,MEDIUM_RISK,231,16,0.855,1,72.5,1,0
BUYER-09001,MEDIUM_RISK,42,7,0.873,0,78.5,1,0
BUYER-09002,LOW_RISK,1403,18,0.966,0,88.9,1,0
BUYER-09003,LOW_RISK,1734,50,0.978,0,89.0,1,0
BUYER-09004,LOW_RISK,1434,22,0.983,0,93.6,1,0
BUYER-09005,LOW_RISK,1303,31,0.978,0,93.3,1,0
BUYER-09006,LOW_RISK,543,48,0.98,0,84.7,1,0
BUYER-09007,LOW_RISK,1377,24,0.982,0,83.6,1,0
BUYER-09008,LOW_RISK,759,30,0.979,0,96.6,1,0
BUYER-09009,LOW_RISK,733,74,0.956,0,83.8,1,0
BUYER-09010,LOW_RISK,194,20,0.961,0,90.2,1,1
BUYER-09011,LOW_RISK,921,60,0.995,0,91.3,1,0
BUYER-09012,LOW_RISK,1368,25,0.964,0,84.7,1,0
BUYER-09013,LOW_RISK,838,29,0.95,0,83.9,1,0
BUYER-09014,LOW_RISK,512,13,0.955,0,86.8,1,0
BUYER-09015,LOW_RISK,267,29,0.953,0,96.4,1,0
BUYER-09016,LOW_RISK,1504,48,0.985,0,89.0,1,0
BUYER-09017,LOW_RISK,1210,75,0.998,0,88.3,1,0
BUYER-09018,LOW_RISK,925,48,0.977,0,93.1,1,0
BUYER-09019,LOW_RISK,480,69,0.959,0,94.8,1,0
BUYER-09020,LOW_RISK,435,41,0.983,0,89.3,1,0
BUYER-09021,LOW_RISK,1548,51,0.997,0,97.2,1,1
BUYER-09022,MEDIUM_RISK,456,12,0.934,0,71.7,1,0
BUYER-09023,LOW_RISK,1361,25,1.0,0,97.5,1,0
BUYER-09024,LOW_RISK,571,29,0.986,0,91.0,1,0
BUYER-09025,LOW_RISK,232,22,0.955,0,83.0,1,0
BUYER-09026,LOW_RISK,824,27,0.961,0,87.7,1,0
BUYER-09027,LOW_RISK,1272,31,0.994,0,85.8,1,0
BUYER-09028,LOW_RISK,554,79,0.963,0,93.4,1,0
BUYER-09029,REPEATED_HIGH_RISK,10,4,0.256,5,15.9,0,0
BUYER-09030,LOW_RISK,984,71,0.992,0,92.1,1,0
BUYER-09031,LOW_RISK,1778,30,0.951,0,84.2,1,0
BUYER-09032,LOW_RISK,685,42,0.958,0,90.6,1,0
BUYER-09033,LOW_RISK,1083,15,0.991,0,89.6,1,0
BUYER-09034,MEDIUM_RISK,60,12,0.908,0,69.9,1,1
BUYER-09035,LOW_RISK,1678,35,0.983,0,92.2,1,0
BUYER-09036,LOW_RISK,1533,78,0.975,0,93.3,1,0
BUYER-09037,LOW_RISK,1053,60,0.995,0,86.8,1,0
BUYER-09038,MEDIUM_RISK,582,25,0.923,1,75.8,1,0
BUYER-09039,LOW_RISK,1176,27,0.954,0,89.2,1,1
BUYER-09040,LOW_RISK,872,32,0.99,0,95.5,1,1
BUYER-09041,LOW_RISK,286,12,0.962,0,85.5,1,0
BUYER-09042,LOW_RISK,253,57,0.993,0,82.3,1,0
BUYER-09043,HIGH_RISK,359,15,0.753,1,42.2,1,1
BUYER-09044,LOW_RISK,1189,28,0.964,0,89.4,1,0
BUYER-09045,LOW_RISK,461,54,0.964,0,88.9,1,0
BUYER-09046,LOW_RISK,772,18,0.972,0,95.0,1,0
BUYER-09047,LOW_RISK,1269,36,0.98,0,89.8,1,1
BUYER-09048,LOW_RISK,1069,39,0.979,0,87.1,1,0
BUYER-09049,HIGH_RISK,109,5,0.706,1,33.8,0,0
BUYER-09050,LOW_RISK,1309,31,0.99,0,90.2,1,0
BUYER-09051,LOW_RISK,570,58,0.982,0,97.5,1,0
BUYER-09052,LOW_RISK,1463,31,0.989,0,89.4,1,0
BUYER-09053,LOW_RISK,1513,64,0.976,0,89.6,1,0
BUYER-09054,LOW_RISK,1690,15,0.964,0,92.4,1,0
BUYER-09055,LOW_RISK,655,55,0.995,0,89.3,1,0
BUYER-09056,HIGH_RISK,348,5,0.615,1,42.4,1,0
BUYER-09057,MEDIUM_RISK,406,21,0.833,0,74.7,1,1
BUYER-09058,LOW_RISK,1665,64,0.984,0,91.5,1,0
BUYER-09059,LOW_RISK,1561,20,0.983,0,87.1,1,0
BUYER-09060,LOW_RISK,819,69,0.986,0,87.5,1,0
BUYER-09061,MEDIUM_RISK,510,23,0.8,0,66.5,1,0
BUYER-09062,MEDIUM_RISK,36,20,0.877,0,73.6,1,0
BUYER-09063,LOW_RISK,789,46,0.983,0,91.8,1,0
BUYER-09064,LOW_RISK,998,35,0.989,0,89.3,1,0
BUYER-09065,LOW_RISK,1213,63,0.985,0,88.6,1,0
BUYER-09066,LOW_RISK,1754,19,0.962,0,96.9,1,1
BUYER-09067,LOW_RISK,846,55,0.954,0,94.5,1,0
BUYER-09068,LOW_RISK,706,80,0.964,0,87.7,1,1
BUYER-09069,LOW_RISK,1712,31,0.958,0,87.9,1,0
BUYER-09070,LOW_RISK,861,53,0.955,0,95.1,1,0
BUYER-09071,MEDIUM_RISK,223,25,0.805,0,62.9,1,0
BUYER-09072,LOW_RISK,317,54,0.965,0,91.3,1,0
BUYER-09073,LOW_RISK,606,55,0.955,0,94.0,1,0
BUYER-09074,LOW_RISK,383,13,0.98,0,90.0,1,0
BUYER-09075,LOW_RISK,881,23,0.984,0,97.6,1,0
BUYER-09076,LOW_RISK,1058,39,0.97,0,87.7,1,0
BUYER-09077,LOW_RISK,1419,11,0.997,0,87.4,1,0
BUYER-09078,LOW_RISK,242,42,0.953,0,85.8,1,0
BUYER-09079,LOW_RISK,471,28,0.962,0,84.1,1,0
BUYER-09080,LOW_RISK,1617,72,0.992,0,94.6,1,1
BUYER-09081,LOW_RISK,1134,15,1.0,0,85.2,1,0
BUYER-09082,LOW_RISK,1569,32,0.961,0,95.2,1,0
BUYER-09083,LOW_RISK,409,27,0.976,0,89.1,1,0
BUYER-09084,LOW_RISK,1257,39,0.968,0,95.8,1,0
BUYER-09085,LOW_RISK,1561,66,0.987,0,95.6,1,0
BUYER-09086,LOW_RISK,835,27,0.998,0,83.9,1,0
BUYER-09087,LOW_RISK,510,66,0.987,0,97.2,1,0
BUYER-09088,HIGH_RISK,231,5,0.744,1,40.5,1,1
BUYER-09089,LOW_RISK,625,19,0.954,0,91.7,1,0
BUYER-09090,LOW_RISK,601,40,1.0,0,83.7,1,0
BUYER-09091,LOW_RISK,213,78,0.975,0,84.6,1,1
BUYER-09092,LOW_RISK,673,16,0.991,0,93.7,1,0
BUYER-09093,LOW_RISK,864,43,0.984,0,82.4,1,0
BUYER-09094,LOW_RISK,661,78,0.955,0,94.8,1,0
BUYER-09095,LOW_RISK,678,63,0.965,0,97.2,1,0
BUYER-09096,MEDIUM_RISK,124,24,0.805,0,56.1,1,0
BUYER-09097,LOW_RISK,318,74,0.958,0,83.2,1,0
BUYER-09098,LOW_RISK,697,13,0.977,0,89.2,1,0
BUYER-09099,MEDIUM_RISK,167,19,0.837,0,65.1,1,0
BUYER-09100,LOW_RISK,1049,80,0.974,0,89.1,1,0
BUYER-09101,LOW_RISK,1475,34,0.959,0,83.0,1,0
BUYER-09102,LOW_RISK,1343,71,0.993,0,95.7,1,0
BUYER-09103,LOW_RISK,609,26,0.998,0,86.5,1,1
BUYER-09104,LOW_RISK,1499,49,0.983,0,86.1,1,0
BUYER-09105,LOW_RISK,1663,36,0.965,0,84.1,1,0
BUYER-09106,LOW_RISK,268,62,0.968,0,95.9,1,0
BUYER-09107,LOW_RISK,222,47,0.992,0,82.0,1,0
BUYER-09108,LOW_RISK,204,47,0.956,0,84.0,1,1
BUYER-09109,LOW_RISK,868,56,0.967,0,93.9,1,0
BUYER-09110,LOW_RISK,1349,48,0.957,0,93.5,1,0
BUYER-09111,HIGH_RISK,90,12,0.729,2,43.5,1,0
BUYER-09112,LOW_RISK,1402,55,0.971,0,95.8,1,0
BUYER-09113,LOW_RISK,1598,69,0.957,0,83.4,1,0
BUYER-09114,LOW_RISK,953,19,0.986,0,94.8,1,0
BUYER-09115,LOW_RISK,1408,80,0.975,0,90.9,1,0
BUYER-09116,LOW_RISK,1109,72,0.971,0,93.8,1,0
BUYER-09117,LOW_RISK,939,18,0.961,0,89.7,1,1
BUYER-09118,REPEATED_HIGH_RISK,175,3,0.249,4,20.1,1,1
BUYER-09119,MEDIUM_RISK,116,20,0.936,0,60.4,1,0
BUYER-09120,MEDIUM_RISK,497,23,0.889,0,58.9,1,0
BUYER-09121,MEDIUM_RISK,314,19,0.867,1,55.9,1,0
BUYER-09122,LOW_RISK,919,24,0.979,0,87.1,1,0
BUYER-09123,LOW_RISK,1694,74,0.97,0,90.2,1,0
BUYER-09124,MEDIUM_RISK,116,23,0.903,0,65.9,1,0
BUYER-09125,LOW_RISK,1663,38,0.964,0,90.6,1,0
BUYER-09126,HIGH_RISK,30,9,0.783,1,41.8,1,0
BUYER-09127,LOW_RISK,1004,49,0.986,0,82.6,1,0
BUYER-09128,LOW_RISK,1462,23,0.967,0,89.8,1,0
BUYER-09129,LOW_RISK,833,75,0.967,0,85.1,1,0
BUYER-09130,HIGH_RISK,306,3,0.746,1,41.2,0,0
BUYER-09131,LOW_RISK,846,40,0.983,0,93.5,1,0
BUYER-09132,LOW_RISK,247,56,0.995,0,95.2,1,0
BUYER-09133,LOW_RISK,1410,34,0.988,0,91.3,1,1
BUYER-09134,LOW_RISK,1097,20,0.984,0,87.1,1,0
BUYER-09135,LOW_RISK,243,62,0.961,0,87.0,1,1
BUYER-09136,LOW_RISK,1041,68,0.95,0,97.6,1,1
BUYER-09137,LOW_RISK,1693,69,0.998,0,83.2,1,0
BUYER-09138,LOW_RISK,907,35,0.973,0,92.5,1,0
BUYER-09139,LOW_RISK,560,17,0.984,0,87.5,1,0
BUYER-09140,LOW_RISK,1577,54,0.986,0,94.1,1,0
BUYER-09141,LOW_RISK,1559,50,0.963,0,97.0,1,0
BUYER-09142,LOW_RISK,253,67,0.988,0,96.7,1,0
BUYER-09143,HIGH_RISK,318,12,0.679,2,40.0,1,0
BUYER-09144,LOW_RISK,1210,77,0.977,0,94.8,1,0
BUYER-09145,LOW_RISK,517,27,0.999,0,94.8,1,0
BUYER-09146,LOW_RISK,1741,14,0.987,0,89.3,1,0
BUYER-09147,LOW_RISK,466,11,0.996,0,82.3,1,0
BUYER-09148,LOW_RISK,1728,49,0.975,0,97.5,1,1
BUYER-09149,LOW_RISK,435,32,0.965,0,83.7,1,0
BUYER-09150,LOW_RISK,1088,56,0.983,0,90.6,1,0
BUYER-09151,LOW_RISK,211,45,0.955,0,96.2,1,0
BUYER-09152,LOW_RISK,1601,49,0.978,0,88.5,1,0
BUYER-09153,LOW_RISK,347,76,0.971,0,97.2,1,0
BUYER-09154,LOW_RISK,485,65,0.956,0,86.7,1,0
BUYER-09155,LOW_RISK,1199,17,0.985,0,91.0,1,0
BUYER-09156,LOW_RISK,1028,70,0.954,0,94.9,1,0
BUYER-09157,MEDIUM_RISK,150,19,0.865,0,73.7,0,0
BUYER-09158,LOW_RISK,652,41,0.958,0,89.4,1,0
BUYER-09159,LOW_RISK,276,46,0.983,0,85.6,1,0
BUYER-09160,LOW_RISK,1725,13,0.973,0,84.2,1,0
BUYER-09161,MEDIUM_RISK,415,24,0.859,0,67.7,1,0
BUYER-09162,LOW_RISK,1436,71,0.983,0,86.1,1,0
BUYER-09163,LOW_RISK,1571,17,0.988,0,92.2,1,1
BUYER-09164,LOW_RISK,296,43,0.99,0,85.6,1,0
BUYER-09165,HIGH_RISK,66,14,0.688,2,42.6,1,0
BUYER-09166,MEDIUM_RISK,542,21,0.88,1,61.3,1,0
BUYER-09167,MEDIUM_RISK,617,8,0.84,1,55.5,1,0
BUYER-09168,LOW_RISK,1260,25,0.955,0,97.0,1,0
BUYER-09169,LOW_RISK,572,17,0.955,0,88.8,1,0
BUYER-09170,LOW_RISK,770,41,0.957,0,83.3,1,0
BUYER-09171,LOW_RISK,721,55,0.984,0,95.0,1,0
BUYER-09172,MEDIUM_RISK,129,19,0.91,0,59.0,1,1
BUYER-09173,LOW_RISK,932,20,0.995,0,89.6,1,0
BUYER-09174,LOW_RISK,224,41,0.964,0,96.5,1,0
BUYER-09175,LOW_RISK,1122,44,0.96,0,95.5,1,0
BUYER-09176,LOW_RISK,905,58,0.99,0,89.5,1,0
BUYER-09177,LOW_RISK,238,52,0.96,0,84.2,1,0
BUYER-09178,LOW_RISK,367,29,0.96,0,83.2,1,0
BUYER-09179,LOW_RISK,869,43,0.955,0,83.1,1,0
BUYER-09180,LOW_RISK,1392,13,0.982,0,82.4,1,1
BUYER-09181,LOW_RISK,203,72,0.955,0,93.8,1,0
BUYER-09182,LOW_RISK,1510,36,0.953,0,82.5,1,1
BUYER-09183,LOW_RISK,443,32,0.954,0,92.8,1,0
BUYER-09184,LOW_RISK,722,30,0.982,0,88.8,1,0
BUYER-09185,LOW_RISK,1076,41,0.987,0,87.8,1,0
BUYER-09186,LOW_RISK,589,43,0.983,0,87.1,1,0
BUYER-09187,LOW_RISK,1049,25,0.956,0,88.5,1,0
BUYER-09188,LOW_RISK,1583,50,0.983,0,91.9,1,0
BUYER-09189,HIGH_RISK,327,6,0.651,1,34.4,1,0
BUYER-09190,LOW_RISK,1617,20,0.977,0,95.6,1,0
BUYER-09191,MEDIUM_RISK,367,13,0.829,0,73.3,1,0
BUYER-09192,LOW_RISK,828,78,0.999,0,88.4,1,1
BUYER-09193,MEDIUM_RISK,160,23,0.887,1,56.4,1,1
BUYER-09194,LOW_RISK,398,44,0.993,0,91.3,1,0
BUYER-09195,MEDIUM_RISK,348,4,0.826,0,59.6,1,0
BUYER-09196,LOW_RISK,579,54,0.978,0,91.5,1,0
BUYER-09197,LOW_RISK,892,75,0.953,0,85.3,1,0
BUYER-09198,HIGH_RISK,357,13,0.777,1,37.7,1,1
BUYER-09199,LOW_RISK,1500,31,0.975,0,82.5,1,0
BUYER-09200,LOW_RISK,237,73,0.966,0,96.0,1,0
BUYER-09201,HIGH_RISK,355,10,0.617,1,43.7,0,0
BUYER-09202,LOW_RISK,1471,67,0.99,0,87.8,1,0
BUYER-09203,LOW_RISK,1794,47,0.996,0,87.7,1,0
BUYER-09204,LOW_RISK,754,70,0.975,0,89.7,1,0
BUYER-09205,MEDIUM_RISK,322,11,0.879,0,61.3,1,1
BUYER-09206,LOW_RISK,1382,41,0.952,0,88.8,1,0
BUYER-09207,LOW_RISK,288,16,0.972,0,88.2,1,0
BUYER-09208,LOW_RISK,1269,75,0.996,0,88.2,1,0
BUYER-09209,LOW_RISK,1298,65,0.956,0,93.9,1,0
BUYER-09210,LOW_RISK,1116,56,0.99,0,94.8,1,0
BUYER-09211,MEDIUM_RISK,538,17,0.883,1,73.8,1,1
BUYER-09212,HIGH_RISK,302,7,0.772,1,46.7,1,0
BUYER-09213,LOW_RISK,1517,58,0.951,0,83.6,1,0
BUYER-09214,LOW_RISK,428,12,0.994,0,86.1,1,0
BUYER-09215,LOW_RISK,1138,30,0.993,0,86.1,1,0
BUYER-09216,LOW_RISK,905,35,0.98,0,82.7,1,0
BUYER-09217,LOW_RISK,1727,65,0.953,0,95.3,1,0
BUYER-09218,MEDIUM_RISK,659,10,0.82,0,70.2,1,0
BUYER-09219,MEDIUM_RISK,288,17,0.804,0,68.5,1,0
BUYER-09220,LOW_RISK,993,27,0.968,0,97.0,1,0
BUYER-09221,LOW_RISK,393,71,0.965,0,84.0,1,0
BUYER-09222,LOW_RISK,987,17,0.961,0,87.9,1,0
BUYER-09223,LOW_RISK,1509,39,0.987,0,97.7,1,0
BUYER-09224,LOW_RISK,1771,48,0.962,0,92.2,1,0
BUYER-09225,MEDIUM_RISK,550,19,0.836,0,61.4,1,0
BUYER-09226,MEDIUM_RISK,188,17,0.878,0,63.6,1,0
BUYER-09227,LOW_RISK,1584,41,0.971,0,94.6,1,0
BUYER-09228,MEDIUM_RISK,541,21,0.927,0,68.7,1,0
BUYER-09229,LOW_RISK,1666,43,0.967,0,94.8,1,0
BUYER-09230,LOW_RISK,1418,55,0.986,0,87.7,1,0
BUYER-09231,LOW_RISK,1114,74,0.994,0,84.8,1,0
BUYER-09232,LOW_RISK,1665,34,0.986,0,89.9,1,0
BUYER-09233,MEDIUM_RISK,324,24,0.902,1,70.8,1,1
BUYER-09234,LOW_RISK,474,66,0.986,0,90.5,1,0
BUYER-09235,LOW_RISK,451,28,0.997,0,86.5,1,0
BUYER-09236,LOW_RISK,228,30,0.961,0,97.4,1,0
BUYER-09237,LOW_RISK,987,26,0.974,0,83.6,1,0
BUYER-09238,LOW_RISK,1016,44,0.986,0,94.3,1,0
BUYER-09239,LOW_RISK,746,15,0.964,0,96.8,1,0
BUYER-09240,LOW_RISK,868,56,0.955,0,84.6,1,0
BUYER-09241,LOW_RISK,953,39,0.975,0,97.3,1,0
BUYER-09242,LOW_RISK,212,54,0.95,0,84.2,1,0
BUYER-09243,LOW_RISK,448,78,0.986,0,84.6,1,0
BUYER-09244,LOW_RISK,1156,47,0.984,0,87.4,1,0
BUYER-09245,LOW_RISK,910,31,0.99,0,96.9,1,0
BUYER-09246,MEDIUM_RISK,168,17,0.909,0,76.6,1,0
BUYER-09247,LOW_RISK,1184,71,0.99,0,84.9,1,0
BUYER-09248,LOW_RISK,1459,36,0.966,0,86.2,1,0
BUYER-09249,LOW_RISK,1720,39,0.991,0,97.9,1,0
BUYER-09250,LOW_RISK,1115,34,0.987,0,84.1,1,0
BUYER-09251,LOW_RISK,1082,76,0.998,0,91.7,1,0
BUYER-09252,LOW_RISK,1756,33,0.954,0,97.3,1,0
BUYER-09253,LOW_RISK,425,15,0.951,0,88.1,1,0
BUYER-09254,LOW_RISK,1182,66,0.988,0,83.1,1,0
BUYER-09255,LOW_RISK,576,42,0.998,0,93.2,1,0
BUYER-09256,LOW_RISK,969,58,0.999,0,96.8,1,0
BUYER-09257,LOW_RISK,883,37,0.994,0,83.1,1,0
BUYER-09258,LOW_RISK,910,70,0.962,0,97.5,1,0
BUYER-09259,LOW_RISK,909,33,0.95,0,91.1,1,0
BUYER-09260,LOW_RISK,578,18,0.978,0,85.6,1,0
BUYER-09261,LOW_RISK,1542,56,0.953,0,92.0,1,0
BUYER-09262,LOW_RISK,657,69,0.972,0,95.3,1,0
BUYER-09263,LOW_RISK,646,23,0.999,0,91.8,1,0
BUYER-09264,LOW_RISK,574,45,0.997,0,93.9,1,0
BUYER-09265,LOW_RISK,1239,53,0.953,0,97.7,1,0
BUYER-09266,LOW_RISK,507,68,0.983,0,98.0,1,0
BUYER-09267,LOW_RISK,1422,13,0.976,0,88.6,1,0
BUYER-09268,LOW_RISK,1646,12,0.95,0,82.9,1,0
BUYER-09269,LOW_RISK,488,32,0.951,0,92.5,1,0
BUYER-09270,LOW_RISK,1158,20,0.994,0,97.1,1,0
BUYER-09271,LOW_RISK,428,76,0.979,0,94.0,1,0
BUYER-09272,LOW_RISK,751,54,0.959,0,91.5,1,0
BUYER-09273,LOW_RISK,1497,51,0.979,0,94.4,1,0
BUYER-09274,LOW_RISK,449,40,0.96,0,95.0,1,0
BUYER-09275,LOW_RISK,1451,76,0.986,0,97.1,1,1
BUYER-09276,LOW_RISK,415,68,0.968,0,94.6,1,0
BUYER-09277,LOW_RISK,240,35,0.958,0,82.2,1,0
BUYER-09278,LOW_RISK,1308,77,0.977,0,94.7,1,0
BUYER-09279,LOW_RISK,186,46,0.997,0,89.4,1,0
BUYER-09280,LOW_RISK,204,31,0.998,0,93.7,1,0
BUYER-09281,LOW_RISK,429,38,0.997,0,82.8,1,0
BUYER-09282,HIGH_RISK,277,12,0.704,1,40.4,1,1
BUYER-09283,LOW_RISK,895,76,0.985,0,89.8,1,0
BUYER-09284,LOW_RISK,877,79,0.967,0,97.9,1,0
BUYER-09285,MEDIUM_RISK,631,13,0.881,0,57.3,1,1
BUYER-09286,LOW_RISK,866,15,0.965,0,95.3,1,0
BUYER-09287,LOW_RISK,1076,32,0.995,0,88.3,1,0
BUYER-09288,MEDIUM_RISK,666,12,0.895,0,58.1,1,0
BUYER-09289,LOW_RISK,544,74,0.971,0,87.4,1,0
BUYER-09290,LOW_RISK,1286,25,0.964,0,93.0,1,0
BUYER-09291,LOW_RISK,260,49,0.99,0,96.7,1,0
BUYER-09292,LOW_RISK,1513,80,0.964,0,92.6,1,0
BUYER-09293,LOW_RISK,274,43,0.995,0,84.3,1,0
BUYER-09294,LOW_RISK,1177,59,0.963,0,85.1,1,0
BUYER-09295,HIGH_RISK,166,11,0.765,1,46.6,0,1
BUYER-09296,MEDIUM_RISK,323,6,0.86,0,76.1,1,0
BUYER-09297,MEDIUM_RISK,416,17,0.836,0,55.8,1,0
BUYER-09298,LOW_RISK,1318,63,0.978,0,93.8,1,0
BUYER-09299,HIGH_RISK,199,10,0.66,1,36.6,1,1
BUYER-09300,LOW_RISK,334,21,0.953,0,92.3,1,0
BUYER-09301,LOW_RISK,1074,68,0.982,0,97.7,1,0
BUYER-09302,LOW_RISK,773,21,0.975,0,92.0,1,1
BUYER-09303,MEDIUM_RISK,698,21,0.863,1,69.7,0,1
BUYER-09304,LOW_RISK,829,37,0.973,0,82.8,1,0
BUYER-09305,LOW_RISK,507,45,0.979,0,96.1,1,0
BUYER-09306,LOW_RISK,404,65,0.987,0,87.7,1,0
BUYER-09307,LOW_RISK,1552,76,1.0,0,96.8,1,0
BUYER-09308,LOW_RISK,709,41,0.999,0,89.0,1,0
BUYER-09309,LOW_RISK,209,44,0.972,0,86.7,1,0
BUYER-09310,LOW_RISK,1168,35,0.969,0,83.1,1,0
BUYER-09311,LOW_RISK,1222,67,0.969,0,94.6,1,0
BUYER-09312,LOW_RISK,545,65,0.995,0,96.4,1,0
BUYER-09313,LOW_RISK,465,16,0.992,0,94.4,1,0
BUYER-09314,LOW_RISK,631,30,0.973,0,85.3,1,0
BUYER-09315,LOW_RISK,881,73,0.956,0,87.8,1,0
BUYER-09316,LOW_RISK,1170,33,0.999,0,84.5,1,0
BUYER-09317,LOW_RISK,690,10,0.951,0,94.5,1,0
BUYER-09318,LOW_RISK,1117,74,0.993,0,87.6,1,1
BUYER-09319,LOW_RISK,1382,24,0.968,0,84.3,1,1
BUYER-09320,LOW_RISK,804,33,0.967,0,88.2,1,1
BUYER-09321,LOW_RISK,220,10,0.979,0,94.6,1,0
BUYER-09322,MEDIUM_RISK,30,13,0.928,0,74.5,1,0
BUYER-09323,LOW_RISK,615,62,0.983,0,82.7,1,0
BUYER-09324,LOW_RISK,600,13,0.96,0,96.6,1,0
BUYER-09325,LOW_RISK,329,41,0.991,0,88.5,1,0
BUYER-09326,HIGH_RISK,349,5,0.624,1,40.8,1,0
BUYER-09327,LOW_RISK,1068,78,0.963,0,96.2,1,1
BUYER-09328,LOW_RISK,1413,66,0.993,0,94.8,1,0
BUYER-09329,LOW_RISK,236,73,0.99,0,88.8,1,1
BUYER-09330,LOW_RISK,230,73,0.964,0,88.0,1,0
BUYER-09331,LOW_RISK,749,40,0.962,0,89.1,1,0
BUYER-09332,LOW_RISK,284,45,0.987,0,83.3,1,0
BUYER-09333,LOW_RISK,1532,72,1.0,0,96.3,1,0
BUYER-09334,LOW_RISK,761,35,0.969,0,89.0,1,0
BUYER-09335,LOW_RISK,1532,58,0.962,0,96.6,1,0
BUYER-09336,LOW_RISK,1118,65,0.959,0,83.3,1,0
BUYER-09337,LOW_RISK,912,71,0.985,0,94.8,1,0
BUYER-09338,HIGH_RISK,18,13,0.662,1,48.5,1,0
BUYER-09339,LOW_RISK,1207,65,0.971,0,90.4,1,0
BUYER-09340,LOW_RISK,774,79,0.986,0,86.9,1,0
BUYER-09341,LOW_RISK,741,31,0.974,0,87.8,1,0
BUYER-09342,LOW_RISK,658,18,0.963,0,93.6,1,0
BUYER-09343,MEDIUM_RISK,648,19,0.87,0,59.2,1,0
BUYER-09344,LOW_RISK,604,43,0.984,0,84.8,1,0
BUYER-09345,LOW_RISK,1476,30,0.957,0,93.4,1,0
BUYER-09346,REPEATED_HIGH_RISK,154,10,0.541,4,10.5,1,0
BUYER-09347,LOW_RISK,1333,13,0.951,0,93.2,1,0
BUYER-09348,MEDIUM_RISK,155,9,0.921,0,58.3,1,0
BUYER-09349,LOW_RISK,1605,10,0.964,0,86.4,1,0
BUYER-09350,MEDIUM_RISK,553,11,0.929,0,63.4,1,0
BUYER-09351,LOW_RISK,1108,71,0.954,0,95.3,1,0
BUYER-09352,LOW_RISK,1545,44,0.956,0,97.2,1,0
BUYER-09353,MEDIUM_RISK,695,25,0.853,0,55.2,1,0
BUYER-09354,LOW_RISK,826,63,0.977,0,95.4,1,0
BUYER-09355,LOW_RISK,1361,20,0.995,0,88.4,1,0
BUYER-09356,LOW_RISK,1692,49,0.969,0,92.4,1,0
BUYER-09357,MEDIUM_RISK,533,24,0.932,0,73.0,1,0
BUYER-09358,LOW_RISK,998,57,0.991,0,93.5,1,0
BUYER-09359,MEDIUM_RISK,424,15,0.921,0,66.5,1,0
BUYER-09360,LOW_RISK,987,15,0.978,0,84.0,1,0
BUYER-09361,LOW_RISK,1204,53,0.992,0,84.2,1,0
BUYER-09362,MEDIUM_RISK,476,12,0.846,0,62.7,1,0
BUYER-09363,LOW_RISK,558,19,0.975,0,83.0,1,0
BUYER-09364,LOW_RISK,1353,78,0.976,0,90.5,1,0
BUYER-09365,LOW_RISK,1395,74,0.974,0,84.3,1,0
BUYER-09366,LOW_RISK,918,48,0.987,0,84.3,1,0
BUYER-09367,LOW_RISK,190,65,0.954,0,93.2,1,0
BUYER-09368,LOW_RISK,920,15,0.971,0,91.7,1,0
BUYER-09369,LOW_RISK,1398,78,0.973,0,92.9,1,0
BUYER-09370,LOW_RISK,1501,77,0.972,0,93.0,1,0
BUYER-09371,LOW_RISK,251,17,0.969,0,89.7,1,0
BUYER-09372,LOW_RISK,805,63,0.993,0,88.9,1,0
BUYER-09373,LOW_RISK,1376,14,0.962,0,94.8,1,0
BUYER-09374,MEDIUM_RISK,119,11,0.835,0,59.7,1,1
BUYER-09375,LOW_RISK,1294,34,1.0,0,95.1,1,1
BUYER-09376,LOW_RISK,669,40,0.991,0,96.3,1,0
BUYER-09377,LOW_RISK,402,24,0.99,0,90.1,1,0
BUYER-09378,LOW_RISK,1549,12,0.97,0,86.0,1,0
BUYER-09379,MEDIUM_RISK,574,13,0.848,1,67.0,1,0
BUYER-09380,LOW_RISK,940,27,0.985,0,87.7,1,0
BUYER-09381,LOW_RISK,1346,60,0.955,0,83.2,1,0
BUYER-09382,LOW_RISK,574,62,0.98,0,97.0,1,0
BUYER-09383,LOW_RISK,889,68,0.985,0,90.4,1,0
BUYER-09384,LOW_RISK,829,19,0.997,0,97.3,1,0
BUYER-09385,LOW_RISK,1298,35,0.983,0,89.3,1,1
BUYER-09386,MEDIUM_RISK,121,24,0.834,0,63.4,1,0
BUYER-09387,MEDIUM_RISK,436,16,0.928,1,65.4,1,1
BUYER-09388,LOW_RISK,686,36,0.99,0,90.7,1,1
BUYER-09389,LOW_RISK,1357,55,0.986,0,93.9,1,0
BUYER-09390,LOW_RISK,1075,42,0.953,0,92.5,1,0
BUYER-09391,HIGH_RISK,87,7,0.779,2,38.6,0,0
BUYER-09392,REPEATED_HIGH_RISK,18,3,0.428,3,23.5,1,1
BUYER-09393,LOW_RISK,1685,65,0.956,0,95.8,1,0
BUYER-09394,LOW_RISK,1414,49,0.982,0,88.7,1,0
BUYER-09395,LOW_RISK,524,35,0.97,0,96.2,1,0
BUYER-09396,LOW_RISK,1279,46,0.957,0,90.4,1,0
BUYER-09397,LOW_RISK,921,24,0.974,0,91.4,1,0
BUYER-09398,LOW_RISK,571,65,0.974,0,93.6,1,1
BUYER-09399,LOW_RISK,1421,16,0.955,0,96.0,1,0
BUYER-09400,LOW_RISK,448,73,0.991,0,91.7,1,1
BUYER-09401,LOW_RISK,299,50,0.993,0,93.9,1,0
BUYER-09402,LOW_RISK,440,11,0.959,0,97.3,1,0
BUYER-09403,LOW_RISK,1110,30,0.955,0,84.1,1,0
BUYER-09404,LOW_RISK,1768,56,0.982,0,91.2,1,1
BUYER-09405,LOW_RISK,1478,45,0.995,0,93.7,1,1
BUYER-09406,LOW_RISK,963,31,0.991,0,95.0,1,0
BUYER-09407,LOW_RISK,1660,44,0.971,0,84.9,1,0
BUYER-09408,LOW_RISK,253,22,0.97,0,88.8,1,0
BUYER-09409,LOW_RISK,624,40,0.98,0,97.8,1,0
BUYER-09410,LOW_RISK,902,14,0.976,0,86.6,1,1
BUYER-09411,LOW_RISK,1678,26,0.969,0,87.2,1,0
BUYER-09412,LOW_RISK,1559,78,0.955,0,86.4,1,0
BUYER-09413,LOW_RISK,661,16,0.982,0,87.0,1,0
BUYER-09414,LOW_RISK,1399,77,0.992,0,83.0,1,0
BUYER-09415,LOW_RISK,740,30,0.953,0,96.1,1,0
BUYER-09416,LOW_RISK,1263,48,0.959,0,97.2,1,0
BUYER-09417,LOW_RISK,280,72,0.964,0,82.2,1,0
BUYER-09418,LOW_RISK,1707,37,0.987,0,85.9,1,0
BUYER-09419,LOW_RISK,557,75,0.953,0,91.3,1,0
BUYER-09420,LOW_RISK,1337,69,0.951,0,86.2,1,0
BUYER-09421,MEDIUM_RISK,34,12,0.93,0,59.9,1,0
BUYER-09422,LOW_RISK,229,11,0.973,0,83.5,1,0
BUYER-09423,LOW_RISK,1321,32,0.962,0,87.3,1,0
BUYER-09424,LOW_RISK,1592,40,0.997,0,84.1,1,0
BUYER-09425,HIGH_RISK,265,9,0.72,1,35.8,1,1
BUYER-09426,LOW_RISK,1073,55,0.967,0,89.1,1,0
BUYER-09427,LOW_RISK,312,66,0.956,0,87.7,1,0
BUYER-09428,MEDIUM_RISK,260,13,0.845,1,68.4,1,0
BUYER-09429,LOW_RISK,398,46,0.973,0,83.6,1,0
BUYER-09430,MEDIUM_RISK,428,16,0.86,0,63.2,1,0
BUYER-09431,MEDIUM_RISK,282,21,0.83,1,73.5,1,0
BUYER-09432,LOW_RISK,1705,26,0.98,0,84.9,1,0
BUYER-09433,LOW_RISK,1629,16,0.992,0,97.4,1,0
BUYER-09434,LOW_RISK,888,17,0.997,0,83.6,1,0
BUYER-09435,LOW_RISK,701,38,0.982,0,91.1,1,0
BUYER-09436,LOW_RISK,1074,30,0.974,0,95.7,1,0
BUYER-09437,LOW_RISK,1285,52,0.975,0,96.3,1,0
BUYER-09438,LOW_RISK,1094,70,0.959,0,93.3,1,1
BUYER-09439,LOW_RISK,1337,18,0.992,0,91.6,1,1
BUYER-09440,LOW_RISK,1416,15,0.961,0,96.7,1,0
BUYER-09441,LOW_RISK,1590,24,0.957,0,89.1,1,0
BUYER-09442,LOW_RISK,1407,41,0.978,0,94.6,1,0
BUYER-09443,LOW_RISK,825,69,0.983,0,83.4,1,0
BUYER-09444,LOW_RISK,769,33,0.954,0,93.8,1,0
BUYER-09445,LOW_RISK,1043,33,0.999,0,82.5,1,0
BUYER-09446,LOW_RISK,1626,60,0.993,0,93.5,1,0
BUYER-09447,HIGH_RISK,181,11,0.617,1,32.1,0,0
BUYER-09448,LOW_RISK,745,42,0.959,0,86.0,1,0
BUYER-09449,LOW_RISK,621,60,0.963,0,86.0,1,0
BUYER-09450,LOW_RISK,508,63,0.979,0,86.0,1,0
BUYER-09451,LOW_RISK,500,10,0.982,0,89.4,1,0
BUYER-09452,LOW_RISK,487,31,0.996,0,97.3,1,0
BUYER-09453,LOW_RISK,995,74,0.962,0,84.5,1,0
BUYER-09454,LOW_RISK,1221,16,0.992,0,90.1,1,0
BUYER-09455,MEDIUM_RISK,486,20,0.845,0,66.6,1,0
BUYER-09456,LOW_RISK,295,37,0.959,0,94.0,1,0
BUYER-09457,LOW_RISK,626,15,0.951,0,91.4,1,0
BUYER-09458,MEDIUM_RISK,91,24,0.859,0,70.2,0,0
BUYER-09459,LOW_RISK,467,53,0.976,0,95.8,1,0
BUYER-09460,LOW_RISK,1501,70,0.997,0,96.2,1,0
BUYER-09461,LOW_RISK,760,61,0.968,0,88.6,1,0
BUYER-09462,LOW_RISK,1161,31,0.978,0,86.9,1,0
BUYER-09463,LOW_RISK,1127,13,0.962,0,86.4,1,0
BUYER-09464,LOW_RISK,1042,37,0.961,0,93.4,1,0
BUYER-09465,LOW_RISK,955,55,0.982,0,97.6,1,0
BUYER-09466,HIGH_RISK,358,8,0.763,1,41.0,1,1
BUYER-09467,MEDIUM_RISK,96,13,0.842,1,64.9,1,0
BUYER-09468,MEDIUM_RISK,235,13,0.817,0,62.5,1,1
BUYER-09469,LOW_RISK,597,50,0.999,0,94.1,1,0
BUYER-09470,LOW_RISK,1234,56,0.955,0,93.7,1,0
BUYER-09471,LOW_RISK,1203,60,0.978,0,88.2,1,0
BUYER-09472,LOW_RISK,1621,56,0.996,0,88.5,1,0
BUYER-09473,MEDIUM_RISK,451,3,0.806,0,77.3,1,0
BUYER-09474,LOW_RISK,1755,39,0.985,0,89.2,1,0
BUYER-09475,MEDIUM_RISK,352,7,0.826,0,75.2,1,0
BUYER-09476,LOW_RISK,1688,44,0.976,0,92.2,1,0
BUYER-09477,HIGH_RISK,60,2,0.707,1,35.1,0,0
BUYER-09478,MEDIUM_RISK,160,13,0.813,0,61.4,1,0
BUYER-09479,LOW_RISK,903,71,0.996,0,92.1,1,1
BUYER-09480,LOW_RISK,1655,35,0.973,0,84.1,1,0
BUYER-09481,LOW_RISK,1172,60,0.971,0,86.4,1,0
BUYER-09482,LOW_RISK,763,28,0.997,0,86.9,1,1
BUYER-09483,LOW_RISK,297,33,0.981,0,89.5,1,0
BUYER-09484,LOW_RISK,1296,19,0.961,0,89.8,1,0
BUYER-09485,MEDIUM_RISK,213,21,0.878,0,57.9,1,0
BUYER-09486,LOW_RISK,1449,35,0.968,0,94.1,1,0
BUYER-09487,LOW_RISK,817,34,0.98,0,84.7,1,0
BUYER-09488,LOW_RISK,1486,57,0.952,0,93.5,1,0
BUYER-09489,LOW_RISK,1559,49,0.978,0,96.4,1,0
BUYER-09490,LOW_RISK,1320,43,0.951,0,94.9,1,0
BUYER-09491,LOW_RISK,1566,52,0.96,0,82.9,1,0
BUYER-09492,LOW_RISK,1297,69,0.977,0,85.4,1,0
BUYER-09493,LOW_RISK,1524,47,0.988,0,88.4,1,0
BUYER-09494,LOW_RISK,1587,13,0.953,0,97.6,1,0
BUYER-09495,LOW_RISK,1215,29,0.966,0,88.4,1,0
BUYER-09496,LOW_RISK,983,58,0.98,0,93.0,1,0
BUYER-09497,LOW_RISK,634,65,0.996,0,95.1,1,0
BUYER-09498,LOW_RISK,1572,49,0.961,0,88.5,1,0
BUYER-09499,HIGH_RISK,96,12,0.741,1,47.4,1,0
BUYER-09500,LOW_RISK,213,77,0.966,0,91.3,1,0
BUYER-09501,LOW_RISK,864,64,0.958,0,89.6,1,0
BUYER-09502,LOW_RISK,557,58,0.969,0,94.0,1,0
BUYER-09503,LOW_RISK,479,36,0.99,0,94.4,1,1
BUYER-09504,MEDIUM_RISK,365,17,0.903,0,58.8,1,0
BUYER-09505,LOW_RISK,681,48,0.986,0,96.1,1,0
BUYER-09506,LOW_RISK,1286,31,0.974,0,82.9,1,1
BUYER-09507,LOW_RISK,1576,44,0.973,0,85.1,1,0
BUYER-09508,LOW_RISK,1556,40,0.963,0,86.0,1,1
BUYER-09509,LOW_RISK,1061,63,0.97,0,82.7,1,0
BUYER-09510,LOW_RISK,385,48,0.98,0,93.9,1,0
BUYER-09511,LOW_RISK,358,79,0.952,0,88.1,1,0
BUYER-09512,LOW_RISK,1231,60,0.958,0,95.0,1,0
BUYER-09513,LOW_RISK,970,76,0.985,0,97.3,1,0
BUYER-09514,LOW_RISK,1441,31,0.964,0,86.0,1,0
BUYER-09515,LOW_RISK,701,12,0.988,0,92.9,1,0
BUYER-09516,LOW_RISK,1734,56,0.954,0,97.3,1,0
BUYER-09517,LOW_RISK,1453,51,0.971,0,83.4,1,0
BUYER-09518,LOW_RISK,1546,48,0.964,0,95.6,1,0
BUYER-09519,LOW_RISK,1286,39,0.985,0,85.8,1,0
BUYER-09520,LOW_RISK,387,79,0.962,0,82.4,1,0
BUYER-09521,LOW_RISK,989,34,0.963,0,88.7,1,0
BUYER-09522,LOW_RISK,319,27,0.982,0,94.6,1,0
BUYER-09523,MEDIUM_RISK,238,18,0.935,1,69.5,1,0
BUYER-09524,LOW_RISK,1787,41,0.982,0,91.8,1,1
BUYER-09525,LOW_RISK,184,21,0.989,0,96.0,1,0
BUYER-09526,LOW_RISK,507,13,0.954,0,85.4,1,0
BUYER-09527,MEDIUM_RISK,543,14,0.825,0,55.1,1,0
BUYER-09528,LOW_RISK,493,40,0.979,0,87.8,1,0
BUYER-09529,REPEATED_HIGH_RISK,62,3,0.553,4,24.3,0,1
BUYER-09530,HIGH_RISK,217,12,0.744,1,35.7,1,0
BUYER-09531,LOW_RISK,316,47,0.988,0,91.5,1,0
BUYER-09532,MEDIUM_RISK,211,5,0.824,0,56.1,1,0
BUYER-09533,LOW_RISK,680,25,0.977,0,96.6,1,0
BUYER-09534,MEDIUM_RISK,525,8,0.805,1,57.7,1,0
BUYER-09535,LOW_RISK,1454,54,0.98,0,96.4,1,1
BUYER-09536,LOW_RISK,681,22,0.983,0,89.3,1,0
BUYER-09537,LOW_RISK,1481,50,0.97,0,91.2,1,0
BUYER-09538,LOW_RISK,1591,11,0.95,0,82.1,1,0
BUYER-09539,LOW_RISK,395,20,0.998,0,88.0,1,0
BUYER-09540,LOW_RISK,881,37,0.991,0,84.8,1,0
BUYER-09541,LOW_RISK,782,49,0.976,0,86.1,1,0
BUYER-09542,LOW_RISK,627,75,0.995,0,89.7,1,0
BUYER-09543,LOW_RISK,943,19,0.966,0,93.5,1,0
BUYER-09544,LOW_RISK,803,65,0.981,0,83.8,1,0
BUYER-09545,LOW_RISK,1462,17,0.995,0,93.0,1,0
BUYER-09546,LOW_RISK,1106,11,0.957,0,84.3,1,0
BUYER-09547,LOW_RISK,561,14,0.992,0,82.9,1,0
BUYER-09548,LOW_RISK,1456,40,0.983,0,93.7,1,0
BUYER-09549,LOW_RISK,1244,11,0.993,0,90.7,1,0
BUYER-09550,HIGH_RISK,118,6,0.719,1,41.7,0,0
BUYER-09551,LOW_RISK,413,32,0.992,0,84.7,1,0
BUYER-09552,HIGH_RISK,209,12,0.729,1,32.4,1,0
BUYER-09553,LOW_RISK,1409,37,0.959,0,93.2,1,0
BUYER-09554,LOW_RISK,1298,39,0.957,0,93.8,1,1
BUYER-09555,LOW_RISK,897,33,0.986,0,88.2,1,0
BUYER-09556,MEDIUM_RISK,399,7,0.892,0,56.0,1,1
BUYER-09557,LOW_RISK,515,21,0.961,0,83.6,1,0
BUYER-09558,LOW_RISK,1137,54,0.986,0,84.6,1,0
BUYER-09559,LOW_RISK,1705,37,0.958,0,88.2,1,0
BUYER-09560,LOW_RISK,1571,13,0.955,0,94.1,1,0
BUYER-09561,MEDIUM_RISK,440,17,0.871,0,57.7,1,0
BUYER-09562,LOW_RISK,1066,69,0.99,0,93.9,1,0
BUYER-09563,LOW_RISK,1022,27,0.998,0,82.1,1,0
BUYER-09564,LOW_RISK,835,22,0.967,0,90.1,1,1
BUYER-09565,LOW_RISK,705,31,0.972,0,85.7,1,0
BUYER-09566,LOW_RISK,212,31,0.959,0,91.8,1,0
BUYER-09567,LOW_RISK,792,20,0.974,0,94.9,1,0
BUYER-09568,MEDIUM_RISK,376,9,0.89,0,55.6,1,0
BUYER-09569,LOW_RISK,1559,11,0.968,0,85.2,1,0
BUYER-09570,MEDIUM_RISK,652,19,0.839,0,56.8,1,0
BUYER-09571,LOW_RISK,1541,53,0.951,0,87.2,1,1
BUYER-09572,LOW_RISK,834,10,0.976,0,90.0,1,0
BUYER-09573,LOW_RISK,515,80,0.965,0,96.9,1,0
BUYER-09574,LOW_RISK,1094,17,0.962,0,89.9,1,0
BUYER-09575,LOW_RISK,693,65,0.973,0,89.9,1,0
BUYER-09576,LOW_RISK,1682,10,0.978,0,93.6,1,0
BUYER-09577,LOW_RISK,228,67,0.97,0,92.6,1,0
BUYER-09578,LOW_RISK,262,53,0.997,0,85.7,1,0
BUYER-09579,LOW_RISK,851,10,0.954,0,96.4,1,0
BUYER-09580,LOW_RISK,1084,31,0.973,0,91.5,1,0
BUYER-09581,LOW_RISK,1086,41,0.996,0,84.2,1,0
BUYER-09582,LOW_RISK,563,13,0.956,0,93.0,1,0
BUYER-09583,LOW_RISK,663,26,0.951,0,83.7,1,0
BUYER-09584,LOW_RISK,1718,30,0.953,0,85.1,1,0
BUYER-09585,HIGH_RISK,29,8,0.77,1,46.4,0,1
BUYER-09586,LOW_RISK,1273,13,0.954,0,91.9,1,0
BUYER-09587,LOW_RISK,260,56,0.951,0,86.8,1,0
BUYER-09588,LOW_RISK,1001,50,0.953,0,92.8,1,0
BUYER-09589,LOW_RISK,1486,44,0.993,0,89.6,1,1
BUYER-09590,LOW_RISK,339,21,0.973,0,92.7,1,0
BUYER-09591,LOW_RISK,736,79,0.968,0,95.0,1,0
BUYER-09592,LOW_RISK,1080,65,0.996,0,90.9,1,0
BUYER-09593,LOW_RISK,579,21,0.958,0,97.3,1,0
BUYER-09594,LOW_RISK,701,17,0.972,0,92.6,1,0
BUYER-09595,LOW_RISK,231,49,0.982,0,90.7,1,0
BUYER-09596,LOW_RISK,344,41,0.977,0,92.5,1,0
BUYER-09597,LOW_RISK,426,17,0.996,0,83.6,1,0
BUYER-09598,LOW_RISK,1722,45,0.991,0,87.4,1,0
BUYER-09599,LOW_RISK,1013,73,0.99,0,88.4,1,0
BUYER-09600,LOW_RISK,1079,63,0.995,0,91.4,1,0
BUYER-09601,LOW_RISK,872,26,0.963,0,88.4,1,0
BUYER-09602,LOW_RISK,239,22,0.974,0,91.1,1,0
BUYER-09603,LOW_RISK,1798,22,0.972,0,86.9,1,0
BUYER-09604,LOW_RISK,333,71,0.994,0,89.5,1,0
BUYER-09605,LOW_RISK,262,26,0.994,0,92.6,1,0
BUYER-09606,LOW_RISK,1316,10,0.963,0,97.8,1,0
BUYER-09607,LOW_RISK,651,49,0.973,0,96.0,1,0
BUYER-09608,LOW_RISK,1081,68,0.983,0,87.2,1,0
BUYER-09609,LOW_RISK,568,29,0.953,0,96.7,1,0
BUYER-09610,LOW_RISK,1482,33,0.977,0,90.4,1,0
BUYER-09611,LOW_RISK,1317,70,0.989,0,87.8,1,0
BUYER-09612,LOW_RISK,1208,73,0.959,0,89.3,1,0
BUYER-09613,MEDIUM_RISK,205,22,0.885,0,77.8,1,0
BUYER-09614,LOW_RISK,620,53,0.985,0,96.3,1,0
BUYER-09615,REPEATED_HIGH_RISK,167,2,0.262,5,8.6,0,1
BUYER-09616,MEDIUM_RISK,657,10,0.881,1,64.6,1,1
BUYER-09617,LOW_RISK,1047,35,0.986,0,94.8,1,0
BUYER-09618,MEDIUM_RISK,345,15,0.84,1,61.9,1,0
BUYER-09619,LOW_RISK,457,68,0.962,0,90.9,1,0
BUYER-09620,LOW_RISK,833,60,0.99,0,87.5,1,0
BUYER-09621,LOW_RISK,1634,40,0.98,0,90.8,1,0
BUYER-09622,LOW_RISK,1312,63,0.983,0,88.5,1,0
BUYER-09623,LOW_RISK,1795,29,0.974,0,87.3,1,0
BUYER-09624,LOW_RISK,642,40,0.993,0,96.3,1,0
BUYER-09625,LOW_RISK,979,30,0.953,0,83.7,1,0
BUYER-09626,LOW_RISK,1048,34,0.962,0,94.5,1,0
BUYER-09627,LOW_RISK,418,43,0.985,0,84.1,1,0
BUYER-09628,MEDIUM_RISK,413,15,0.897,1,61.1,1,0
BUYER-09629,LOW_RISK,1591,53,0.959,0,96.0,1,0
BUYER-09630,LOW_RISK,613,61,0.959,0,95.9,1,0
BUYER-09631,LOW_RISK,1319,63,0.959,0,85.5,1,0
BUYER-09632,LOW_RISK,926,68,0.952,0,86.4,1,0
BUYER-09633,LOW_RISK,925,56,0.99,0,83.9,1,0
BUYER-09634,LOW_RISK,1516,49,0.96,0,95.9,1,0
BUYER-09635,LOW_RISK,481,20,0.954,0,89.5,1,0
BUYER-09636,LOW_RISK,723,43,0.965,0,91.1,1,0
BUYER-09637,MEDIUM_RISK,519,23,0.84,0,73.4,1,1
BUYER-09638,LOW_RISK,345,80,0.977,0,86.8,1,0
BUYER-09639,LOW_RISK,1460,48,0.969,0,90.1,1,0
BUYER-09640,LOW_RISK,931,19,0.958,0,83.8,1,0
BUYER-09641,LOW_RISK,1015,44,0.988,0,92.3,1,0
BUYER-09642,LOW_RISK,535,42,0.983,0,86.6,1,0
BUYER-09643,LOW_RISK,1381,74,1.0,0,84.8,1,0
BUYER-09644,LOW_RISK,1083,36,0.966,0,92.4,1,0
BUYER-09645,LOW_RISK,1453,77,0.994,0,88.0,1,0
BUYER-09646,LOW_RISK,1501,25,0.968,0,95.7,1,0
BUYER-09647,LOW_RISK,305,69,0.966,0,83.9,1,0
BUYER-09648,LOW_RISK,934,19,0.99,0,85.5,1,0
BUYER-09649,LOW_RISK,749,71,0.994,0,84.8,1,0
BUYER-09650,LOW_RISK,1587,40,0.952,0,97.3,1,0
BUYER-09651,LOW_RISK,1322,31,0.963,0,93.8,1,0
BUYER-09652,LOW_RISK,336,13,0.986,0,83.5,1,0
BUYER-09653,LOW_RISK,694,61,0.999,0,96.5,1,0
BUYER-09654,LOW_RISK,668,71,0.977,0,92.9,1,0
BUYER-09655,LOW_RISK,966,31,0.965,0,93.9,1,0
BUYER-09656,LOW_RISK,1481,19,0.996,0,92.1,1,0
BUYER-09657,HIGH_RISK,21,8,0.68,1,44.6,1,1
BUYER-09658,LOW_RISK,977,24,0.986,0,88.0,1,0
BUYER-09659,LOW_RISK,1398,62,0.962,0,89.1,1,0
BUYER-09660,LOW_RISK,813,23,0.994,0,84.4,1,0
BUYER-09661,LOW_RISK,310,76,0.996,0,91.6,1,0
BUYER-09662,LOW_RISK,1613,14,0.969,0,82.1,1,0
BUYER-09663,LOW_RISK,338,44,0.972,0,87.6,1,0
BUYER-09664,LOW_RISK,198,23,0.955,0,84.6,1,0
BUYER-09665,LOW_RISK,184,27,0.986,0,85.1,1,0
BUYER-09666,LOW_RISK,1030,15,0.95,0,86.1,1,0
BUYER-09667,LOW_RISK,287,33,0.996,0,89.7,1,0
BUYER-09668,LOW_RISK,1322,79,0.971,0,97.9,1,0
BUYER-09669,LOW_RISK,1227,39,0.982,0,83.8,1,0
BUYER-09670,LOW_RISK,533,17,0.978,0,96.2,1,0
BUYER-09671,LOW_RISK,721,80,0.965,0,88.0,1,0
BUYER-09672,LOW_RISK,1126,60,0.988,0,91.9,1,0
BUYER-09673,LOW_RISK,1483,67,0.975,0,86.2,1,0
BUYER-09674,LOW_RISK,246,17,0.982,0,86.6,1,1
BUYER-09675,LOW_RISK,749,44,0.957,0,88.3,1,0
BUYER-09676,LOW_RISK,1494,70,0.961,0,89.8,1,1
BUYER-09677,HIGH_RISK,141,13,0.76,2,47.6,0,0
BUYER-09678,LOW_RISK,318,55,0.979,0,84.7,1,0
BUYER-09679,LOW_RISK,1623,51,0.987,0,93.3,1,0
BUYER-09680,LOW_RISK,1408,44,0.973,0,87.2,1,0
BUYER-09681,LOW_RISK,1143,65,0.961,0,94.1,1,1
BUYER-09682,LOW_RISK,1183,74,0.959,0,85.7,1,0
BUYER-09683,LOW_RISK,876,50,0.975,0,91.2,1,0
BUYER-09684,LOW_RISK,1531,78,0.992,0,85.3,1,0
BUYER-09685,LOW_RISK,1088,65,0.951,0,87.0,1,0
BUYER-09686,LOW_RISK,1461,22,0.952,0,91.4,1,0
BUYER-09687,LOW_RISK,1419,44,0.986,0,90.6,1,0
BUYER-09688,LOW_RISK,828,10,0.989,0,95.1,1,0
BUYER-09689,LOW_RISK,650,17,0.999,0,87.5,1,0
BUYER-09690,MEDIUM_RISK,474,3,0.922,0,67.7,1,0
BUYER-09691,HIGH_RISK,297,12,0.678,2,42.8,1,1
BUYER-09692,LOW_RISK,964,64,0.986,0,95.7,1,0
BUYER-09693,LOW_RISK,1038,37,0.968,0,92.8,1,0
BUYER-09694,MEDIUM_RISK,432,3,0.927,0,62.8,1,0
BUYER-09695,LOW_RISK,347,31,0.954,0,83.4,1,0
BUYER-09696,LOW_RISK,775,26,0.969,0,92.6,1,0
BUYER-09697,LOW_RISK,957,49,0.992,0,86.6,1,0
BUYER-09698,LOW_RISK,392,77,0.951,0,94.6,1,0
BUYER-09699,LOW_RISK,748,54,0.979,0,83.0,1,0
BUYER-09700,LOW_RISK,894,39,0.966,0,88.0,1,0
BUYER-09701,LOW_RISK,868,30,0.99,0,92.3,1,0
BUYER-09702,LOW_RISK,1143,68,0.988,0,97.1,1,0
BUYER-09703,LOW_RISK,857,14,0.991,0,93.6,1,0
BUYER-09704,LOW_RISK,1034,56,0.989,0,87.2,1,0
BUYER-09705,LOW_RISK,637,72,0.994,0,86.0,1,1
BUYER-09706,LOW_RISK,1714,55,0.986,0,94.0,1,0
BUYER-09707,LOW_RISK,856,19,0.959,0,97.1,1,0
BUYER-09708,LOW_RISK,1704,80,0.991,0,88.7,1,0
BUYER-09709,LOW_RISK,1393,16,0.954,0,89.9,1,0
BUYER-09710,LOW_RISK,844,31,0.993,0,95.6,1,0
BUYER-09711,LOW_RISK,1386,32,0.981,0,91.0,1,0
BUYER-09712,MEDIUM_RISK,468,13,0.923,0,60.0,1,0
BUYER-09713,LOW_RISK,1458,60,0.975,0,92.9,1,0
BUYER-09714,LOW_RISK,1377,16,0.957,0,95.1,1,0
BUYER-09715,LOW_RISK,1541,76,0.967,0,82.6,1,0
BUYER-09716,LOW_RISK,181,17,0.978,0,94.2,1,0
BUYER-09717,LOW_RISK,881,20,0.997,0,86.5,1,1
BUYER-09718,LOW_RISK,1029,50,0.973,0,87.1,1,0
BUYER-09719,LOW_RISK,1602,79,0.967,0,93.3,1,0
BUYER-09720,LOW_RISK,593,71,0.969,0,86.0,1,1
BUYER-09721,LOW_RISK,509,46,0.971,0,87.0,1,0
BUYER-09722,LOW_RISK,1660,65,0.987,0,82.3,1,0
BUYER-09723,LOW_RISK,301,75,0.968,0,82.4,1,0
BUYER-09724,LOW_RISK,1799,41,0.96,0,96.2,1,0
BUYER-09725,LOW_RISK,336,18,0.976,0,90.0,1,0
BUYER-09726,HIGH_RISK,268,5,0.685,1,40.9,1,1
BUYER-09727,MEDIUM_RISK,696,15,0.926,0,78.9,1,0
BUYER-09728,LOW_RISK,566,37,0.985,0,82.7,1,0
BUYER-09729,LOW_RISK,389,18,0.974,0,94.9,1,0
BUYER-09730,LOW_RISK,967,16,1.0,0,85.2,1,0
BUYER-09731,LOW_RISK,1691,39,0.953,0,95.0,1,0
BUYER-09732,LOW_RISK,777,46,0.954,0,92.4,1,0
BUYER-09733,LOW_RISK,691,63,0.983,0,95.8,1,0
BUYER-09734,LOW_RISK,291,33,0.984,0,92.1,1,0
BUYER-09735,LOW_RISK,587,21,0.961,0,96.6,1,0
BUYER-09736,LOW_RISK,1286,16,0.987,0,92.9,1,1
BUYER-09737,LOW_RISK,316,14,0.979,0,96.9,1,0
BUYER-09738,LOW_RISK,1174,62,0.975,0,89.3,1,1
BUYER-09739,LOW_RISK,1129,68,0.962,0,88.7,1,0
BUYER-09740,LOW_RISK,1747,68,0.969,0,87.7,1,1
BUYER-09741,LOW_RISK,791,52,0.981,0,82.9,1,0
BUYER-09742,LOW_RISK,692,74,0.956,0,87.3,1,0
BUYER-09743,MEDIUM_RISK,286,9,0.85,0,72.7,0,0
BUYER-09744,LOW_RISK,407,23,0.995,0,84.2,1,0
BUYER-09745,LOW_RISK,1458,36,0.979,0,87.9,1,0
BUYER-09746,LOW_RISK,661,16,0.977,0,93.7,1,0
BUYER-09747,LOW_RISK,457,34,0.985,0,85.0,1,0
BUYER-09748,LOW_RISK,348,36,0.968,0,93.9,1,1
BUYER-09749,LOW_RISK,323,49,0.999,0,90.3,1,0
BUYER-09750,MEDIUM_RISK,374,3,0.865,0,58.4,1,0
BUYER-09751,LOW_RISK,692,12,0.972,0,94.8,1,0
BUYER-09752,LOW_RISK,1045,11,0.969,0,86.5,1,0
BUYER-09753,LOW_RISK,397,50,0.982,0,84.0,1,0
BUYER-09754,LOW_RISK,788,49,0.991,0,89.6,1,0
BUYER-09755,LOW_RISK,501,23,0.997,0,96.5,1,0
BUYER-09756,LOW_RISK,1040,46,0.978,0,85.9,1,0
BUYER-09757,LOW_RISK,702,27,0.973,0,96.1,1,0
BUYER-09758,REPEATED_HIGH_RISK,155,9,0.295,4,19.7,1,0
BUYER-09759,LOW_RISK,289,65,0.978,0,95.2,1,0
BUYER-09760,LOW_RISK,525,54,0.958,0,82.5,1,0
BUYER-09761,MEDIUM_RISK,264,14,0.871,0,59.9,1,0
BUYER-09762,LOW_RISK,1126,24,0.958,0,90.7,1,0
BUYER-09763,HIGH_RISK,289,6,0.701,1,45.0,1,0
BUYER-09764,HIGH_RISK,323,3,0.712,1,47.1,1,1
BUYER-09765,MEDIUM_RISK,633,12,0.916,0,63.6,1,1
BUYER-09766,LOW_RISK,349,59,0.984,0,87.3,1,0
BUYER-09767,LOW_RISK,1372,18,0.987,0,93.2,1,0
BUYER-09768,LOW_RISK,745,50,0.992,0,88.3,1,0
BUYER-09769,REPEATED_HIGH_RISK,82,6,0.364,5,10.9,0,1
BUYER-09770,LOW_RISK,1376,10,0.952,0,83.2,1,0
BUYER-09771,LOW_RISK,938,31,0.965,0,84.5,1,0
BUYER-09772,LOW_RISK,1690,77,0.969,0,90.6,1,0
BUYER-09773,LOW_RISK,856,42,0.975,0,82.1,1,0
BUYER-09774,LOW_RISK,321,74,0.979,0,94.2,1,0
BUYER-09775,LOW_RISK,1406,54,0.988,0,84.0,1,0
BUYER-09776,LOW_RISK,1582,48,0.969,0,97.0,1,1
BUYER-09777,LOW_RISK,1713,39,0.971,0,84.3,1,0
BUYER-09778,REPEATED_HIGH_RISK,171,7,0.543,4,26.2,0,0
BUYER-09779,LOW_RISK,1608,13,0.953,0,93.1,1,0
BUYER-09780,LOW_RISK,1544,19,0.973,0,96.4,1,0
BUYER-09781,LOW_RISK,246,73,0.962,0,93.2,1,1
BUYER-09782,LOW_RISK,1047,15,0.984,0,83.7,1,0
BUYER-09783,LOW_RISK,380,38,0.983,0,82.2,1,0
BUYER-09784,MEDIUM_RISK,529,21,0.887,0,74.2,1,0
BUYER-09785,LOW_RISK,1707,21,0.969,0,86.3,1,0
BUYER-09786,LOW_RISK,1165,51,0.992,0,89.8,1,0
BUYER-09787,LOW_RISK,771,32,0.986,0,93.4,1,0
BUYER-09788,LOW_RISK,1545,35,0.993,0,94.2,1,0
BUYER-09789,LOW_RISK,1725,61,0.974,0,96.4,1,0
BUYER-09790,LOW_RISK,873,21,0.998,0,92.9,1,0
BUYER-09791,LOW_RISK,1046,60,0.976,0,90.1,1,0
BUYER-09792,LOW_RISK,891,55,0.987,0,83.8,1,0
BUYER-09793,LOW_RISK,845,56,0.992,0,92.8,1,0
BUYER-09794,LOW_RISK,345,63,0.971,0,97.8,1,0
BUYER-09795,LOW_RISK,797,15,0.978,0,88.7,1,0
BUYER-09796,LOW_RISK,1708,40,0.969,0,88.5,1,0
BUYER-09797,MEDIUM_RISK,44,13,0.88,0,63.9,1,0
BUYER-09798,LOW_RISK,424,62,0.956,0,96.5,1,0
BUYER-09799,LOW_RISK,628,36,0.979,0,88.6,1,0
BUYER-09800,MEDIUM_RISK,222,8,0.818,0,76.8,0,0
BUYER-09801,LOW_RISK,332,75,0.957,0,88.3,1,0
BUYER-09802,LOW_RISK,1007,18,0.98,0,83.3,1,0
BUYER-09803,LOW_RISK,477,64,0.995,0,89.2,1,0
BUYER-09804,LOW_RISK,1693,49,0.978,0,94.2,1,0
BUYER-09805,LOW_RISK,974,72,0.978,0,90.4,1,1
BUYER-09806,LOW_RISK,1349,74,0.981,0,97.8,1,0
BUYER-09807,LOW_RISK,1694,35,0.954,0,88.8,1,0
BUYER-09808,LOW_RISK,639,17,0.967,0,89.9,1,0
BUYER-09809,REPEATED_HIGH_RISK,20,6,0.469,6,19.4,1,1
BUYER-09810,LOW_RISK,555,33,0.988,0,95.0,1,0
BUYER-09811,LOW_RISK,1678,20,0.971,0,84.1,1,1
BUYER-09812,MEDIUM_RISK,34,6,0.819,0,61.8,1,0
BUYER-09813,LOW_RISK,1380,11,0.956,0,88.2,1,0
BUYER-09814,LOW_RISK,401,21,0.979,0,90.0,1,0
BUYER-09815,HIGH_RISK,232,5,0.689,1,43.6,1,0
BUYER-09816,LOW_RISK,214,77,0.968,0,87.5,1,0
BUYER-09817,LOW_RISK,975,10,0.971,0,84.4,1,0
BUYER-09818,LOW_RISK,574,11,0.971,0,87.6,1,0
BUYER-09819,LOW_RISK,1143,36,0.982,0,87.6,1,0
BUYER-09820,LOW_RISK,1111,57,0.97,0,93.7,1,0
BUYER-09821,LOW_RISK,520,76,0.965,0,83.0,1,1
BUYER-09822,LOW_RISK,790,11,0.992,0,93.4,1,0
BUYER-09823,LOW_RISK,624,30,0.973,0,82.3,1,1
BUYER-09824,LOW_RISK,1720,26,0.965,0,90.4,1,0
BUYER-09825,LOW_RISK,1632,66,0.965,0,93.1,1,0
BUYER-09826,LOW_RISK,960,36,0.987,0,87.2,1,0
BUYER-09827,LOW_RISK,1579,39,0.989,0,95.4,1,0
BUYER-09828,LOW_RISK,345,24,0.978,0,93.0,1,0
BUYER-09829,LOW_RISK,489,11,0.998,0,95.4,1,0
BUYER-09830,LOW_RISK,1286,10,0.984,0,88.9,1,0
BUYER-09831,LOW_RISK,1557,52,0.975,0,97.8,1,0
BUYER-09832,MEDIUM_RISK,172,24,0.809,0,63.0,1,1
BUYER-09833,LOW_RISK,1510,18,0.986,0,83.5,1,0
BUYER-09834,REPEATED_HIGH_RISK,48,10,0.49,6,17.7,0,0
BUYER-09835,LOW_RISK,1414,13,0.99,0,85.3,1,0
BUYER-09836,LOW_RISK,981,64,0.969,0,85.7,1,1
BUYER-09837,MEDIUM_RISK,696,22,0.843,0,59.2,1,0
BUYER-09838,LOW_RISK,330,41,0.958,0,97.2,1,1
BUYER-09839,LOW_RISK,848,75,0.964,0,82.2,1,0
BUYER-09840,LOW_RISK,591,72,0.981,0,93.5,1,0
BUYER-09841,MEDIUM_RISK,645,11,0.938,0,55.7,0,1
BUYER-09842,REPEATED_HIGH_RISK,64,9,0.337,5,20.7,0,1
BUYER-09843,LOW_RISK,585,23,0.983,0,84.5,1,0
BUYER-09844,LOW_RISK,693,53,0.956,0,93.0,1,0
BUYER-09845,LOW_RISK,1590,52,0.971,0,95.3,1,0
BUYER-09846,LOW_RISK,1372,53,0.952,0,94.9,1,0
BUYER-09847,MEDIUM_RISK,285,4,0.852,0,67.0,1,0
BUYER-09848,LOW_RISK,1317,17,0.973,0,83.1,1,0
BUYER-09849,LOW_RISK,1615,60,0.966,0,86.5,1,0
BUYER-09850,LOW_RISK,1455,47,0.99,0,91.7,1,0
BUYER-09851,LOW_RISK,1205,55,0.958,0,93.6,1,0
BUYER-09852,HIGH_RISK,273,5,0.696,1,47.3,1,1
BUYER-09853,LOW_RISK,188,19,0.966,0,86.4,1,0
BUYER-09854,LOW_RISK,1136,66,0.975,0,86.3,1,0
BUYER-09855,MEDIUM_RISK,121,10,0.856,0,57.0,0,0
BUYER-09856,LOW_RISK,900,66,0.971,0,87.5,1,0
BUYER-09857,LOW_RISK,1220,31,0.998,0,93.3,1,0
BUYER-09858,LOW_RISK,1717,59,0.955,0,91.1,1,1
BUYER-09859,LOW_RISK,851,44,0.985,0,91.0,1,0
BUYER-09860,LOW_RISK,228,26,0.978,0,91.0,1,0
BUYER-09861,MEDIUM_RISK,299,21,0.909,1,59.6,1,0
BUYER-09862,LOW_RISK,1705,42,0.987,0,87.1,1,0
BUYER-09863,MEDIUM_RISK,521,16,0.921,0,56.8,1,0
BUYER-09864,LOW_RISK,666,79,0.977,0,89.0,1,0
BUYER-09865,LOW_RISK,1460,53,0.951,0,93.8,1,0
BUYER-09866,LOW_RISK,249,21,0.985,0,91.5,1,0
BUYER-09867,LOW_RISK,1655,61,0.987,0,90.2,1,0
BUYER-09868,LOW_RISK,470,36,0.978,0,92.4,1,0
BUYER-09869,MEDIUM_RISK,403,21,0.906,0,64.2,1,1
BUYER-09870,LOW_RISK,211,24,0.979,0,86.6,1,0
BUYER-09871,LOW_RISK,495,68,0.952,0,88.1,1,0
BUYER-09872,LOW_RISK,1330,51,0.984,0,88.6,1,0
BUYER-09873,LOW_RISK,1624,77,0.975,0,82.7,1,1
BUYER-09874,LOW_RISK,1077,27,0.95,0,84.2,1,0
BUYER-09875,LOW_RISK,637,37,0.978,0,90.8,1,0
BUYER-09876,LOW_RISK,316,30,0.951,0,96.6,1,0
BUYER-09877,LOW_RISK,1445,64,0.97,0,89.6,1,0
BUYER-09878,LOW_RISK,630,66,0.958,0,82.3,1,1
BUYER-09879,LOW_RISK,1504,66,0.961,0,94.4,1,0
BUYER-09880,LOW_RISK,1210,38,0.999,0,88.0,1,0
BUYER-09881,LOW_RISK,1041,71,0.95,0,92.2,1,0
BUYER-09882,LOW_RISK,1366,10,0.967,0,92.5,1,0
BUYER-09883,LOW_RISK,847,72,0.99,0,95.4,1,0
BUYER-09884,MEDIUM_RISK,228,21,0.857,1,66.5,1,1
BUYER-09885,LOW_RISK,830,43,0.97,0,89.2,1,0
BUYER-09886,LOW_RISK,1410,41,0.954,0,86.0,1,0
BUYER-09887,MEDIUM_RISK,641,3,0.883,0,72.8,1,0
BUYER-09888,LOW_RISK,879,44,0.999,0,96.3,1,0
BUYER-09889,LOW_RISK,1518,78,0.975,0,97.5,1,0
BUYER-09890,LOW_RISK,1651,16,0.988,0,90.3,1,1
BUYER-09891,LOW_RISK,1209,64,0.977,0,82.9,1,0
BUYER-09892,LOW_RISK,509,52,0.961,0,83.5,1,0
BUYER-09893,LOW_RISK,1387,32,0.971,0,96.1,1,0
BUYER-09894,LOW_RISK,441,50,0.964,0,89.9,1,0
BUYER-09895,LOW_RISK,1221,16,0.984,0,91.0,1,0
BUYER-09896,LOW_RISK,1236,16,0.965,0,95.6,1,1
BUYER-09897,LOW_RISK,1776,47,0.969,0,95.3,1,0
BUYER-09898,LOW_RISK,1425,69,0.988,0,82.2,1,1
BUYER-09899,MEDIUM_RISK,56,5,0.928,0,71.1,1,1
BUYER-09900,LOW_RISK,251,67,0.96,0,90.1,1,0
BUYER-09901,LOW_RISK,835,42,0.97,0,96.7,1,0
BUYER-09902,LOW_RISK,1632,39,0.982,0,93.7,1,0
BUYER-09903,LOW_RISK,759,41,0.992,0,94.1,1,0
BUYER-09904,LOW_RISK,655,14,0.978,0,86.4,1,0
BUYER-09905,MEDIUM_RISK,245,6,0.88,0,62.6,1,0
BUYER-09906,LOW_RISK,1358,58,0.975,0,90.4,1,0
BUYER-09907,MEDIUM_RISK,176,6,0.828,1,55.3,1,0
BUYER-09908,LOW_RISK,781,26,0.997,0,90.7,1,0
BUYER-09909,LOW_RISK,698,32,0.968,0,83.1,1,0
BUYER-09910,LOW_RISK,357,15,0.96,0,87.7,1,0
BUYER-09911,LOW_RISK,794,11,0.979,0,84.7,1,0
BUYER-09912,MEDIUM_RISK,621,12,0.809,1,59.4,0,1
BUYER-09913,LOW_RISK,1336,67,0.981,0,93.8,1,0
BUYER-09914,LOW_RISK,1387,14,0.986,0,85.7,1,0
BUYER-09915,LOW_RISK,1760,27,0.962,0,90.7,1,0
BUYER-09916,MEDIUM_RISK,488,24,0.859,0,66.2,1,0
BUYER-09917,LOW_RISK,1061,14,1.0,0,88.2,1,0
BUYER-09918,LOW_RISK,518,77,0.979,0,87.1,1,0
BUYER-09919,LOW_RISK,325,35,0.989,0,95.3,1,0
BUYER-09920,LOW_RISK,214,37,0.978,0,95.1,1,0
BUYER-09921,LOW_RISK,1143,80,0.961,0,89.4,1,0
BUYER-09922,MEDIUM_RISK,327,24,0.898,0,59.7,0,1
BUYER-09923,LOW_RISK,1261,22,0.976,0,88.5,1,0
BUYER-09924,LOW_RISK,509,36,0.982,0,96.0,1,0
BUYER-09925,LOW_RISK,1096,11,0.959,0,94.0,1,0
BUYER-09926,LOW_RISK,676,75,0.958,0,82.1,1,0
BUYER-09927,LOW_RISK,430,54,0.997,0,90.9,1,0
BUYER-09928,REPEATED_HIGH_RISK,148,7,0.245,4,24.5,1,1
BUYER-09929,MEDIUM_RISK,137,5,0.914,1,67.2,1,0
BUYER-09930,MEDIUM_RISK,87,13,0.861,0,65.8,1,0
BUYER-09931,MEDIUM_RISK,493,18,0.81,0,58.3,1,0
BUYER-09932,LOW_RISK,1622,80,0.98,0,94.2,1,0
BUYER-09933,LOW_RISK,646,17,0.996,0,90.5,1,0
BUYER-09934,LOW_RISK,1089,50,0.99,0,86.3,1,0
BUYER-09935,LOW_RISK,912,74,0.981,0,96.5,1,0
BUYER-09936,LOW_RISK,667,11,0.96,0,82.2,1,0
BUYER-09937,LOW_RISK,1076,72,0.976,0,83.8,1,0
BUYER-09938,LOW_RISK,1497,31,0.963,0,91.6,1,0
BUYER-09939,MEDIUM_RISK,209,15,0.845,0,73.0,1,0
BUYER-09940,LOW_RISK,1133,18,0.959,0,88.5,1,0
BUYER-09941,MEDIUM_RISK,620,16,0.867,0,61.2,0,1
BUYER-09942,LOW_RISK,924,22,0.985,0,86.9,1,0
BUYER-09943,LOW_RISK,648,67,0.968,0,84.8,1,0
BUYER-09944,LOW_RISK,1088,48,0.999,0,86.8,1,0
BUYER-09945,LOW_RISK,1241,78,0.957,0,95.7,1,1
BUYER-09946,LOW_RISK,465,63,0.983,0,97.2,1,0
BUYER-09947,LOW_RISK,1354,16,0.985,0,95.1,1,0
BUYER-09948,LOW_RISK,928,23,0.988,0,83.6,1,0
BUYER-09949,LOW_RISK,409,50,0.987,0,89.6,1,0
BUYER-09950,LOW_RISK,691,39,0.977,0,87.5,1,0
BUYER-09951,LOW_RISK,834,68,0.971,0,93.8,1,0
BUYER-09952,LOW_RISK,1192,14,0.982,0,83.0,1,0
BUYER-09953,LOW_RISK,1027,78,0.95,0,91.7,1,0
BUYER-09954,LOW_RISK,594,74,0.987,0,97.9,1,1
BUYER-09955,LOW_RISK,1373,38,0.963,0,87.2,1,0
BUYER-09956,LOW_RISK,303,32,0.988,0,87.1,1,0
BUYER-09957,LOW_RISK,1057,16,0.962,0,92.0,1,0
BUYER-09958,LOW_RISK,1708,54,0.969,0,93.0,1,0
BUYER-09959,LOW_RISK,603,79,0.979,0,85.9,1,0
BUYER-09960,LOW_RISK,1457,56,0.957,0,94.3,1,0
BUYER-09961,LOW_RISK,1105,16,0.967,0,87.1,1,1
BUYER-09962,LOW_RISK,870,70,0.993,0,97.0,1,0
BUYER-09963,LOW_RISK,1486,27,0.97,0,90.6,1,0
BUYER-09964,LOW_RISK,195,35,0.99,0,97.4,1,0
BUYER-09965,LOW_RISK,1566,28,0.973,0,88.0,1,0
BUYER-09966,LOW_RISK,1542,77,0.987,0,88.2,1,0
BUYER-09967,LOW_RISK,509,75,0.995,0,88.0,1,0
BUYER-09968,LOW_RISK,1127,42,0.974,0,93.6,1,0
BUYER-09969,LOW_RISK,548,37,0.982,0,82.4,1,0
BUYER-09970,LOW_RISK,1581,54,0.983,0,86.5,1,0
BUYER-09971,LOW_RISK,1327,66,0.988,0,93.1,1,1
BUYER-09972,HIGH_RISK,226,10,0.618,1,48.8,1,0
BUYER-09973,HIGH_RISK,111,3,0.751,2,34.6,1,1
BUYER-09974,LOW_RISK,1662,45,0.955,0,94.7,1,0
BUYER-09975,LOW_RISK,539,38,0.957,0,94.1,1,0
BUYER-09976,LOW_RISK,181,60,0.959,0,85.9,1,0
BUYER-09977,LOW_RISK,1367,42,0.993,0,83.5,1,0
BUYER-09978,MEDIUM_RISK,543,14,0.838,0,63.8,1,0
BUYER-09979,HIGH_RISK,47,15,0.702,1,34.8,1,0
BUYER-09980,LOW_RISK,1283,77,0.994,0,96.7,1,0
BUYER-09981,LOW_RISK,355,43,0.988,0,82.8,1,0
BUYER-09982,LOW_RISK,655,54,0.97,0,82.4,1,0
BUYER-09983,LOW_RISK,504,74,0.958,0,89.6,1,0
BUYER-09984,MEDIUM_RISK,364,24,0.842,0,69.7,1,0
BUYER-09985,MEDIUM_RISK,345,17,0.881,1,73.1,1,0
BUYER-09986,LOW_RISK,958,56,0.972,0,88.8,1,0
BUYER-09987,LOW_RISK,1211,65,0.983,0,83.5,1,0
BUYER-09988,LOW_RISK,482,56,0.953,0,88.7,1,0
BUYER-09989,LOW_RISK,1285,62,0.995,0,87.0,1,0
BUYER-09990,LOW_RISK,778,36,0.965,0,88.2,1,0
BUYER-09991,LOW_RISK,1583,77,0.991,0,97.1,1,0
BUYER-09992,LOW_RISK,538,36,0.951,0,84.7,1,0
BUYER-09993,LOW_RISK,920,79,0.972,0,90.3,1,0
BUYER-09994,LOW_RISK,1800,47,0.97,0,96.9,1,0
BUYER-09995,LOW_RISK,1540,37,0.97,0,83.2,1,0
BUYER-09996,MEDIUM_RISK,237,10,0.802,0,68.3,1,0
BUYER-09997,MEDIUM_RISK,426,4,0.814,0,58.8,1,0
BUYER-09998,HIGH_RISK,216,4,0.698,1,32.2,1,1
BUYER-09999,LOW_RISK,604,61,0.966,0,82.8,1,0
BUYER-10000,LOW_RISK,761,73,0.964,0,83.3,1,0
BUYER-10001,LOW_RISK,364,65,0.99,0,85.8,1,0
BUYER-10002,LOW_RISK,1515,38,0.993,0,92.9,1,0
BUYER-10003,LOW_RISK,648,22,0.953,0,97.2,1,0
BUYER-10004,LOW_RISK,380,59,0.971,0,94.3,1,0
BUYER-10005,LOW_RISK,1063,32,0.999,0,97.5,1,0
BUYER-10006,MEDIUM_RISK,566,11,0.851,0,62.6,1,0
BUYER-10007,LOW_RISK,328,47,0.988,0,90.5,1,0
BUYER-10008,LOW_RISK,858,68,0.981,0,96.8,1,0
BUYER-10009,LOW_RISK,954,29,0.958,0,91.2,1,0
BUYER-10010,LOW_RISK,335,23,0.982,0,90.2,1,0
BUYER-10011,MEDIUM_RISK,569,16,0.811,0,64.2,1,1
BUYER-10012,LOW_RISK,1765,63,0.987,0,93.8,1,0
BUYER-10013,MEDIUM_RISK,91,8,0.921,0,76.4,1,0
BUYER-10014,LOW_RISK,786,63,0.98,0,92.2,1,0
BUYER-10015,LOW_RISK,1085,43,0.981,0,87.4,1,0
BUYER-10016,LOW_RISK,1226,23,0.995,0,93.5,1,0
BUYER-10017,LOW_RISK,454,49,0.964,0,97.4,1,0
BUYER-10018,LOW_RISK,1032,59,0.981,0,90.7,1,0
BUYER-10019,LOW_RISK,769,50,0.999,0,96.0,1,0
BUYER-10020,LOW_RISK,632,28,0.995,0,88.9,1,0
BUYER-10021,LOW_RISK,294,32,0.996,0,86.4,1,0
BUYER-10022,LOW_RISK,613,77,0.979,0,87.5,1,0
BUYER-10023,MEDIUM_RISK,290,3,0.865,0,74.2,1,0
BUYER-10024,LOW_RISK,1495,11,0.984,0,94.1,1,0
BUYER-10025,LOW_RISK,1442,76,0.969,0,84.7,1,0
BUYER-10026,LOW_RISK,1534,13,1.0,0,92.2,1,0
BUYER-10027,MEDIUM_RISK,61,16,0.861,1,57.3,1,0
BUYER-10028,MEDIUM_RISK,583,13,0.833,1,60.3,1,0
BUYER-10029,LOW_RISK,587,25,0.975,0,83.3,1,1
BUYER-10030,LOW_RISK,1112,50,0.968,0,93.8,1,0
BUYER-10031,LOW_RISK,315,31,0.978,0,94.8,1,0
BUYER-10032,REPEATED_HIGH_RISK,148,4,0.311,4,11.1,1,1
BUYER-10033,MEDIUM_RISK,214,19,0.934,0,76.6,1,0
BUYER-10034,MEDIUM_RISK,103,14,0.91,0,59.3,1,0
BUYER-10035,LOW_RISK,1222,55,0.957,0,95.5,1,0
BUYER-10036,LOW_RISK,983,80,0.95,0,97.6,1,0
BUYER-10037,MEDIUM_RISK,191,16,0.885,0,59.0,1,0
BUYER-10038,LOW_RISK,273,51,0.988,0,89.6,1,0
BUYER-10039,LOW_RISK,646,27,0.964,0,96.7,1,0
BUYER-10040,LOW_RISK,309,39,0.994,0,86.7,1,0
BUYER-10041,MEDIUM_RISK,85,10,0.915,0,71.5,1,0
BUYER-10042,LOW_RISK,525,56,0.952,0,94.1,1,0
BUYER-10043,LOW_RISK,1176,42,0.98,0,95.0,1,0
BUYER-10044,LOW_RISK,1794,40,0.978,0,90.1,1,0
BUYER-10045,LOW_RISK,756,47,0.952,0,96.6,1,0
BUYER-10046,LOW_RISK,1570,39,0.974,0,88.3,1,0
BUYER-10047,LOW_RISK,706,36,0.98,0,91.5,1,1
BUYER-10048,LOW_RISK,496,55,0.987,0,82.3,1,0
BUYER-10049,LOW_RISK,640,13,0.976,0,92.2,1,0
BUYER-10050,REPEATED_HIGH_RISK,31,6,0.412,4,24.6,0,1
BUYER-10051,LOW_RISK,1389,15,0.976,0,95.0,1,0
BUYER-10052,LOW_RISK,861,17,0.988,0,86.4,1,0
BUYER-10053,MEDIUM_RISK,553,18,0.893,0,63.0,1,1
BUYER-10054,LOW_RISK,236,50,0.956,0,84.0,1,0
BUYER-10055,LOW_RISK,612,69,0.974,0,83.7,1,0
BUYER-10056,LOW_RISK,1438,16,0.974,0,86.6,1,0
BUYER-10057,LOW_RISK,1143,39,0.978,0,93.1,1,0
BUYER-10058,LOW_RISK,1145,25,0.974,0,86.0,1,0
BUYER-10059,LOW_RISK,1642,11,0.951,0,93.4,1,0
BUYER-10060,LOW_RISK,910,60,0.976,0,96.2,1,0
BUYER-10061,LOW_RISK,1588,45,0.996,0,90.5,1,0
BUYER-10062,LOW_RISK,854,72,0.988,0,89.7,1,0
BUYER-10063,LOW_RISK,1778,45,0.98,0,88.5,1,0
BUYER-10064,LOW_RISK,190,66,0.957,0,88.3,1,0
BUYER-10065,LOW_RISK,1674,17,0.988,0,95.6,1,0
BUYER-10066,LOW_RISK,1142,43,0.955,0,82.1,1,0
BUYER-10067,LOW_RISK,396,79,0.95,0,89.0,1,0
BUYER-10068,LOW_RISK,1396,36,0.975,0,84.5,1,0
BUYER-10069,LOW_RISK,451,78,0.984,0,91.4,1,0
BUYER-10070,MEDIUM_RISK,318,3,0.843,0,68.9,0,0
BUYER-10071,MEDIUM_RISK,403,6,0.856,0,58.3,1,0
BUYER-10072,LOW_RISK,1424,52,0.974,0,89.1,1,1
BUYER-10073,LOW_RISK,451,65,0.971,0,86.6,1,0
BUYER-10074,LOW_RISK,1324,16,0.961,0,93.8,1,0
BUYER-10075,REPEATED_HIGH_RISK,116,5,0.352,3,17.2,0,0
BUYER-10076,LOW_RISK,486,43,0.992,0,90.9,1,0
BUYER-10077,LOW_RISK,688,53,0.962,0,88.2,1,0
BUYER-10078,LOW_RISK,728,30,0.98,0,96.1,1,0
BUYER-10079,LOW_RISK,1235,39,0.988,0,85.5,1,0
BUYER-10080,HIGH_RISK,122,11,0.745,2,38.1,1,1
BUYER-10081,LOW_RISK,1407,56,0.957,0,93.2,1,0
BUYER-10082,LOW_RISK,993,15,0.976,0,90.6,1,0
BUYER-10083,LOW_RISK,888,34,0.959,0,94.9,1,0
BUYER-10084,LOW_RISK,1138,40,0.965,0,95.8,1,0
BUYER-10085,LOW_RISK,370,20,0.963,0,95.0,1,0
BUYER-10086,LOW_RISK,1181,48,0.973,0,87.3,1,0
BUYER-10087,LOW_RISK,1669,72,0.96,0,95.9,1,0
BUYER-10088,LOW_RISK,1100,69,0.952,0,94.2,1,1
BUYER-10089,LOW_RISK,1441,15,0.979,0,88.7,1,0
BUYER-10090,LOW_RISK,1273,18,0.98,0,87.8,1,0
BUYER-10091,LOW_RISK,977,53,0.979,0,97.1,1,0
BUYER-10092,LOW_RISK,657,59,0.955,0,96.9,1,1
BUYER-10093,LOW_RISK,1538,35,0.989,0,86.0,1,0
BUYER-10094,MEDIUM_RISK,381,18,0.829,0,76.5,0,0
BUYER-10095,MEDIUM_RISK,584,21,0.814,0,56.2,1,0
BUYER-10096,LOW_RISK,1707,12,0.965,0,83.8,1,0
BUYER-10097,LOW_RISK,1561,73,0.998,0,87.0,1,0
BUYER-10098,LOW_RISK,1459,45,0.995,0,82.5,1,0
BUYER-10099,LOW_RISK,1641,30,0.99,0,96.4,1,0
BUYER-10100,LOW_RISK,1209,74,0.973,0,89.3,1,0
BUYER-10101,HIGH_RISK,49,12,0.737,2,48.2,1,0
BUYER-10102,LOW_RISK,1360,22,0.969,0,90.1,1,0
BUYER-10103,REPEATED_HIGH_RISK,53,5,0.356,5,23.3,1,1
BUYER-10104,LOW_RISK,423,14,0.963,0,95.7,1,0
BUYER-10105,LOW_RISK,1080,63,0.972,0,96.6,1,0
BUYER-10106,LOW_RISK,477,59,0.966,0,89.6,1,0
BUYER-10107,LOW_RISK,507,80,0.992,0,90.9,1,0
BUYER-10108,LOW_RISK,474,25,0.958,0,89.8,1,1
BUYER-10109,LOW_RISK,1331,78,0.975,0,96.6,1,0
BUYER-10110,LOW_RISK,517,43,0.979,0,92.8,1,0
BUYER-10111,LOW_RISK,311,61,0.951,0,90.5,1,0
BUYER-10112,LOW_RISK,384,54,0.984,0,91.0,1,0
BUYER-10113,LOW_RISK,865,57,0.96,0,93.4,1,1
BUYER-10114,LOW_RISK,306,45,0.961,0,96.4,1,0
BUYER-10115,LOW_RISK,596,25,0.976,0,87.9,1,0
BUYER-10116,LOW_RISK,1006,73,0.951,0,95.1,1,0
BUYER-10117,LOW_RISK,1071,42,0.963,0,93.4,1,0
BUYER-10118,LOW_RISK,375,44,0.987,0,82.0,1,0
BUYER-10119,LOW_RISK,301,44,0.952,0,89.1,1,0
BUYER-10120,LOW_RISK,1020,15,0.957,0,94.4,1,0
BUYER-10121,LOW_RISK,431,16,0.986,0,87.0,1,0
BUYER-10122,LOW_RISK,1768,15,0.972,0,97.9,1,0
BUYER-10123,MEDIUM_RISK,527,8,0.882,1,67.6,1,0
BUYER-10124,LOW_RISK,510,32,0.987,0,90.1,1,0
BUYER-10125,LOW_RISK,856,49,0.958,0,96.8,1,0
BUYER-10126,MEDIUM_RISK,303,11,0.939,1,72.1,1,0
BUYER-10127,LOW_RISK,1359,29,0.995,0,88.0,1,0
BUYER-10128,MEDIUM_RISK,687,22,0.867,1,59.7,1,0
BUYER-10129,LOW_RISK,1021,62,0.982,0,96.0,1,0
BUYER-10130,LOW_RISK,744,67,0.987,0,87.9,1,0
BUYER-10131,REPEATED_HIGH_RISK,125,10,0.467,4,27.1,1,1
BUYER-10132,LOW_RISK,1171,18,0.996,0,95.4,1,0
BUYER-10133,LOW_RISK,840,34,0.999,0,93.9,1,0
BUYER-10134,LOW_RISK,472,55,0.982,0,91.4,1,0
BUYER-10135,LOW_RISK,1060,73,0.973,0,90.9,1,0
BUYER-10136,LOW_RISK,579,61,0.95,0,92.2,1,0
BUYER-10137,LOW_RISK,1153,47,0.996,0,93.2,1,0
BUYER-10138,LOW_RISK,706,17,0.998,0,84.5,1,0
BUYER-10139,LOW_RISK,952,17,0.952,0,83.9,1,0
BUYER-10140,LOW_RISK,383,62,0.984,0,95.5,1,0
BUYER-10141,LOW_RISK,1132,55,0.957,0,94.4,1,0
BUYER-10142,LOW_RISK,181,66,0.956,0,84.5,1,1
BUYER-10143,MEDIUM_RISK,488,21,0.939,0,72.6,1,0
BUYER-10144,LOW_RISK,1139,23,0.972,0,85.4,1,0
BUYER-10145,LOW_RISK,847,11,0.971,0,94.7,1,0
BUYER-10146,LOW_RISK,785,32,1.0,0,89.3,1,0
BUYER-10147,LOW_RISK,1346,13,0.984,0,85.4,1,0
BUYER-10148,LOW_RISK,1301,22,0.974,0,93.5,1,0
BUYER-10149,MEDIUM_RISK,502,15,0.819,0,75.8,1,0
BUYER-10150,LOW_RISK,1077,14,0.957,0,87.6,1,0
BUYER-10151,MEDIUM_RISK,282,5,0.855,1,78.6,1,0
BUYER-10152,LOW_RISK,655,18,0.966,0,86.9,1,0
BUYER-10153,LOW_RISK,1042,44,0.994,0,84.0,1,1
BUYER-10154,LOW_RISK,1037,16,0.991,0,88.1,1,0
BUYER-10155,LOW_RISK,1137,75,0.958,0,92.5,1,0
BUYER-10156,LOW_RISK,1576,36,0.972,0,82.3,1,0
BUYER-10157,LOW_RISK,1600,23,0.966,0,94.7,1,0
BUYER-10158,LOW_RISK,898,14,0.983,0,85.0,1,0
BUYER-10159,MEDIUM_RISK,96,10,0.836,0,71.8,1,0
BUYER-10160,MEDIUM_RISK,512,10,0.813,0,58.2,1,0
BUYER-10161,LOW_RISK,1758,17,0.991,0,93.4,1,0
BUYER-10162,LOW_RISK,966,66,0.972,0,97.5,1,0
BUYER-10163,LOW_RISK,766,10,0.966,0,93.8,1,1
BUYER-10164,LOW_RISK,546,45,0.958,0,97.5,1,0
BUYER-10165,MEDIUM_RISK,146,25,0.921,0,78.5,1,0
BUYER-10166,LOW_RISK,748,38,0.967,0,93.2,1,0
BUYER-10167,LOW_RISK,1205,65,0.996,0,89.5,1,0
BUYER-10168,LOW_RISK,1543,11,0.968,0,96.2,1,0
BUYER-10169,LOW_RISK,671,76,0.952,0,87.3,1,0
BUYER-10170,LOW_RISK,639,33,0.956,0,88.1,1,0
BUYER-10171,LOW_RISK,1088,59,0.965,0,87.3,1,0
BUYER-10172,LOW_RISK,942,27,0.97,0,87.0,1,0
BUYER-10173,LOW_RISK,241,66,0.951,0,93.8,1,0
BUYER-10174,LOW_RISK,1543,56,0.999,0,82.1,1,0
BUYER-10175,LOW_RISK,500,57,0.952,0,88.4,1,0
BUYER-10176,LOW_RISK,1189,44,0.964,0,84.0,1,0
BUYER-10177,LOW_RISK,571,53,0.996,0,91.4,1,0
BUYER-10178,LOW_RISK,1610,79,0.979,0,92.5,1,0
BUYER-10179,LOW_RISK,831,60,0.98,0,96.0,1,0
BUYER-10180,LOW_RISK,684,50,0.972,0,82.6,1,0
BUYER-10181,LOW_RISK,1507,33,0.967,0,87.5,1,0
BUYER-10182,LOW_RISK,929,21,0.974,0,94.2,1,0
BUYER-10183,LOW_RISK,1382,67,0.985,0,87.8,1,0
BUYER-10184,LOW_RISK,1378,35,0.974,0,90.3,1,0
BUYER-10185,LOW_RISK,1384,52,0.961,0,95.4,1,0
BUYER-10186,LOW_RISK,533,68,0.99,0,86.3,1,0
BUYER-10187,MEDIUM_RISK,287,13,0.874,0,55.5,1,0
BUYER-10188,MEDIUM_RISK,97,22,0.939,0,65.2,1,1
BUYER-10189,LOW_RISK,506,24,0.96,0,86.3,1,0
BUYER-10190,LOW_RISK,1743,21,0.97,0,92.9,1,0
BUYER-10191,LOW_RISK,337,50,0.957,0,93.2,1,0
BUYER-10192,LOW_RISK,1063,52,0.962,0,95.0,1,0
BUYER-10193,LOW_RISK,441,43,0.995,0,94.4,1,0
BUYER-10194,MEDIUM_RISK,70,24,0.871,1,78.5,1,0
BUYER-10195,LOW_RISK,184,23,0.963,0,93.1,1,0
BUYER-10196,MEDIUM_RISK,201,21,0.901,0,56.7,1,0
BUYER-10197,LOW_RISK,1323,78,0.964,0,94.4,1,0
BUYER-10198,LOW_RISK,1317,42,0.962,0,94.3,1,0
BUYER-10199,LOW_RISK,798,80,0.983,0,96.7,1,0
BUYER-10200,LOW_RISK,1506,25,0.99,0,96.3,1,0
BUYER-10201,LOW_RISK,1235,24,0.974,0,96.8,1,0
BUYER-10202,LOW_RISK,691,11,0.986,0,90.3,1,0
BUYER-10203,LOW_RISK,217,51,0.976,0,94.9,1,0
BUYER-10204,LOW_RISK,1425,11,0.966,0,92.5,1,0
BUYER-10205,LOW_RISK,1220,15,0.977,0,86.3,1,0
BUYER-10206,LOW_RISK,574,37,0.964,0,95.4,1,0
BUYER-10207,LOW_RISK,876,14,0.978,0,93.9,1,0
BUYER-10208,LOW_RISK,1603,16,0.967,0,97.7,1,0
BUYER-10209,LOW_RISK,1634,38,0.967,0,92.3,1,0
BUYER-10210,LOW_RISK,1655,65,0.991,0,91.5,1,0
BUYER-10211,HIGH_RISK,34,12,0.635,1,33.8,1,0
BUYER-10212,LOW_RISK,663,18,0.955,0,93.2,1,0
BUYER-10213,LOW_RISK,1344,48,0.971,0,96.2,1,0
BUYER-10214,LOW_RISK,1483,19,0.958,0,97.3,1,1
BUYER-10215,MEDIUM_RISK,327,16,0.935,0,74.9,1,0
BUYER-10216,LOW_RISK,1768,43,0.957,0,83.8,1,0
BUYER-10217,LOW_RISK,1625,54,0.978,0,95.8,1,0
BUYER-10218,LOW_RISK,992,30,0.953,0,95.1,1,0
BUYER-10219,LOW_RISK,727,75,0.991,0,94.5,1,0
BUYER-10220,LOW_RISK,719,51,0.98,0,95.6,1,0
BUYER-10221,LOW_RISK,976,10,0.993,0,84.4,1,0
BUYER-10222,LOW_RISK,681,38,0.954,0,95.5,1,0
BUYER-10223,HIGH_RISK,236,7,0.679,2,43.7,0,1
BUYER-10224,LOW_RISK,1194,25,0.988,0,88.3,1,0
BUYER-10225,LOW_RISK,1185,75,0.982,0,85.4,1,0
BUYER-10226,LOW_RISK,764,54,0.992,0,86.9,1,0
BUYER-10227,LOW_RISK,1206,60,0.965,0,83.6,1,0
BUYER-10228,LOW_RISK,734,55,0.952,0,88.2,1,0
BUYER-10229,LOW_RISK,1662,51,0.96,0,96.2,1,0
BUYER-10230,LOW_RISK,1754,26,0.992,0,82.4,1,0
BUYER-10231,LOW_RISK,482,44,0.995,0,97.7,1,0
BUYER-10232,LOW_RISK,1311,72,0.969,0,83.5,1,0
BUYER-10233,MEDIUM_RISK,220,16,0.814,0,60.2,1,0
BUYER-10234,LOW_RISK,1344,56,0.991,0,96.9,1,0
BUYER-10235,LOW_RISK,923,72,0.963,0,90.7,1,1
BUYER-10236,LOW_RISK,422,74,0.987,0,93.0,1,0
BUYER-10237,LOW_RISK,1212,35,0.979,0,87.0,1,0
BUYER-10238,LOW_RISK,254,76,0.961,0,86.3,1,0
BUYER-10239,MEDIUM_RISK,315,7,0.895,0,66.4,1,0
BUYER-10240,LOW_RISK,1266,55,0.978,0,96.8,1,0
BUYER-10241,LOW_RISK,435,32,0.951,0,91.8,1,0
BUYER-10242,LOW_RISK,943,58,0.981,0,84.8,1,0
BUYER-10243,LOW_RISK,1540,63,0.991,0,97.2,1,0
BUYER-10244,LOW_RISK,1072,30,0.957,0,88.6,1,0
BUYER-10245,LOW_RISK,663,20,0.99,0,89.5,1,0
BUYER-10246,HIGH_RISK,133,6,0.623,2,35.5,0,0
BUYER-10247,LOW_RISK,1694,54,0.998,0,92.2,1,0
BUYER-10248,LOW_RISK,1143,14,0.958,0,97.4,1,0
BUYER-10249,REPEATED_HIGH_RISK,41,10,0.207,6,17.9,1,0
BUYER-10250,LOW_RISK,1568,13,0.971,0,91.0,1,0
BUYER-10251,LOW_RISK,923,12,0.957,0,88.2,1,0
BUYER-10252,LOW_RISK,1733,46,0.963,0,85.6,1,0
BUYER-10253,LOW_RISK,927,37,0.964,0,97.9,1,0
BUYER-10254,LOW_RISK,1495,46,0.985,0,91.9,1,0
BUYER-10255,MEDIUM_RISK,61,9,0.826,0,60.7,1,0
BUYER-10256,LOW_RISK,1614,25,0.991,0,88.9,1,0
BUYER-10257,LOW_RISK,1537,64,0.998,0,95.7,1,1
BUYER-10258,LOW_RISK,1484,16,0.994,0,88.8,1,0
BUYER-10259,MEDIUM_RISK,528,11,0.866,1,70.5,1,0
BUYER-10260,LOW_RISK,458,16,0.986,0,83.6,1,0
BUYER-10261,LOW_RISK,1535,17,0.965,0,90.8,1,0
BUYER-10262,LOW_RISK,1223,42,0.962,0,89.5,1,0
BUYER-10263,LOW_RISK,1322,32,0.97,0,94.7,1,0
BUYER-10264,HIGH_RISK,343,10,0.685,1,44.1,0,1
BUYER-10265,MEDIUM_RISK,665,14,0.89,0,59.5,1,0
BUYER-10266,LOW_RISK,1709,46,0.957,0,87.2,1,0
BUYER-10267,LOW_RISK,1391,38,0.997,0,84.1,1,0
BUYER-10268,LOW_RISK,720,26,0.968,0,94.2,1,0
BUYER-10269,LOW_RISK,1156,67,0.988,0,89.3,1,0
BUYER-10270,LOW_RISK,696,56,0.972,0,87.4,1,0
BUYER-10271,LOW_RISK,517,23,0.983,0,90.3,1,0
BUYER-10272,LOW_RISK,885,33,0.955,0,97.0,1,1
BUYER-10273,HIGH_RISK,159,10,0.659,1,48.9,1,0
BUYER-10274,LOW_RISK,645,58,0.959,0,85.7,1,0
BUYER-10275,MEDIUM_RISK,435,25,0.907,0,66.7,1,0
BUYER-10276,LOW_RISK,1215,48,0.959,0,94.5,1,1
BUYER-10277,LOW_RISK,1732,46,0.973,0,96.4,1,0
BUYER-10278,MEDIUM_RISK,670,25,0.924,0,73.5,1,0
BUYER-10279,LOW_RISK,685,57,0.983,0,94.7,1,0
BUYER-10280,LOW_RISK,817,67,0.988,0,82.9,1,0
BUYER-10281,LOW_RISK,965,41,0.984,0,84.8,1,0
BUYER-10282,LOW_RISK,877,40,0.957,0,92.2,1,0
BUYER-10283,MEDIUM_RISK,183,13,0.843,0,56.9,1,1
BUYER-10284,MEDIUM_RISK,459,25,0.893,0,70.5,1,0
BUYER-10285,LOW_RISK,1392,47,0.971,0,97.8,1,1
BUYER-10286,LOW_RISK,1500,67,0.976,0,94.7,1,0
BUYER-10287,LOW_RISK,1244,76,0.989,0,85.4,1,0
BUYER-10288,LOW_RISK,1028,20,0.994,0,95.9,1,0
BUYER-10289,LOW_RISK,846,47,0.989,0,87.2,1,0
BUYER-10290,LOW_RISK,1788,27,0.985,0,83.0,1,0
BUYER-10291,LOW_RISK,1638,52,0.987,0,84.8,1,0
BUYER-10292,LOW_RISK,1475,52,0.998,0,82.8,1,0
BUYER-10293,LOW_RISK,1447,45,0.973,0,89.9,1,0
BUYER-10294,LOW_RISK,1349,64,0.957,0,92.8,1,0
BUYER-10295,LOW_RISK,1214,58,0.994,0,87.6,1,0
BUYER-10296,HIGH_RISK,303,11,0.767,2,43.5,1,1
BUYER-10297,MEDIUM_RISK,613,5,0.899,0,68.3,1,0
BUYER-10298,LOW_RISK,1473,29,0.991,0,94.7,1,0
BUYER-10299,LOW_RISK,221,15,0.978,0,92.3,1,0
BUYER-10300,MEDIUM_RISK,53,3,0.814,0,61.1,1,0
BUYER-10301,MEDIUM_RISK,546,16,0.893,0,69.3,1,0
BUYER-10302,MEDIUM_RISK,434,8,0.845,0,62.7,1,0
BUYER-10303,LOW_RISK,842,53,0.955,0,95.9,1,0
BUYER-10304,REPEATED_HIGH_RISK,17,8,0.369,3,21.3,1,0
BUYER-10305,LOW_RISK,196,10,0.986,0,92.1,1,0
BUYER-10306,LOW_RISK,903,75,0.985,0,96.4,1,0
BUYER-10307,MEDIUM_RISK,309,8,0.892,0,66.6,1,0
BUYER-10308,LOW_RISK,1559,47,0.994,0,93.5,1,0
BUYER-10309,MEDIUM_RISK,633,15,0.859,0,71.9,1,0
BUYER-10310,LOW_RISK,443,48,0.991,0,85.2,1,0
BUYER-10311,HIGH_RISK,37,7,0.622,1,34.1,1,0
BUYER-10312,LOW_RISK,1131,29,0.987,0,83.0,1,1
BUYER-10313,HIGH_RISK,349,5,0.764,1,36.4,1,0
BUYER-10314,LOW_RISK,1734,40,0.966,0,97.1,1,0
BUYER-10315,LOW_RISK,1128,57,0.984,0,92.9,1,0
BUYER-10316,LOW_RISK,1199,66,0.961,0,96.5,1,0
BUYER-10317,LOW_RISK,1791,26,0.969,0,95.3,1,0
BUYER-10318,LOW_RISK,865,78,0.993,0,87.2,1,0
BUYER-10319,LOW_RISK,603,18,0.95,0,93.3,1,0
BUYER-10320,LOW_RISK,1388,66,0.98,0,86.1,1,0
BUYER-10321,LOW_RISK,1143,71,0.954,0,96.3,1,0
BUYER-10322,LOW_RISK,1465,33,0.993,0,82.5,1,0
BUYER-10323,HIGH_RISK,226,3,0.779,2,48.9,1,0
BUYER-10324,LOW_RISK,1401,14,0.974,0,86.2,1,0
BUYER-10325,LOW_RISK,987,60,0.994,0,97.7,1,0
BUYER-10326,LOW_RISK,1417,73,0.992,0,86.4,1,0
BUYER-10327,LOW_RISK,490,21,0.973,0,94.0,1,0
BUYER-10328,LOW_RISK,528,47,0.988,0,87.9,1,0
BUYER-10329,LOW_RISK,1046,74,0.983,0,85.9,1,0
BUYER-10330,MEDIUM_RISK,81,9,0.822,0,73.2,1,0
BUYER-10331,LOW_RISK,972,57,0.986,0,96.1,1,1
BUYER-10332,LOW_RISK,847,78,0.972,0,93.8,1,0
BUYER-10333,LOW_RISK,957,72,0.96,0,93.7,1,0
BUYER-10334,LOW_RISK,1151,21,0.987,0,92.6,1,0
BUYER-10335,LOW_RISK,540,76,0.984,0,92.4,1,1
BUYER-10336,LOW_RISK,789,69,0.992,0,86.3,1,0
BUYER-10337,LOW_RISK,1666,63,0.987,0,97.4,1,0
BUYER-10338,LOW_RISK,327,33,0.984,0,83.4,1,0
BUYER-10339,LOW_RISK,1428,36,0.983,0,92.7,1,0
BUYER-10340,MEDIUM_RISK,272,6,0.908,0,64.5,1,0
BUYER-10341,LOW_RISK,1083,52,0.97,0,86.8,1,0
BUYER-10342,LOW_RISK,636,14,0.979,0,83.0,1,0
BUYER-10343,LOW_RISK,1419,53,0.97,0,97.9,1,0
BUYER-10344,LOW_RISK,625,12,0.953,0,88.3,1,0
BUYER-10345,MEDIUM_RISK,429,7,0.9,1,57.8,1,0
BUYER-10346,LOW_RISK,290,55,0.984,0,88.2,1,0
BUYER-10347,LOW_RISK,295,67,0.976,0,95.9,1,0
BUYER-10348,MEDIUM_RISK,693,4,0.922,0,75.1,1,1
BUYER-10349,LOW_RISK,1206,23,0.955,0,93.9,1,0
BUYER-10350,LOW_RISK,925,35,0.994,0,93.0,1,0
BUYER-10351,LOW_RISK,1155,41,0.98,0,87.8,1,0
BUYER-10352,LOW_RISK,507,71,0.996,0,96.2,1,0
BUYER-10353,LOW_RISK,1747,50,0.979,0,90.7,1,0
BUYER-10354,MEDIUM_RISK,481,17,0.866,0,56.5,1,0
BUYER-10355,LOW_RISK,918,48,0.976,0,91.4,1,0
BUYER-10356,LOW_RISK,1757,14,0.974,0,97.8,1,0
BUYER-10357,LOW_RISK,1600,59,0.98,0,91.6,1,0
BUYER-10358,LOW_RISK,376,51,0.965,0,90.8,1,1
BUYER-10359,LOW_RISK,1159,11,0.952,0,84.0,1,0
BUYER-10360,LOW_RISK,686,37,0.989,0,95.2,1,0
BUYER-10361,MEDIUM_RISK,247,7,0.855,0,68.7,1,1
BUYER-10362,MEDIUM_RISK,512,11,0.859,0,58.8,1,0
BUYER-10363,HIGH_RISK,142,8,0.744,1,46.4,1,0
BUYER-10364,MEDIUM_RISK,324,5,0.85,0,66.6,1,0
BUYER-10365,LOW_RISK,1599,27,0.987,0,97.9,1,0
BUYER-10366,LOW_RISK,1257,44,0.959,0,92.0,1,0
BUYER-10367,LOW_RISK,946,18,0.986,0,87.7,1,0
BUYER-10368,LOW_RISK,1027,20,0.974,0,92.7,1,0
BUYER-10369,LOW_RISK,926,53,0.978,0,84.5,1,0
BUYER-10370,LOW_RISK,630,57,0.968,0,84.1,1,0
BUYER-10371,LOW_RISK,1299,51,0.978,0,92.7,1,0
BUYER-10372,MEDIUM_RISK,477,9,0.801,0,71.0,0,0
BUYER-10373,LOW_RISK,1752,28,0.977,0,95.9,1,0
BUYER-10374,LOW_RISK,543,38,0.99,0,87.7,1,0
BUYER-10375,REPEATED_HIGH_RISK,43,10,0.524,6,10.1,0,1
BUYER-10376,LOW_RISK,1667,34,0.968,0,96.5,1,0
BUYER-10377,LOW_RISK,1508,62,0.965,0,97.1,1,0
BUYER-10378,LOW_RISK,1020,77,0.983,0,95.6,1,0
BUYER-10379,LOW_RISK,1201,44,0.971,0,92.8,1,0
BUYER-10380,LOW_RISK,837,14,0.973,0,84.4,1,0
BUYER-10381,LOW_RISK,1244,41,0.955,0,82.2,1,0
BUYER-10382,LOW_RISK,431,80,0.997,0,93.6,1,0
BUYER-10383,LOW_RISK,280,77,0.977,0,97.0,1,0
BUYER-10384,MEDIUM_RISK,521,13,0.856,0,62.5,1,0
BUYER-10385,MEDIUM_RISK,389,3,0.905,0,63.1,1,0
BUYER-10386,LOW_RISK,407,11,0.966,0,82.2,1,0
BUYER-10387,LOW_RISK,183,63,0.974,0,89.9,1,0
BUYER-10388,HIGH_RISK,148,6,0.695,1,33.3,1,0
BUYER-10389,MEDIUM_RISK,247,17,0.874,0,73.5,0,0
BUYER-10390,MEDIUM_RISK,591,16,0.853,0,74.9,1,0
BUYER-10391,MEDIUM_RISK,679,12,0.854,0,62.9,1,0
BUYER-10392,LOW_RISK,629,39,0.965,0,89.1,1,0
BUYER-10393,LOW_RISK,746,62,0.999,0,85.2,1,0
BUYER-10394,LOW_RISK,1162,28,0.958,0,95.8,1,1
BUYER-10395,LOW_RISK,1598,65,0.996,0,84.7,1,0
BUYER-10396,LOW_RISK,414,19,0.967,0,84.9,1,0
BUYER-10397,LOW_RISK,1173,47,0.96,0,96.2,1,0
BUYER-10398,LOW_RISK,1201,41,0.964,0,87.0,1,0
BUYER-10399,LOW_RISK,841,31,0.956,0,86.6,1,0
BUYER-10400,LOW_RISK,834,10,0.963,0,84.1,1,1
BUYER-10401,LOW_RISK,1033,13,0.981,0,95.8,1,0
BUYER-10402,LOW_RISK,1493,64,0.958,0,83.2,1,0
BUYER-10403,LOW_RISK,907,72,0.973,0,97.6,1,0
BUYER-10404,LOW_RISK,1019,58,0.951,0,90.5,1,0
BUYER-10405,HIGH_RISK,177,11,0.622,2,41.5,1,0
BUYER-10406,LOW_RISK,1079,48,0.974,0,93.5,1,0
BUYER-10407,LOW_RISK,976,65,0.968,0,91.8,1,0
BUYER-10408,LOW_RISK,1502,77,0.976,0,90.4,1,0
BUYER-10409,LOW_RISK,793,74,0.987,0,92.9,1,0
BUYER-10410,LOW_RISK,889,56,0.973,0,85.9,1,0
BUYER-10411,LOW_RISK,1473,78,0.963,0,86.2,1,0
BUYER-10412,LOW_RISK,1660,59,0.953,0,89.0,1,0
BUYER-10413,LOW_RISK,1336,50,0.959,0,89.7,1,0
BUYER-10414,LOW_RISK,1157,71,0.974,0,85.8,1,0
BUYER-10415,MEDIUM_RISK,685,8,0.811,0,60.3,1,1
BUYER-10416,MEDIUM_RISK,310,19,0.864,0,63.9,0,0
BUYER-10417,LOW_RISK,328,20,0.996,0,94.1,1,0
BUYER-10418,LOW_RISK,1243,70,0.967,0,89.9,1,1
BUYER-10419,LOW_RISK,1549,78,0.992,0,85.5,1,0
BUYER-10420,LOW_RISK,1676,33,0.991,0,82.6,1,0
BUYER-10421,LOW_RISK,1775,13,0.996,0,87.2,1,0
BUYER-10422,LOW_RISK,205,50,0.964,0,93.8,1,0
BUYER-10423,LOW_RISK,1077,39,0.969,0,90.8,1,0
BUYER-10424,LOW_RISK,762,14,0.966,0,91.1,1,0
BUYER-10425,LOW_RISK,1350,38,0.964,0,96.8,1,0
BUYER-10426,MEDIUM_RISK,327,16,0.818,0,70.8,1,0
BUYER-10427,LOW_RISK,1141,23,0.999,0,85.0,1,0
BUYER-10428,MEDIUM_RISK,269,10,0.931,0,76.8,1,0
BUYER-10429,LOW_RISK,1766,62,0.967,0,85.2,1,0
BUYER-10430,MEDIUM_RISK,229,25,0.852,0,77.7,1,1
BUYER-10431,LOW_RISK,822,79,0.951,0,88.3,1,0
BUYER-10432,LOW_RISK,500,74,0.959,0,93.3,1,0
BUYER-10433,LOW_RISK,1397,61,0.996,0,90.4,1,0
BUYER-10434,LOW_RISK,1327,72,0.988,0,87.2,1,0
BUYER-10435,MEDIUM_RISK,511,19,0.891,1,68.2,1,1
BUYER-10436,LOW_RISK,1773,70,0.999,0,89.4,1,0
BUYER-10437,LOW_RISK,1050,41,0.952,0,96.9,1,0
BUYER-10438,LOW_RISK,1113,38,0.979,0,95.0,1,0
BUYER-10439,LOW_RISK,1664,41,0.993,0,95.5,1,0
BUYER-10440,LOW_RISK,1023,13,0.978,0,92.5,1,0
BUYER-10441,LOW_RISK,1201,74,0.991,0,96.9,1,0
BUYER-10442,LOW_RISK,202,17,0.984,0,86.7,1,0
BUYER-10443,MEDIUM_RISK,402,24,0.806,0,71.9,1,0
BUYER-10444,HIGH_RISK,322,8,0.63,1,42.4,1,0
BUYER-10445,LOW_RISK,1673,13,0.984,0,82.3,1,0
BUYER-10446,LOW_RISK,1084,39,0.986,0,93.0,1,0
BUYER-10447,LOW_RISK,482,61,0.968,0,89.2,1,0
BUYER-10448,LOW_RISK,504,54,0.964,0,85.8,1,1
BUYER-10449,LOW_RISK,861,48,0.984,0,93.8,1,0
BUYER-10450,REPEATED_HIGH_RISK,115,9,0.246,6,16.8,0,1
BUYER-10451,LOW_RISK,596,80,0.992,0,97.3,1,1
BUYER-10452,HIGH_RISK,241,4,0.653,1,42.8,1,1
BUYER-10453,MEDIUM_RISK,596,5,0.9,0,69.2,1,0
BUYER-10454,MEDIUM_RISK,596,17,0.894,0,78.6,1,0
BUYER-10455,LOW_RISK,1554,74,0.965,0,89.9,1,0
BUYER-10456,LOW_RISK,1637,50,0.988,0,93.1,1,1
BUYER-10457,LOW_RISK,184,56,0.96,0,88.3,1,0
BUYER-10458,LOW_RISK,1446,71,0.957,0,90.3,1,0
BUYER-10459,LOW_RISK,1448,57,0.952,0,89.3,1,0
BUYER-10460,LOW_RISK,1609,13,0.967,0,94.8,1,0
BUYER-10461,LOW_RISK,273,62,0.98,0,89.2,1,0
BUYER-10462,LOW_RISK,312,26,0.977,0,87.1,1,0
BUYER-10463,HIGH_RISK,295,5,0.705,1,45.3,1,0
BUYER-10464,MEDIUM_RISK,217,18,0.921,0,67.5,1,0
BUYER-10465,LOW_RISK,863,38,0.972,0,96.0,1,1
BUYER-10466,LOW_RISK,1320,29,0.956,0,97.7,1,0
BUYER-10467,LOW_RISK,1664,31,0.966,0,85.6,1,0
BUYER-10468,LOW_RISK,391,71,0.962,0,95.9,1,0
BUYER-10469,LOW_RISK,1052,34,0.978,0,95.3,1,0
BUYER-10470,LOW_RISK,1263,57,0.977,0,82.5,1,0
BUYER-10471,LOW_RISK,1325,43,0.984,0,90.0,1,0
BUYER-10472,MEDIUM_RISK,465,19,0.93,0,65.2,1,0
BUYER-10473,LOW_RISK,511,35,0.977,0,88.8,1,0
BUYER-10474,LOW_RISK,1545,62,0.952,0,88.4,1,0
BUYER-10475,LOW_RISK,1164,57,1.0,0,87.6,1,0
BUYER-10476,LOW_RISK,908,67,0.989,0,93.8,1,0
BUYER-10477,LOW_RISK,1722,51,0.965,0,95.0,1,0
BUYER-10478,LOW_RISK,832,66,0.974,0,92.5,1,0
BUYER-10479,LOW_RISK,904,11,0.965,0,84.9,1,0
BUYER-10480,LOW_RISK,1589,78,0.983,0,93.8,1,0
BUYER-10481,LOW_RISK,1302,18,0.951,0,90.6,1,0
BUYER-10482,LOW_RISK,835,51,0.976,0,84.4,1,0
BUYER-10483,LOW_RISK,881,72,0.975,0,94.1,1,0
BUYER-10484,LOW_RISK,1786,70,0.981,0,82.7,1,0
BUYER-10485,LOW_RISK,223,29,0.964,0,83.8,1,0
BUYER-10486,MEDIUM_RISK,323,5,0.852,1,73.9,1,0
BUYER-10487,LOW_RISK,1685,48,0.979,0,83.9,1,0
BUYER-10488,MEDIUM_RISK,418,3,0.873,1,57.9,1,1
BUYER-10489,LOW_RISK,1749,24,0.954,0,92.2,1,0
BUYER-10490,LOW_RISK,1469,58,0.998,0,83.4,1,0
BUYER-10491,LOW_RISK,1506,46,0.951,0,86.4,1,0
BUYER-10492,LOW_RISK,1538,55,0.952,0,82.7,1,1
BUYER-10493,LOW_RISK,818,52,0.978,0,82.5,1,0
BUYER-10494,LOW_RISK,1492,80,0.979,0,84.1,1,1
BUYER-10495,LOW_RISK,1158,12,0.97,0,96.3,1,0
BUYER-10496,LOW_RISK,1455,14,0.996,0,88.2,1,0
BUYER-10497,LOW_RISK,1423,49,0.981,0,87.3,1,0
BUYER-10498,LOW_RISK,1509,54,0.987,0,95.6,1,0
BUYER-10499,LOW_RISK,1510,74,0.997,0,96.7,1,0
BUYER-10500,LOW_RISK,641,60,0.961,0,85.5,1,1
BUYER-10501,LOW_RISK,779,72,0.957,0,84.6,1,1
BUYER-10502,LOW_RISK,923,51,0.989,0,96.7,1,0
BUYER-10503,LOW_RISK,379,72,0.952,0,93.7,1,0
BUYER-10504,LOW_RISK,662,54,0.953,0,94.2,1,0
BUYER-10505,LOW_RISK,787,33,0.963,0,92.4,1,1
BUYER-10506,LOW_RISK,1784,62,0.97,0,86.0,1,0
BUYER-10507,LOW_RISK,1424,14,0.989,0,93.7,1,0
BUYER-10508,LOW_RISK,712,55,0.961,0,96.5,1,0
BUYER-10509,LOW_RISK,1634,80,0.951,0,93.2,1,0
BUYER-10510,LOW_RISK,1663,80,0.993,0,90.7,1,0
BUYER-10511,LOW_RISK,1688,63,0.975,0,84.7,1,0
BUYER-10512,LOW_RISK,827,23,0.965,0,93.0,1,0
BUYER-10513,LOW_RISK,951,24,0.987,0,82.8,1,1
BUYER-10514,LOW_RISK,1366,74,0.997,0,85.4,1,0
BUYER-10515,LOW_RISK,1199,11,0.998,0,90.0,1,0
BUYER-10516,LOW_RISK,416,60,0.998,0,97.3,1,0
BUYER-10517,LOW_RISK,1328,23,0.961,0,82.3,1,0
BUYER-10518,LOW_RISK,1463,79,0.965,0,91.6,1,0
BUYER-10519,LOW_RISK,1571,33,0.977,0,87.8,1,0
BUYER-10520,LOW_RISK,387,58,0.963,0,86.2,1,0
BUYER-10521,LOW_RISK,1017,59,1.0,0,87.9,1,0
BUYER-10522,LOW_RISK,654,24,0.958,0,87.6,1,0
BUYER-10523,MEDIUM_RISK,461,6,0.818,0,64.7,1,0
BUYER-10524,LOW_RISK,1205,67,0.97,0,94.3,1,0
BUYER-10525,LOW_RISK,511,55,0.996,0,94.7,1,0
BUYER-10526,LOW_RISK,1488,49,0.974,0,87.8,1,0
BUYER-10527,LOW_RISK,1317,17,0.982,0,92.4,1,0
BUYER-10528,LOW_RISK,1443,67,0.956,0,96.5,1,0
BUYER-10529,MEDIUM_RISK,697,10,0.813,0,63.1,1,0
BUYER-10530,LOW_RISK,1195,22,0.997,0,82.6,1,0
BUYER-10531,LOW_RISK,748,32,0.969,0,97.1,1,0
BUYER-10532,LOW_RISK,348,43,0.992,0,94.3,1,0
BUYER-10533,HIGH_RISK,244,3,0.77,2,37.7,1,0
BUYER-10534,LOW_RISK,722,43,0.988,0,87.9,1,0
BUYER-10535,LOW_RISK,1060,43,0.964,0,87.5,1,0
BUYER-10536,LOW_RISK,1530,74,0.987,0,84.3,1,0
BUYER-10537,LOW_RISK,1028,46,0.986,0,87.9,1,0
BUYER-10538,LOW_RISK,356,24,0.992,0,96.9,1,0
BUYER-10539,LOW_RISK,1128,15,0.963,0,90.1,1,0
BUYER-10540,LOW_RISK,1057,27,0.951,0,85.0,1,0
BUYER-10541,LOW_RISK,1301,34,0.972,0,91.5,1,0
BUYER-10542,LOW_RISK,846,31,0.966,0,84.8,1,0
BUYER-10543,LOW_RISK,1153,63,0.95,0,94.8,1,0
BUYER-10544,LOW_RISK,756,25,0.966,0,86.2,1,0
BUYER-10545,MEDIUM_RISK,306,3,0.912,0,65.4,1,0
BUYER-10546,LOW_RISK,433,34,0.968,0,86.5,1,0
BUYER-10547,HIGH_RISK,181,7,0.665,1,33.5,1,0
BUYER-10548,MEDIUM_RISK,232,7,0.914,0,65.3,1,0
BUYER-10549,LOW_RISK,492,21,0.96,0,86.1,1,0
BUYER-10550,LOW_RISK,431,56,0.967,0,95.5,1,0
BUYER-10551,LOW_RISK,1358,55,0.964,0,84.1,1,0
BUYER-10552,LOW_RISK,1467,56,0.989,0,95.9,1,0
BUYER-10553,LOW_RISK,874,10,0.968,0,96.4,1,0
BUYER-10554,LOW_RISK,1210,17,0.976,0,86.4,1,0
BUYER-10555,LOW_RISK,1256,32,0.985,0,89.0,1,0
BUYER-10556,LOW_RISK,1144,19,0.958,0,85.0,1,0
BUYER-10557,LOW_RISK,808,14,0.985,0,84.9,1,0
BUYER-10558,MEDIUM_RISK,663,9,0.868,0,77.5,1,0
BUYER-10559,LOW_RISK,1681,41,0.958,0,89.5,1,0
BUYER-10560,HIGH_RISK,246,5,0.646,1,46.9,0,0
BUYER-10561,LOW_RISK,436,67,0.972,0,93.5,1,0
BUYER-10562,HIGH_RISK,239,6,0.683,2,42.4,1,1
BUYER-10563,LOW_RISK,1217,75,0.993,0,91.3,1,0
BUYER-10564,LOW_RISK,779,59,0.977,0,89.1,1,0
BUYER-10565,LOW_RISK,1626,68,0.988,0,91.3,1,1
BUYER-10566,LOW_RISK,489,47,0.963,0,91.8,1,0
BUYER-10567,MEDIUM_RISK,104,9,0.858,0,63.3,1,0
BUYER-10568,LOW_RISK,1193,30,0.999,0,95.3,1,1
BUYER-10569,MEDIUM_RISK,442,16,0.871,0,72.0,1,1
BUYER-10570,LOW_RISK,1416,10,0.995,0,87.3,1,0
BUYER-10571,LOW_RISK,1008,64,0.995,0,92.3,1,0
BUYER-10572,MEDIUM_RISK,244,8,0.804,0,56.8,1,1
BUYER-10573,LOW_RISK,432,36,0.994,0,89.7,1,0
BUYER-10574,LOW_RISK,1402,11,0.967,0,86.8,1,0
BUYER-10575,MEDIUM_RISK,242,20,0.895,0,60.3,1,0
BUYER-10576,MEDIUM_RISK,234,6,0.892,0,74.1,1,1
BUYER-10577,HIGH_RISK,355,13,0.618,2,32.3,1,0
BUYER-10578,MEDIUM_RISK,437,15,0.839,1,74.6,1,1
BUYER-10579,LOW_RISK,502,41,0.971,0,90.6,1,0
BUYER-10580,MEDIUM_RISK,152,22,0.831,0,67.7,1,1
BUYER-10581,LOW_RISK,1599,56,0.998,0,83.2,1,0
BUYER-10582,REPEATED_HIGH_RISK,97,6,0.494,4,19.3,1,0
BUYER-10583,LOW_RISK,1294,22,0.968,0,85.9,1,0
BUYER-10584,LOW_RISK,357,50,0.979,0,83.4,1,0
BUYER-10585,LOW_RISK,1559,58,0.989,0,82.2,1,0
BUYER-10586,LOW_RISK,1040,33,0.962,0,88.1,1,0
BUYER-10587,LOW_RISK,302,47,0.97,0,97.2,1,0
BUYER-10588,MEDIUM_RISK,450,23,0.824,0,58.4,1,0
BUYER-10589,LOW_RISK,1192,80,0.982,0,84.1,1,0
BUYER-10590,LOW_RISK,869,23,0.982,0,90.8,1,0
BUYER-10591,LOW_RISK,1606,28,0.993,0,96.3,1,1
BUYER-10592,LOW_RISK,1493,22,0.997,0,94.4,1,0
BUYER-10593,LOW_RISK,870,15,0.998,0,84.0,1,0
BUYER-10594,LOW_RISK,303,77,0.964,0,83.2,1,0
BUYER-10595,MEDIUM_RISK,521,22,0.925,0,66.9,1,0
BUYER-10596,LOW_RISK,1514,12,0.97,0,93.3,1,0
BUYER-10597,LOW_RISK,1252,18,0.952,0,98.0,1,0
BUYER-10598,LOW_RISK,1158,55,0.959,0,97.3,1,0
BUYER-10599,LOW_RISK,1267,60,0.971,0,88.0,1,0
BUYER-10600,LOW_RISK,1272,37,0.971,0,83.5,1,0
BUYER-10601,LOW_RISK,981,30,0.956,0,82.7,1,0
BUYER-10602,LOW_RISK,642,70,0.999,0,82.9,1,0
BUYER-10603,LOW_RISK,1584,68,0.954,0,86.5,1,0
BUYER-10604,MEDIUM_RISK,232,21,0.803,0,69.9,1,0
BUYER-10605,LOW_RISK,1414,29,0.951,0,82.8,1,0
BUYER-10606,LOW_RISK,1798,60,0.959,0,94.7,1,0
BUYER-10607,LOW_RISK,1167,10,0.982,0,97.8,1,0
BUYER-10608,MEDIUM_RISK,321,18,0.84,1,74.8,1,0
BUYER-10609,LOW_RISK,1517,67,0.981,0,93.5,1,0
BUYER-10610,MEDIUM_RISK,572,22,0.824,0,60.5,1,0
BUYER-10611,LOW_RISK,1125,39,0.977,0,96.2,1,0
BUYER-10612,LOW_RISK,536,29,0.98,0,95.2,1,0
BUYER-10613,LOW_RISK,534,27,0.979,0,92.7,1,0
BUYER-10614,LOW_RISK,537,51,0.963,0,83.8,1,0
BUYER-10615,LOW_RISK,1393,41,0.978,0,97.2,1,0
BUYER-10616,LOW_RISK,785,72,0.989,0,87.9,1,0
BUYER-10617,MEDIUM_RISK,270,23,0.812,0,67.9,1,0
BUYER-10618,MEDIUM_RISK,348,14,0.884,0,65.9,1,1
BUYER-10619,LOW_RISK,286,17,0.974,0,92.1,1,0
BUYER-10620,LOW_RISK,1355,32,0.987,0,86.3,1,0
BUYER-10621,LOW_RISK,1057,37,0.97,0,97.8,1,0
BUYER-10622,LOW_RISK,1251,40,0.974,0,87.6,1,0
BUYER-10623,LOW_RISK,1487,56,0.982,0,86.5,1,0
BUYER-10624,MEDIUM_RISK,374,20,0.834,1,66.8,1,1
BUYER-10625,HIGH_RISK,34,2,0.766,1,40.5,1,0
BUYER-10626,LOW_RISK,1131,14,0.981,0,82.9,1,0
BUYER-10627,MEDIUM_RISK,222,6,0.862,0,58.5,1,0
BUYER-10628,LOW_RISK,1470,19,0.99,0,94.3,1,1
BUYER-10629,LOW_RISK,1383,74,0.95,0,85.1,1,0
BUYER-10630,LOW_RISK,664,24,0.99,0,88.0,1,0
BUYER-10631,LOW_RISK,1041,63,0.963,0,83.8,1,0
BUYER-10632,LOW_RISK,350,49,0.97,0,83.5,1,0
BUYER-10633,LOW_RISK,1445,35,0.999,0,96.7,1,0
BUYER-10634,LOW_RISK,849,33,0.95,0,97.0,1,0
BUYER-10635,LOW_RISK,520,32,0.99,0,88.1,1,0
BUYER-10636,HIGH_RISK,305,5,0.615,1,38.6,0,1
BUYER-10637,LOW_RISK,745,26,0.988,0,88.4,1,0
BUYER-10638,LOW_RISK,644,39,0.956,0,83.5,1,0
BUYER-10639,LOW_RISK,287,80,0.998,0,85.0,1,0
BUYER-10640,LOW_RISK,195,18,0.974,0,93.1,1,0
BUYER-10641,LOW_RISK,427,47,0.966,0,96.7,1,0
BUYER-10642,MEDIUM_RISK,286,4,0.847,0,57.6,1,0
BUYER-10643,LOW_RISK,1543,56,0.951,0,83.2,1,0
BUYER-10644,HIGH_RISK,20,2,0.76,1,44.9,1,1
BUYER-10645,LOW_RISK,861,62,0.989,0,94.8,1,0
BUYER-10646,LOW_RISK,656,55,0.958,0,88.7,1,0
BUYER-10647,MEDIUM_RISK,261,14,0.884,1,57.1,1,0
BUYER-10648,MEDIUM_RISK,472,10,0.851,0,61.3,1,0
BUYER-10649,REPEATED_HIGH_RISK,68,2,0.257,4,24.1,0,1
BUYER-10650,LOW_RISK,1259,58,0.974,0,83.6,1,0
BUYER-10651,MEDIUM_RISK,436,16,0.846,0,65.2,1,0
BUYER-10652,MEDIUM_RISK,202,12,0.881,0,78.2,1,0
BUYER-10653,MEDIUM_RISK,405,17,0.862,0,61.9,1,0
BUYER-10654,LOW_RISK,1540,48,0.979,0,87.9,1,0
BUYER-10655,LOW_RISK,355,73,0.967,0,84.4,1,0
BUYER-10656,MEDIUM_RISK,537,24,0.887,0,69.8,1,0
BUYER-10657,LOW_RISK,1190,54,0.958,0,97.8,1,0
BUYER-10658,LOW_RISK,826,77,0.973,0,96.6,1,0
BUYER-10659,LOW_RISK,1458,77,0.98,0,93.4,1,0
BUYER-10660,LOW_RISK,1001,80,0.993,0,83.6,1,0
BUYER-10661,LOW_RISK,396,50,0.993,0,83.8,1,0
BUYER-10662,LOW_RISK,316,43,0.958,0,86.2,1,0
BUYER-10663,MEDIUM_RISK,190,12,0.898,1,67.0,1,0
BUYER-10664,LOW_RISK,926,49,0.998,0,89.0,1,0
BUYER-10665,LOW_RISK,332,36,0.972,0,96.8,1,0
BUYER-10666,LOW_RISK,1142,43,0.955,0,96.3,1,0
BUYER-10667,LOW_RISK,181,62,0.97,0,87.1,1,0
BUYER-10668,LOW_RISK,830,16,0.977,0,89.6,1,0
BUYER-10669,LOW_RISK,190,34,0.963,0,96.3,1,0
BUYER-10670,LOW_RISK,1510,21,0.997,0,88.5,1,0
BUYER-10671,MEDIUM_RISK,121,17,0.804,1,57.5,1,1
BUYER-10672,LOW_RISK,1511,14,0.956,0,92.8,1,1
BUYER-10673,LOW_RISK,1105,37,0.977,0,95.7,1,1
BUYER-10674,LOW_RISK,1541,76,0.982,0,92.4,1,0
BUYER-10675,LOW_RISK,1111,30,0.951,0,85.9,1,0
BUYER-10676,LOW_RISK,831,70,0.979,0,87.7,1,0
BUYER-10677,MEDIUM_RISK,462,11,0.802,0,56.5,1,0
BUYER-10678,LOW_RISK,310,50,0.965,0,84.1,1,0
BUYER-10679,LOW_RISK,996,17,0.985,0,96.0,1,0
BUYER-10680,LOW_RISK,1312,29,0.993,0,83.2,1,0
BUYER-10681,LOW_RISK,1042,45,0.96,0,94.2,1,0
BUYER-10682,HIGH_RISK,103,6,0.782,1,44.0,0,1
BUYER-10683,LOW_RISK,322,25,0.963,0,98.0,1,0
BUYER-10684,LOW_RISK,829,47,0.983,0,97.1,1,0
BUYER-10685,LOW_RISK,475,45,0.995,0,90.5,1,0
BUYER-10686,LOW_RISK,439,39,0.998,0,83.0,1,0
BUYER-10687,LOW_RISK,1051,47,0.956,0,83.2,1,1
BUYER-10688,LOW_RISK,342,64,0.996,0,86.2,1,0
BUYER-10689,LOW_RISK,292,38,0.976,0,97.2,1,0
BUYER-10690,LOW_RISK,1403,54,0.955,0,93.2,1,0
BUYER-10691,LOW_RISK,1436,29,0.962,0,96.7,1,1
BUYER-10692,LOW_RISK,1045,60,0.966,0,83.0,1,0
BUYER-10693,HIGH_RISK,268,6,0.681,1,37.5,1,1
BUYER-10694,LOW_RISK,1739,39,0.955,0,88.9,1,0
BUYER-10695,MEDIUM_RISK,306,21,0.911,0,55.2,1,0
BUYER-10696,LOW_RISK,249,51,0.982,0,86.6,1,0
BUYER-10697,HIGH_RISK,64,13,0.768,1,40.1,1,0
BUYER-10698,LOW_RISK,1517,23,0.997,0,92.3,1,0
BUYER-10699,LOW_RISK,775,64,0.987,0,94.6,1,0
BUYER-10700,LOW_RISK,1475,23,0.988,0,82.2,1,0
BUYER-10701,LOW_RISK,1196,79,0.98,0,92.9,1,0
BUYER-10702,LOW_RISK,1488,71,0.977,0,91.2,1,0
BUYER-10703,LOW_RISK,1581,51,0.973,0,88.0,1,0
BUYER-10704,REPEATED_HIGH_RISK,35,10,0.504,4,27.7,1,1
BUYER-10705,LOW_RISK,741,23,0.985,0,87.2,1,1
BUYER-10706,LOW_RISK,749,46,0.974,0,95.4,1,0
BUYER-10707,LOW_RISK,672,40,0.963,0,85.6,1,0
BUYER-10708,LOW_RISK,1520,70,0.962,0,94.1,1,1
BUYER-10709,LOW_RISK,1158,14,0.955,0,88.8,1,0
BUYER-10710,LOW_RISK,1760,56,0.958,0,97.2,1,0
BUYER-10711,LOW_RISK,674,19,0.983,0,95.5,1,0
BUYER-10712,LOW_RISK,1170,50,0.952,0,97.7,1,0
BUYER-10713,HIGH_RISK,303,5,0.69,2,33.4,1,0
BUYER-10714,LOW_RISK,1711,24,0.976,0,91.9,1,0
BUYER-10715,HIGH_RISK,300,11,0.732,2,36.6,0,0
BUYER-10716,LOW_RISK,216,55,0.958,0,82.3,1,0
BUYER-10717,LOW_RISK,1663,55,0.952,0,87.6,1,0
BUYER-10718,LOW_RISK,1348,29,0.975,0,90.5,1,0
BUYER-10719,LOW_RISK,1095,29,0.97,0,90.1,1,0
BUYER-10720,LOW_RISK,992,36,0.987,0,91.7,1,0
BUYER-10721,LOW_RISK,1480,32,0.964,0,88.8,1,0
BUYER-10722,LOW_RISK,1481,22,0.955,0,87.5,1,0
BUYER-10723,LOW_RISK,731,14,0.991,0,93.5,1,0
BUYER-10724,MEDIUM_RISK,681,15,0.825,0,66.7,1,0
BUYER-10725,LOW_RISK,1503,13,0.976,0,90.5,1,0
BUYER-10726,LOW_RISK,1686,16,0.97,0,94.8,1,0
BUYER-10727,LOW_RISK,362,25,0.958,0,92.7,1,0
BUYER-10728,LOW_RISK,421,68,0.997,0,87.3,1,0
BUYER-10729,LOW_RISK,465,80,0.957,0,95.2,1,1
BUYER-10730,LOW_RISK,508,36,0.962,0,83.3,1,0
BUYER-10731,LOW_RISK,854,59,0.974,0,84.2,1,0
BUYER-10732,MEDIUM_RISK,32,25,0.899,0,60.1,1,1
BUYER-10733,LOW_RISK,884,64,0.956,0,84.8,1,0
BUYER-10734,LOW_RISK,1123,24,0.998,0,86.2,1,0
BUYER-10735,LOW_RISK,568,45,0.99,0,89.9,1,1
BUYER-10736,LOW_RISK,1630,73,0.959,0,85.2,1,0
BUYER-10737,LOW_RISK,1512,72,0.962,0,89.8,1,0
BUYER-10738,LOW_RISK,700,33,0.995,0,83.6,1,0
BUYER-10739,LOW_RISK,813,29,0.951,0,86.0,1,0
BUYER-10740,LOW_RISK,251,66,0.98,0,96.3,1,0
BUYER-10741,LOW_RISK,714,24,0.968,0,90.1,1,0
BUYER-10742,LOW_RISK,314,46,0.957,0,82.8,1,0
BUYER-10743,LOW_RISK,1536,52,1.0,0,84.2,1,0
BUYER-10744,LOW_RISK,855,38,0.998,0,96.5,1,0
BUYER-10745,LOW_RISK,184,56,0.968,0,95.6,1,0
BUYER-10746,LOW_RISK,1580,80,0.975,0,91.7,1,0
BUYER-10747,MEDIUM_RISK,651,10,0.855,0,71.1,1,0
BUYER-10748,MEDIUM_RISK,216,18,0.83,0,69.0,1,0
BUYER-10749,LOW_RISK,1109,29,0.961,0,93.5,1,0
BUYER-10750,LOW_RISK,383,64,0.998,0,94.6,1,0
BUYER-10751,LOW_RISK,326,26,0.979,0,83.4,1,0
BUYER-10752,LOW_RISK,836,23,0.955,0,96.2,1,0
BUYER-10753,LOW_RISK,330,40,0.983,0,82.8,1,0
BUYER-10754,LOW_RISK,240,70,0.966,0,88.0,1,0
BUYER-10755,LOW_RISK,1746,15,0.959,0,86.2,1,0
BUYER-10756,LOW_RISK,1361,45,0.998,0,95.3,1,0
BUYER-10757,LOW_RISK,770,23,0.959,0,84.2,1,1
BUYER-10758,LOW_RISK,1673,26,0.959,0,95.7,1,0
BUYER-10759,LOW_RISK,248,71,0.989,0,90.4,1,0
BUYER-10760,LOW_RISK,838,70,0.953,0,94.3,1,0
BUYER-10761,LOW_RISK,1744,48,0.96,0,95.3,1,0
BUYER-10762,LOW_RISK,394,41,0.974,0,97.7,1,0
BUYER-10763,LOW_RISK,903,66,0.998,0,85.3,1,0
BUYER-10764,LOW_RISK,1445,31,0.956,0,97.2,1,1
BUYER-10765,LOW_RISK,408,64,0.991,0,93.8,1,0
BUYER-10766,LOW_RISK,560,27,0.969,0,82.9,1,0
BUYER-10767,LOW_RISK,193,36,0.972,0,88.0,1,0
BUYER-10768,LOW_RISK,1459,39,0.954,0,89.2,1,0
BUYER-10769,LOW_RISK,1292,48,0.963,0,91.6,1,0
BUYER-10770,LOW_RISK,1325,41,0.977,0,85.2,1,1
BUYER-10771,LOW_RISK,1486,45,0.999,0,89.0,1,0
BUYER-10772,LOW_RISK,1696,39,0.977,0,83.5,1,0
BUYER-10773,LOW_RISK,607,67,0.953,0,86.0,1,0
BUYER-10774,LOW_RISK,725,60,0.958,0,95.5,1,0
BUYER-10775,LOW_RISK,821,49,0.952,0,95.7,1,0
BUYER-10776,LOW_RISK,211,11,0.966,0,85.7,1,0
BUYER-10777,LOW_RISK,909,51,0.983,0,90.1,1,0
BUYER-10778,LOW_RISK,446,36,0.996,0,90.8,1,0
BUYER-10779,LOW_RISK,387,25,0.989,0,82.4,1,0
BUYER-10780,LOW_RISK,1317,32,0.978,0,93.9,1,0
BUYER-10781,HIGH_RISK,279,7,0.611,2,47.8,0,0
BUYER-10782,LOW_RISK,1673,78,0.964,0,89.7,1,0
BUYER-10783,MEDIUM_RISK,596,8,0.935,1,67.4,1,0
BUYER-10784,LOW_RISK,1687,55,0.961,0,83.1,1,0
BUYER-10785,LOW_RISK,940,64,0.989,0,83.6,1,0
BUYER-10786,LOW_RISK,660,37,0.987,0,89.1,1,0
BUYER-10787,LOW_RISK,213,58,0.971,0,92.9,1,0
BUYER-10788,LOW_RISK,1190,17,0.982,0,92.6,1,0
BUYER-10789,LOW_RISK,1002,37,0.988,0,85.7,1,0
BUYER-10790,LOW_RISK,384,18,0.986,0,93.2,1,1
BUYER-10791,LOW_RISK,393,52,0.967,0,85.5,1,0
BUYER-10792,LOW_RISK,1398,41,0.975,0,93.6,1,0
BUYER-10793,LOW_RISK,569,42,0.984,0,85.7,1,0
BUYER-10794,LOW_RISK,1189,19,0.999,0,82.1,1,0
BUYER-10795,LOW_RISK,620,72,0.979,0,92.4,1,0
BUYER-10796,LOW_RISK,236,63,0.955,0,90.6,1,0
BUYER-10797,LOW_RISK,460,16,0.995,0,86.6,1,0
BUYER-10798,LOW_RISK,939,76,0.956,0,89.6,1,0
BUYER-10799,LOW_RISK,377,60,0.959,0,86.3,1,0
BUYER-10800,LOW_RISK,1598,48,0.956,0,88.9,1,1
BUYER-10801,LOW_RISK,732,71,0.962,0,87.8,1,0
BUYER-10802,MEDIUM_RISK,358,4,0.907,1,77.7,1,0
BUYER-10803,LOW_RISK,455,13,0.967,0,96.3,1,0
BUYER-10804,HIGH_RISK,211,14,0.774,2,39.5,1,0
BUYER-10805,REPEATED_HIGH_RISK,169,3,0.249,6,27.7,0,1
BUYER-10806,LOW_RISK,1711,14,0.981,0,89.6,1,0
BUYER-10807,LOW_RISK,1534,12,0.992,0,87.0,1,0
BUYER-10808,LOW_RISK,1617,51,0.951,0,97.7,1,0
BUYER-10809,LOW_RISK,382,63,0.977,0,94.8,1,0
BUYER-10810,LOW_RISK,1710,43,0.964,0,89.0,1,0
BUYER-10811,LOW_RISK,1621,67,1.0,0,93.9,1,0
BUYER-10812,LOW_RISK,1653,78,0.989,0,95.2,1,0
BUYER-10813,LOW_RISK,1095,43,0.965,0,85.0,1,0
BUYER-10814,MEDIUM_RISK,352,11,0.808,0,78.0,1,0
BUYER-10815,LOW_RISK,920,20,0.999,0,96.7,1,0
BUYER-10816,LOW_RISK,1594,51,0.971,0,94.8,1,0
BUYER-10817,MEDIUM_RISK,317,3,0.879,1,59.2,1,0
BUYER-10818,LOW_RISK,419,60,0.982,0,94.8,1,0
BUYER-10819,LOW_RISK,1411,41,0.952,0,97.7,1,0
BUYER-10820,LOW_RISK,326,38,0.994,0,95.8,1,0
BUYER-10821,LOW_RISK,340,48,0.994,0,87.6,1,0
BUYER-10822,LOW_RISK,1468,78,0.953,0,92.1,1,0
BUYER-10823,HIGH_RISK,24,11,0.614,1,36.3,1,0
BUYER-10824,LOW_RISK,1788,44,0.998,0,87.7,1,0
BUYER-10825,LOW_RISK,1243,42,0.95,0,82.8,1,0
BUYER-10826,LOW_RISK,262,47,0.952,0,86.7,1,0
BUYER-10827,LOW_RISK,1024,42,0.992,0,86.0,1,0
BUYER-10828,MEDIUM_RISK,503,15,0.874,1,60.1,1,0
BUYER-10829,MEDIUM_RISK,578,17,0.849,0,63.7,1,0
BUYER-10830,LOW_RISK,218,46,1.0,0,90.8,1,0
BUYER-10831,LOW_RISK,1419,28,0.993,0,88.3,1,0
BUYER-10832,LOW_RISK,455,50,0.972,0,83.0,1,0
BUYER-10833,LOW_RISK,574,77,0.952,0,89.5,1,0
BUYER-10834,LOW_RISK,858,20,0.954,0,90.1,1,0
BUYER-10835,LOW_RISK,529,23,0.99,0,88.1,1,0
BUYER-10836,HIGH_RISK,105,12,0.725,2,33.0,0,0
BUYER-10837,LOW_RISK,1562,25,0.968,0,87.3,1,0
BUYER-10838,MEDIUM_RISK,53,12,0.834,0,63.1,0,1
BUYER-10839,LOW_RISK,224,66,0.993,0,96.9,1,0
BUYER-10840,LOW_RISK,324,73,0.963,0,92.1,1,0
BUYER-10841,MEDIUM_RISK,311,18,0.933,0,66.6,0,0
BUYER-10842,LOW_RISK,1749,59,0.994,0,95.1,1,0
BUYER-10843,MEDIUM_RISK,133,23,0.806,1,78.1,1,0
BUYER-10844,LOW_RISK,648,30,0.985,0,83.9,1,0
BUYER-10845,LOW_RISK,1119,61,0.974,0,84.6,1,0
BUYER-10846,MEDIUM_RISK,344,15,0.814,0,67.2,1,0
BUYER-10847,LOW_RISK,779,45,0.969,0,88.7,1,0
BUYER-10848,MEDIUM_RISK,404,23,0.871,0,76.7,0,0
BUYER-10849,MEDIUM_RISK,214,11,0.896,0,57.0,1,0
BUYER-10850,LOW_RISK,1540,79,0.961,0,90.1,1,1
BUYER-10851,LOW_RISK,1762,18,0.993,0,95.7,1,0
BUYER-10852,LOW_RISK,675,66,0.982,0,86.3,1,0
BUYER-10853,LOW_RISK,1707,45,0.988,0,96.9,1,0
BUYER-10854,LOW_RISK,1399,30,0.989,0,89.3,1,0
BUYER-10855,LOW_RISK,1648,51,0.999,0,83.5,1,0
BUYER-10856,LOW_RISK,725,48,0.999,0,96.6,1,0
BUYER-10857,LOW_RISK,1358,49,0.951,0,82.1,1,0
BUYER-10858,LOW_RISK,1532,49,0.969,0,95.6,1,0
BUYER-10859,LOW_RISK,1294,42,0.995,0,85.8,1,0
BUYER-10860,LOW_RISK,1367,29,0.982,0,86.6,1,1
BUYER-10861,HIGH_RISK,272,9,0.706,1,42.9,0,1
BUYER-10862,LOW_RISK,1156,41,0.974,0,92.7,1,0
BUYER-10863,LOW_RISK,1559,71,0.971,0,86.1,1,0
BUYER-10864,LOW_RISK,1351,70,0.996,0,89.2,1,0
BUYER-10865,LOW_RISK,272,51,0.962,0,95.7,1,0
BUYER-10866,HIGH_RISK,194,3,0.707,1,46.5,0,0
BUYER-10867,LOW_RISK,1110,25,0.971,0,95.5,1,0
BUYER-10868,LOW_RISK,1350,67,0.965,0,89.0,1,0
BUYER-10869,LOW_RISK,1117,65,0.971,0,97.2,1,0
BUYER-10870,LOW_RISK,1723,17,0.985,0,83.3,1,0
BUYER-10871,LOW_RISK,426,34,0.995,0,84.6,1,0
BUYER-10872,LOW_RISK,698,26,0.967,0,92.5,1,0
BUYER-10873,LOW_RISK,1431,36,0.956,0,89.0,1,0
BUYER-10874,LOW_RISK,1366,73,0.992,0,95.5,1,0
BUYER-10875,MEDIUM_RISK,573,14,0.859,0,75.6,1,1
BUYER-10876,LOW_RISK,832,24,0.951,0,88.0,1,1
BUYER-10877,LOW_RISK,1516,65,0.987,0,85.4,1,0
BUYER-10878,LOW_RISK,1682,63,0.974,0,92.6,1,0
BUYER-10879,LOW_RISK,748,67,0.974,0,89.7,1,0
BUYER-10880,MEDIUM_RISK,143,11,0.805,0,74.3,1,0
BUYER-10881,LOW_RISK,1138,17,0.957,0,87.8,1,0
BUYER-10882,LOW_RISK,1715,12,0.985,0,87.8,1,0
BUYER-10883,LOW_RISK,757,42,0.981,0,82.6,1,0
BUYER-10884,LOW_RISK,1786,78,0.966,0,95.0,1,0
BUYER-10885,LOW_RISK,450,57,0.969,0,92.1,1,0
BUYER-10886,LOW_RISK,1184,43,0.997,0,86.3,1,0
BUYER-10887,LOW_RISK,1708,80,0.963,0,87.4,1,0
BUYER-10888,LOW_RISK,869,70,0.97,0,95.3,1,0
BUYER-10889,LOW_RISK,1721,62,0.961,0,95.2,1,0
BUYER-10890,LOW_RISK,1592,44,0.999,0,82.1,1,0
BUYER-10891,MEDIUM_RISK,371,3,0.94,0,76.6,0,1
BUYER-10892,LOW_RISK,621,11,0.984,0,84.6,1,0
BUYER-10893,MEDIUM_RISK,511,7,0.874,0,72.0,1,0
BUYER-10894,LOW_RISK,1766,28,0.974,0,91.1,1,0
BUYER-10895,LOW_RISK,1556,74,0.994,0,90.0,1,0
BUYER-10896,LOW_RISK,1649,44,0.992,0,95.8,1,0
BUYER-10897,LOW_RISK,1686,64,0.991,0,82.4,1,0
BUYER-10898,LOW_RISK,1019,64,0.991,0,90.6,1,0
BUYER-10899,LOW_RISK,1793,33,0.989,0,89.0,1,0
BUYER-10900,LOW_RISK,807,43,0.977,0,92.3,1,0
BUYER-10901,LOW_RISK,1757,46,0.96,0,87.8,1,0
BUYER-10902,LOW_RISK,295,71,0.98,0,88.4,1,0
BUYER-10903,LOW_RISK,390,65,0.968,0,89.7,1,0
BUYER-10904,LOW_RISK,1779,69,0.984,0,86.1,1,0
BUYER-10905,LOW_RISK,749,72,0.955,0,97.9,1,0
BUYER-10906,LOW_RISK,1335,18,0.979,0,88.2,1,0
BUYER-10907,LOW_RISK,1573,64,0.979,0,82.3,1,0
BUYER-10908,LOW_RISK,1586,70,0.99,0,87.5,1,1
BUYER-10909,MEDIUM_RISK,210,14,0.805,0,64.3,1,0
BUYER-10910,LOW_RISK,331,54,0.971,0,89.6,1,0
BUYER-10911,LOW_RISK,306,71,0.981,0,84.3,1,0
BUYER-10912,LOW_RISK,289,71,0.983,0,82.3,1,0
BUYER-10913,LOW_RISK,309,35,0.961,0,95.6,1,0
BUYER-10914,MEDIUM_RISK,345,21,0.803,0,60.0,0,0
BUYER-10915,MEDIUM_RISK,521,12,0.832,1,74.9,1,0
BUYER-10916,LOW_RISK,1065,32,0.988,0,86.5,1,0
BUYER-10917,LOW_RISK,756,22,0.978,0,83.4,1,0
BUYER-10918,LOW_RISK,956,55,0.995,0,91.8,1,0
BUYER-10919,LOW_RISK,421,32,0.979,0,86.8,1,0
BUYER-10920,LOW_RISK,718,15,0.962,0,97.9,1,0
BUYER-10921,LOW_RISK,1290,29,0.978,0,97.9,1,0
BUYER-10922,LOW_RISK,373,43,0.972,0,87.7,1,0
BUYER-10923,LOW_RISK,894,22,0.999,0,92.5,1,0
BUYER-10924,LOW_RISK,236,34,0.991,0,91.0,1,0
BUYER-10925,LOW_RISK,1714,17,1.0,0,91.6,1,0
BUYER-10926,LOW_RISK,968,65,0.984,0,92.3,1,0
BUYER-10927,MEDIUM_RISK,289,7,0.83,0,77.7,1,0
BUYER-10928,LOW_RISK,774,34,0.978,0,85.3,1,0
BUYER-10929,LOW_RISK,1166,55,0.994,0,92.8,1,0
BUYER-10930,MEDIUM_RISK,323,8,0.874,0,62.2,1,0
BUYER-10931,MEDIUM_RISK,278,18,0.901,0,60.8,1,0
BUYER-10932,LOW_RISK,1465,80,0.981,0,87.2,1,0
BUYER-10933,LOW_RISK,1685,41,0.95,0,97.7,1,1
BUYER-10934,LOW_RISK,547,67,0.974,0,84.2,1,0
BUYER-10935,LOW_RISK,342,68,0.979,0,95.0,1,0
BUYER-10936,LOW_RISK,1001,30,0.968,0,97.2,1,0
BUYER-10937,MEDIUM_RISK,367,14,0.828,1,65.2,1,0
BUYER-10938,LOW_RISK,1444,28,0.964,0,95.5,1,0
BUYER-10939,LOW_RISK,1477,49,0.984,0,93.2,1,0
BUYER-10940,LOW_RISK,683,69,0.957,0,97.3,1,0
BUYER-10941,LOW_RISK,1651,69,0.988,0,89.8,1,0
BUYER-10942,LOW_RISK,672,75,0.994,0,90.4,1,0
BUYER-10943,LOW_RISK,729,20,0.99,0,95.7,1,0
BUYER-10944,LOW_RISK,1073,66,0.958,0,89.8,1,0
BUYER-10945,LOW_RISK,706,73,0.989,0,88.1,1,0
BUYER-10946,LOW_RISK,1442,20,0.953,0,82.3,1,0
BUYER-10947,LOW_RISK,957,31,0.98,0,95.9,1,0
BUYER-10948,MEDIUM_RISK,420,13,0.826,0,73.0,1,0
BUYER-10949,LOW_RISK,385,50,0.974,0,83.2,1,0
BUYER-10950,REPEATED_HIGH_RISK,138,2,0.253,5,8.4,1,1
BUYER-10951,LOW_RISK,338,11,0.973,0,83.6,1,0
BUYER-10952,LOW_RISK,321,27,0.98,0,94.9,1,0
BUYER-10953,LOW_RISK,690,41,0.973,0,97.8,1,0
BUYER-10954,LOW_RISK,548,64,0.968,0,90.5,1,1
BUYER-10955,MEDIUM_RISK,132,12,0.887,0,60.3,0,0
BUYER-10956,MEDIUM_RISK,396,13,0.804,1,69.0,1,0
BUYER-10957,LOW_RISK,937,36,0.995,0,92.6,1,0
BUYER-10958,LOW_RISK,242,24,0.986,0,90.2,1,0
BUYER-10959,LOW_RISK,936,60,0.972,0,85.6,1,0
BUYER-10960,MEDIUM_RISK,123,10,0.867,0,71.7,1,0
BUYER-10961,LOW_RISK,1662,18,0.999,0,93.1,1,0
BUYER-10962,LOW_RISK,743,34,0.955,0,97.2,1,0
BUYER-10963,LOW_RISK,916,63,0.998,0,94.8,1,0
BUYER-10964,LOW_RISK,657,10,0.959,0,83.7,1,0
BUYER-10965,MEDIUM_RISK,485,9,0.863,0,60.7,1,0
BUYER-10966,LOW_RISK,1399,71,0.991,0,92.5,1,0
BUYER-10967,LOW_RISK,350,10,0.955,0,96.1,1,0
BUYER-10968,LOW_RISK,772,31,0.971,0,83.2,1,0
BUYER-10969,LOW_RISK,1309,30,0.996,0,84.5,1,0
BUYER-10970,LOW_RISK,1666,43,0.951,0,82.0,1,0
BUYER-10971,LOW_RISK,338,36,0.976,0,87.4,1,0
BUYER-10972,HIGH_RISK,318,8,0.776,2,32.9,0,0
BUYER-10973,LOW_RISK,1511,50,0.993,0,97.6,1,0
BUYER-10974,LOW_RISK,734,41,0.967,0,93.5,1,0
BUYER-10975,LOW_RISK,746,70,0.954,0,95.3,1,0
BUYER-10976,LOW_RISK,1636,13,1.0,0,82.5,1,0
BUYER-10977,MEDIUM_RISK,340,13,0.807,0,76.5,0,1
BUYER-10978,LOW_RISK,1708,41,0.996,0,93.3,1,0
BUYER-10979,LOW_RISK,1351,51,0.981,0,96.6,1,0
BUYER-10980,LOW_RISK,1464,62,0.953,0,97.4,1,0
BUYER-10981,LOW_RISK,1166,61,0.98,0,85.0,1,0
BUYER-10982,LOW_RISK,1619,45,0.99,0,97.7,1,0
BUYER-10983,MEDIUM_RISK,536,18,0.885,0,65.0,0,1
BUYER-10984,LOW_RISK,850,42,0.996,0,95.5,1,0
BUYER-10985,LOW_RISK,860,58,0.957,0,89.6,1,0
BUYER-10986,LOW_RISK,196,44,0.958,0,87.0,1,0
BUYER-10987,LOW_RISK,714,17,0.969,0,96.0,1,0
BUYER-10988,LOW_RISK,1537,74,0.971,0,83.8,1,0
BUYER-10989,MEDIUM_RISK,533,13,0.919,0,76.1,1,0
BUYER-10990,LOW_RISK,1692,76,0.958,0,94.4,1,0
BUYER-10991,LOW_RISK,403,24,0.965,0,90.9,1,0
BUYER-10992,LOW_RISK,1795,22,0.969,0,87.9,1,0
BUYER-10993,MEDIUM_RISK,599,3,0.933,0,68.6,1,0
BUYER-10994,LOW_RISK,1554,52,0.968,0,89.8,1,0
BUYER-10995,MEDIUM_RISK,600,8,0.856,0,72.7,0,0
BUYER-10996,LOW_RISK,961,51,0.994,0,86.2,1,0
BUYER-10997,MEDIUM_RISK,326,5,0.926,0,76.7,1,0
BUYER-10998,LOW_RISK,751,27,0.981,0,96.8,1,0
BUYER-10999,LOW_RISK,1748,28,0.987,0,89.9,1,0
BUYER-11000,LOW_RISK,1468,12,0.977,0,83.0,1,0
BUYER-11001,LOW_RISK,889,15,0.953,0,95.1,1,0
BUYER-11002,LOW_RISK,645,66,0.983,0,92.5,1,0
BUYER-11003,LOW_RISK,1758,32,0.971,0,86.0,1,0
BUYER-11004,LOW_RISK,1444,66,0.952,0,84.3,1,1
BUYER-11005,LOW_RISK,308,62,0.986,0,92.6,1,0
BUYER-11006,HIGH_RISK,74,6,0.628,2,47.4,1,1
BUYER-11007,LOW_RISK,191,66,0.999,0,92.6,1,0
BUYER-11008,MEDIUM_RISK,110,17,0.891,1,56.1,1,0
BUYER-11009,LOW_RISK,1275,19,0.995,0,85.5,1,0
BUYER-11010,LOW_RISK,917,70,0.958,0,96.9,1,0
BUYER-11011,LOW_RISK,1400,69,0.97,0,93.8,1,0
BUYER-11012,LOW_RISK,1579,16,0.966,0,83.9,1,0
BUYER-11013,HIGH_RISK,250,14,0.616,2,32.6,0,0
BUYER-11014,LOW_RISK,1192,65,0.951,0,93.0,1,0
BUYER-11015,MEDIUM_RISK,498,14,0.906,1,57.7,1,0
BUYER-11016,MEDIUM_RISK,579,3,0.801,1,65.8,1,0
BUYER-11017,LOW_RISK,1149,80,0.963,0,90.1,1,0
BUYER-11018,MEDIUM_RISK,406,14,0.864,0,57.5,1,0
BUYER-11019,LOW_RISK,1460,64,0.996,0,89.7,1,0
BUYER-11020,HIGH_RISK,38,8,0.681,1,34.2,1,1
BUYER-11021,LOW_RISK,369,30,0.99,0,84.8,1,0
BUYER-11022,LOW_RISK,1735,39,0.965,0,95.8,1,0
BUYER-11023,MEDIUM_RISK,295,9,0.801,0,70.2,1,0
BUYER-11024,LOW_RISK,489,24,0.968,0,89.2,1,0
BUYER-11025,LOW_RISK,541,56,0.981,0,90.6,1,0
BUYER-11026,LOW_RISK,581,64,0.998,0,89.4,1,0
BUYER-11027,LOW_RISK,754,16,0.995,0,92.8,1,1
BUYER-11028,LOW_RISK,389,31,0.984,0,82.7,1,0
BUYER-11029,MEDIUM_RISK,637,21,0.913,0,74.4,1,0
BUYER-11030,LOW_RISK,1589,69,0.981,0,94.4,1,0
BUYER-11031,LOW_RISK,1390,78,0.999,0,90.6,1,0
BUYER-11032,LOW_RISK,365,32,0.984,0,84.6,1,0
BUYER-11033,LOW_RISK,1726,61,0.99,0,83.0,1,0
BUYER-11034,LOW_RISK,622,63,0.955,0,82.2,1,0
BUYER-11035,LOW_RISK,1325,79,0.952,0,87.7,1,1
BUYER-11036,HIGH_RISK,351,2,0.751,1,46.4,1,1
BUYER-11037,LOW_RISK,1509,31,0.986,0,93.8,1,0
BUYER-11038,LOW_RISK,995,40,0.973,0,85.6,1,0
BUYER-11039,MEDIUM_RISK,410,13,0.887,0,76.2,1,1
BUYER-11040,LOW_RISK,1455,23,0.966,0,88.3,1,0
BUYER-11041,LOW_RISK,955,19,0.972,0,88.6,1,0
BUYER-11042,LOW_RISK,1352,61,0.994,0,97.5,1,0
BUYER-11043,MEDIUM_RISK,584,15,0.929,1,72.9,1,0
BUYER-11044,LOW_RISK,970,16,0.957,0,87.8,1,1
BUYER-11045,LOW_RISK,949,75,0.974,0,96.8,1,0
BUYER-11046,LOW_RISK,304,28,0.959,0,96.0,1,0
BUYER-11047,LOW_RISK,916,15,0.99,0,97.9,1,0
BUYER-11048,LOW_RISK,220,59,0.981,0,82.3,1,0
BUYER-11049,LOW_RISK,1079,69,0.991,0,95.2,1,0
BUYER-11050,LOW_RISK,1510,73,0.996,0,95.1,1,0
BUYER-11051,LOW_RISK,1277,35,0.982,0,86.6,1,0
BUYER-11052,LOW_RISK,420,17,0.999,0,92.2,1,0
BUYER-11053,LOW_RISK,1075,59,0.966,0,86.7,1,0
BUYER-11054,LOW_RISK,768,40,0.993,0,94.1,1,0
BUYER-11055,REPEATED_HIGH_RISK,151,5,0.563,3,13.5,0,0
BUYER-11056,LOW_RISK,306,38,0.985,0,87.0,1,0
BUYER-11057,LOW_RISK,1511,63,0.95,0,90.5,1,0
BUYER-11058,MEDIUM_RISK,673,18,0.924,0,64.2,1,0
BUYER-11059,LOW_RISK,1337,41,0.974,0,92.0,1,0
BUYER-11060,LOW_RISK,190,46,0.964,0,96.1,1,0
BUYER-11061,LOW_RISK,284,50,0.987,0,95.1,1,0
BUYER-11062,LOW_RISK,298,43,0.973,0,84.0,1,0
BUYER-11063,MEDIUM_RISK,700,19,0.881,1,58.8,1,0
BUYER-11064,LOW_RISK,1112,64,0.963,0,83.8,1,0
BUYER-11065,LOW_RISK,565,10,0.984,0,94.3,1,0
BUYER-11066,LOW_RISK,836,16,0.995,0,83.9,1,0
BUYER-11067,LOW_RISK,1456,79,0.996,0,87.2,1,0
BUYER-11068,LOW_RISK,1185,52,0.965,0,85.4,1,0
BUYER-11069,LOW_RISK,1290,75,0.989,0,90.7,1,0
BUYER-11070,LOW_RISK,548,72,0.965,0,88.1,1,0
BUYER-11071,LOW_RISK,1225,31,0.975,0,94.5,1,0
BUYER-11072,MEDIUM_RISK,485,8,0.848,0,60.4,1,0
BUYER-11073,LOW_RISK,206,57,0.985,0,97.4,1,1
BUYER-11074,LOW_RISK,918,19,0.966,0,87.9,1,0
BUYER-11075,LOW_RISK,294,24,0.959,0,84.5,1,0
BUYER-11076,LOW_RISK,1138,20,0.955,0,89.0,1,0
BUYER-11077,LOW_RISK,1224,70,0.984,0,97.7,1,0
BUYER-11078,LOW_RISK,887,11,0.986,0,84.0,1,0
BUYER-11079,LOW_RISK,1454,25,0.994,0,92.2,1,0
BUYER-11080,LOW_RISK,359,75,0.951,0,94.0,1,0
BUYER-11081,REPEATED_HIGH_RISK,81,3,0.248,3,17.9,0,1
BUYER-11082,LOW_RISK,1474,15,0.999,0,93.8,1,0
BUYER-11083,LOW_RISK,945,18,0.967,0,91.3,1,0
BUYER-11084,LOW_RISK,615,37,0.99,0,84.5,1,0
BUYER-11085,LOW_RISK,1013,28,0.989,0,88.1,1,0
BUYER-11086,LOW_RISK,1350,43,0.972,0,90.2,1,0
BUYER-11087,MEDIUM_RISK,656,9,0.806,0,77.5,1,0
BUYER-11088,LOW_RISK,1561,57,0.959,0,85.3,1,0
BUYER-11089,LOW_RISK,279,58,0.999,0,87.9,1,0
BUYER-11090,LOW_RISK,586,62,0.991,0,89.0,1,0
BUYER-11091,HIGH_RISK,91,6,0.758,1,46.4,1,0
BUYER-11092,LOW_RISK,596,71,0.96,0,95.5,1,0
BUYER-11093,LOW_RISK,1440,21,0.957,0,87.0,1,0
BUYER-11094,LOW_RISK,322,38,0.995,0,88.2,1,1
BUYER-11095,LOW_RISK,768,34,0.972,0,85.3,1,0
BUYER-11096,LOW_RISK,1055,54,0.984,0,85.1,1,0
BUYER-11097,LOW_RISK,1527,49,0.995,0,97.5,1,0
BUYER-11098,MEDIUM_RISK,640,11,0.852,1,65.1,1,1
BUYER-11099,LOW_RISK,1737,25,0.968,0,94.1,1,1
BUYER-11100,REPEATED_HIGH_RISK,156,7,0.577,5,15.6,1,1
BUYER-11101,LOW_RISK,656,23,0.977,0,91.9,1,0
BUYER-11102,MEDIUM_RISK,622,18,0.923,0,73.7,1,0
BUYER-11103,LOW_RISK,671,15,0.956,0,82.1,1,0
BUYER-11104,LOW_RISK,498,36,0.962,0,85.6,1,0
BUYER-11105,LOW_RISK,1241,77,0.982,0,85.8,1,0
BUYER-11106,LOW_RISK,1534,59,0.95,0,84.3,1,0
BUYER-11107,LOW_RISK,235,29,0.975,0,86.1,1,0
BUYER-11108,LOW_RISK,229,49,0.962,0,95.4,1,0
BUYER-11109,LOW_RISK,1071,58,0.971,0,86.9,1,0
BUYER-11110,LOW_RISK,262,73,0.983,0,88.2,1,0
BUYER-11111,LOW_RISK,1691,30,0.973,0,89.6,1,0
BUYER-11112,LOW_RISK,1216,63,0.998,0,85.2,1,0
BUYER-11113,LOW_RISK,1211,13,0.968,0,97.5,1,0
BUYER-11114,LOW_RISK,1174,34,0.976,0,95.5,1,0
BUYER-11115,LOW_RISK,1766,77,0.999,0,84.4,1,0
BUYER-11116,MEDIUM_RISK,224,4,0.879,0,55.7,1,0
BUYER-11117,MEDIUM_RISK,653,21,0.876,1,62.1,1,1
BUYER-11118,LOW_RISK,1203,16,0.982,0,89.5,1,1
BUYER-11119,LOW_RISK,383,77,0.985,0,88.3,1,0
BUYER-11120,LOW_RISK,393,10,0.978,0,92.6,1,0
BUYER-11121,LOW_RISK,1523,62,0.992,0,88.5,1,0
BUYER-11122,LOW_RISK,1260,32,0.975,0,92.4,1,0
BUYER-11123,LOW_RISK,1047,79,0.997,0,88.2,1,0
BUYER-11124,LOW_RISK,208,58,0.989,0,96.4,1,0
BUYER-11125,LOW_RISK,1212,77,0.953,0,96.5,1,0
BUYER-11126,LOW_RISK,1176,16,0.966,0,95.8,1,0
BUYER-11127,MEDIUM_RISK,408,8,0.876,0,61.4,1,1
BUYER-11128,LOW_RISK,840,74,0.996,0,88.8,1,0
BUYER-11129,LOW_RISK,1769,19,0.984,0,91.5,1,0
BUYER-11130,MEDIUM_RISK,190,23,0.84,0,71.0,1,1
BUYER-11131,LOW_RISK,1428,68,1.0,0,89.1,1,0
BUYER-11132,LOW_RISK,624,25,0.952,0,83.0,1,0
BUYER-11133,LOW_RISK,614,43,0.978,0,82.1,1,0
BUYER-11134,LOW_RISK,1298,54,0.994,0,86.1,1,0
BUYER-11135,LOW_RISK,1266,68,0.978,0,82.7,1,0
BUYER-11136,LOW_RISK,736,78,0.962,0,86.1,1,0
BUYER-11137,LOW_RISK,831,79,0.969,0,93.1,1,0
BUYER-11138,MEDIUM_RISK,679,7,0.854,0,59.4,1,0
BUYER-11139,LOW_RISK,623,18,0.983,0,90.1,1,0
BUYER-11140,REPEATED_HIGH_RISK,14,8,0.467,6,14.0,0,1
BUYER-11141,LOW_RISK,835,70,0.982,0,86.9,1,0
BUYER-11142,HIGH_RISK,342,2,0.701,1,44.3,1,1
BUYER-11143,LOW_RISK,197,37,0.972,0,84.8,1,0
BUYER-11144,LOW_RISK,1495,52,0.985,0,95.5,1,0
BUYER-11145,LOW_RISK,1078,23,0.956,0,93.8,1,0
BUYER-11146,LOW_RISK,1257,77,0.975,0,86.6,1,0
BUYER-11147,LOW_RISK,344,52,0.989,0,87.1,1,0
BUYER-11148,LOW_RISK,1286,22,0.962,0,93.7,1,0
BUYER-11149,MEDIUM_RISK,235,25,0.811,0,74.6,1,1
BUYER-11150,MEDIUM_RISK,152,18,0.894,0,64.3,1,0
BUYER-11151,LOW_RISK,461,44,0.974,0,91.6,1,0
BUYER-11152,LOW_RISK,1659,42,0.962,0,95.4,1,0
BUYER-11153,LOW_RISK,1197,79,0.958,0,85.6,1,0
BUYER-11154,LOW_RISK,259,55,0.982,0,91.9,1,0
BUYER-11155,MEDIUM_RISK,448,16,0.819,0,67.7,1,0
BUYER-11156,LOW_RISK,208,66,0.976,0,93.4,1,0
BUYER-11157,HIGH_RISK,220,6,0.77,2,45.0,1,0
BUYER-11158,LOW_RISK,860,66,0.972,0,88.5,1,0
BUYER-11159,LOW_RISK,970,27,0.956,0,91.8,1,0
BUYER-11160,LOW_RISK,1174,75,0.983,0,95.5,1,0
BUYER-11161,LOW_RISK,882,26,0.966,0,87.5,1,0
BUYER-11162,LOW_RISK,795,29,0.963,0,91.0,1,0
BUYER-11163,MEDIUM_RISK,462,15,0.864,0,69.6,1,0
BUYER-11164,LOW_RISK,1352,17,1.0,0,84.6,1,0
BUYER-11165,LOW_RISK,1651,63,0.974,0,86.3,1,0
BUYER-11166,LOW_RISK,1067,13,0.955,0,97.8,1,0
BUYER-11167,LOW_RISK,712,23,0.961,0,84.6,1,0
BUYER-11168,LOW_RISK,1648,39,0.978,0,92.7,1,0
BUYER-11169,LOW_RISK,1256,37,0.999,0,91.9,1,0
BUYER-11170,LOW_RISK,595,78,0.983,0,91.7,1,0
BUYER-11171,MEDIUM_RISK,429,7,0.822,0,70.5,1,0
BUYER-11172,LOW_RISK,697,64,0.982,0,93.8,1,0
BUYER-11173,HIGH_RISK,110,11,0.678,1,39.3,0,1
BUYER-11174,LOW_RISK,357,17,0.961,0,88.4,1,0
BUYER-11175,HIGH_RISK,269,6,0.722,2,32.9,1,0
BUYER-11176,LOW_RISK,819,35,0.975,0,96.8,1,0
BUYER-11177,LOW_RISK,1625,49,0.992,0,91.3,1,0
BUYER-11178,HIGH_RISK,225,4,0.691,1,42.7,1,1
BUYER-11179,LOW_RISK,188,61,0.952,0,93.7,1,0
BUYER-11180,LOW_RISK,484,64,0.971,0,86.6,1,0
BUYER-11181,LOW_RISK,979,14,0.979,0,88.9,1,0
BUYER-11182,MEDIUM_RISK,321,22,0.91,0,68.6,1,0
BUYER-11183,LOW_RISK,351,10,0.952,0,83.7,1,0
BUYER-11184,LOW_RISK,983,55,0.992,0,91.5,1,0
BUYER-11185,LOW_RISK,841,49,0.967,0,87.0,1,0
BUYER-11186,REPEATED_HIGH_RISK,70,2,0.221,6,25.7,1,1
BUYER-11187,LOW_RISK,730,61,0.957,0,93.8,1,0
BUYER-11188,LOW_RISK,1185,48,0.993,0,92.4,1,0
BUYER-11189,LOW_RISK,500,10,0.996,0,87.0,1,0
BUYER-11190,LOW_RISK,1642,26,0.967,0,92.8,1,0
BUYER-11191,LOW_RISK,1348,74,0.997,0,89.3,1,0
BUYER-11192,LOW_RISK,584,17,0.975,0,97.3,1,0
BUYER-11193,LOW_RISK,503,23,0.971,0,88.3,1,0
BUYER-11194,LOW_RISK,1765,61,0.978,0,83.7,1,0
BUYER-11195,LOW_RISK,1714,67,0.953,0,90.5,1,0
BUYER-11196,LOW_RISK,1547,61,0.988,0,83.1,1,0
BUYER-11197,MEDIUM_RISK,150,18,0.813,0,71.1,1,0
BUYER-11198,LOW_RISK,697,10,0.982,0,87.7,1,0
BUYER-11199,LOW_RISK,225,62,0.963,0,84.4,1,0
BUYER-11200,HIGH_RISK,249,8,0.773,1,36.4,1,0
BUYER-11201,LOW_RISK,815,49,0.988,0,88.6,1,0
BUYER-11202,LOW_RISK,467,65,0.984,0,96.6,1,0
BUYER-11203,LOW_RISK,304,50,0.999,0,86.6,1,0
BUYER-11204,LOW_RISK,1184,43,0.954,0,97.9,1,0
BUYER-11205,MEDIUM_RISK,45,8,0.871,0,71.8,1,0
BUYER-11206,MEDIUM_RISK,390,9,0.9,1,78.6,1,0
BUYER-11207,LOW_RISK,1305,78,0.986,0,87.5,1,0
BUYER-11208,LOW_RISK,1407,73,0.996,0,91.0,1,0
BUYER-11209,LOW_RISK,1693,33,0.953,0,93.6,1,1
BUYER-11210,LOW_RISK,1558,54,0.994,0,84.6,1,0
BUYER-11211,LOW_RISK,1796,77,0.987,0,95.4,1,0
BUYER-11212,LOW_RISK,517,39,0.952,0,95.8,1,0
BUYER-11213,LOW_RISK,997,45,0.986,0,82.3,1,0
BUYER-11214,LOW_RISK,1529,41,0.981,0,97.9,1,0
BUYER-11215,MEDIUM_RISK,647,18,0.864,1,61.7,1,0
BUYER-11216,LOW_RISK,1497,46,0.961,0,94.4,1,0
BUYER-11217,LOW_RISK,477,49,0.967,0,89.3,1,0
BUYER-11218,LOW_RISK,1057,73,0.985,0,93.7,1,0
BUYER-11219,LOW_RISK,1628,16,0.965,0,95.7,1,0
BUYER-11220,LOW_RISK,1147,68,0.956,0,92.2,1,0
BUYER-11221,LOW_RISK,1745,60,0.986,0,96.6,1,0
BUYER-11222,LOW_RISK,1164,29,0.989,0,94.6,1,0
BUYER-11223,LOW_RISK,1224,37,0.983,0,86.7,1,0
BUYER-11224,MEDIUM_RISK,606,3,0.857,1,70.1,1,1
BUYER-11225,LOW_RISK,1529,19,0.951,0,91.5,1,0
BUYER-11226,LOW_RISK,1085,47,0.965,0,84.8,1,0
BUYER-11227,LOW_RISK,1220,31,0.979,0,86.0,1,0
BUYER-11228,HIGH_RISK,209,12,0.649,2,34.1,1,1
BUYER-11229,LOW_RISK,1209,26,0.971,0,90.1,1,0
BUYER-11230,LOW_RISK,1417,70,0.998,0,82.8,1,0
BUYER-11231,LOW_RISK,1749,33,0.964,0,91.5,1,0
BUYER-11232,LOW_RISK,183,53,0.982,0,89.5,1,0
BUYER-11233,LOW_RISK,1353,21,0.968,0,95.6,1,0
BUYER-11234,LOW_RISK,1262,43,0.961,0,92.9,1,0
BUYER-11235,LOW_RISK,898,58,0.968,0,83.9,1,0
BUYER-11236,LOW_RISK,481,38,0.964,0,96.7,1,0
BUYER-11237,LOW_RISK,743,17,0.986,0,89.5,1,0
BUYER-11238,MEDIUM_RISK,57,19,0.908,0,64.9,1,1
BUYER-11239,LOW_RISK,1515,37,0.954,0,93.7,1,0
BUYER-11240,LOW_RISK,1390,52,0.981,0,86.7,1,0
BUYER-11241,LOW_RISK,840,67,0.977,0,94.5,1,0
BUYER-11242,MEDIUM_RISK,305,13,0.887,0,72.8,0,0
BUYER-11243,LOW_RISK,608,25,0.958,0,84.6,1,0
BUYER-11244,LOW_RISK,1484,22,0.99,0,84.9,1,0
BUYER-11245,LOW_RISK,811,29,0.955,0,92.6,1,0
BUYER-11246,LOW_RISK,341,50,0.963,0,94.3,1,0
BUYER-11247,LOW_RISK,1313,74,0.979,0,94.3,1,1
BUYER-11248,LOW_RISK,1481,68,0.953,0,82.9,1,0
BUYER-11249,LOW_RISK,237,66,0.951,0,87.9,1,0
BUYER-11250,MEDIUM_RISK,690,3,0.889,0,77.4,1,0
BUYER-11251,LOW_RISK,968,37,0.959,0,88.5,1,1
BUYER-11252,LOW_RISK,702,35,0.957,0,87.4,1,0
BUYER-11253,MEDIUM_RISK,186,3,0.934,0,66.9,0,0
BUYER-11254,MEDIUM_RISK,567,4,0.836,1,66.8,1,0
BUYER-11255,LOW_RISK,1165,75,0.981,0,94.7,1,0
BUYER-11256,HIGH_RISK,343,5,0.684,1,47.7,1,1
BUYER-11257,LOW_RISK,1201,73,0.983,0,84.6,1,0
BUYER-11258,LOW_RISK,1514,34,0.981,0,91.9,1,0
BUYER-11259,MEDIUM_RISK,229,15,0.879,1,57.6,1,1
BUYER-11260,LOW_RISK,1243,48,0.968,0,86.3,1,0
BUYER-11261,LOW_RISK,1570,79,0.984,0,97.7,1,0
BUYER-11262,LOW_RISK,922,67,0.999,0,96.2,1,0
BUYER-11263,LOW_RISK,494,77,0.958,0,94.9,1,0
BUYER-11264,LOW_RISK,1700,12,0.955,0,94.9,1,0
BUYER-11265,LOW_RISK,900,23,0.966,0,93.6,1,0
BUYER-11266,MEDIUM_RISK,351,8,0.867,0,61.8,1,1
BUYER-11267,LOW_RISK,1292,73,0.998,0,87.8,1,0
BUYER-11268,LOW_RISK,858,38,0.96,0,85.3,1,0
BUYER-11269,MEDIUM_RISK,693,17,0.88,0,73.6,1,0
BUYER-11270,LOW_RISK,325,37,0.982,0,95.1,1,0
BUYER-11271,LOW_RISK,854,59,0.994,0,91.9,1,0
BUYER-11272,LOW_RISK,1046,22,0.993,0,88.1,1,0
BUYER-11273,LOW_RISK,1471,16,0.957,0,94.8,1,0
BUYER-11274,LOW_RISK,221,15,0.959,0,90.5,1,0
BUYER-11275,LOW_RISK,810,55,0.994,0,95.1,1,0
BUYER-11276,LOW_RISK,1552,69,0.953,0,82.1,1,0
BUYER-11277,LOW_RISK,427,26,0.997,0,85.6,1,0
BUYER-11278,LOW_RISK,1514,16,0.994,0,94.6,1,0
BUYER-11279,LOW_RISK,575,22,0.981,0,82.0,1,0
BUYER-11280,LOW_RISK,621,73,0.992,0,88.1,1,0
BUYER-11281,LOW_RISK,1404,36,0.959,0,90.9,1,0
BUYER-11282,LOW_RISK,1477,31,0.985,0,96.8,1,0
BUYER-11283,HIGH_RISK,269,6,0.728,1,45.5,1,0
BUYER-11284,LOW_RISK,1766,33,0.959,0,96.6,1,0
BUYER-11285,MEDIUM_RISK,655,18,0.844,0,57.1,1,0
BUYER-11286,LOW_RISK,1709,54,0.958,0,86.2,1,0
BUYER-11287,HIGH_RISK,120,10,0.693,2,46.6,1,1
BUYER-11288,LOW_RISK,233,66,0.966,0,91.6,1,0
BUYER-11289,LOW_RISK,1680,22,0.966,0,92.4,1,0
BUYER-11290,LOW_RISK,694,44,0.99,0,94.8,1,0
BUYER-11291,LOW_RISK,1395,58,0.983,0,87.0,1,0
BUYER-11292,LOW_RISK,1569,59,0.959,0,86.2,1,0
BUYER-11293,LOW_RISK,594,80,0.964,0,97.5,1,0
BUYER-11294,LOW_RISK,1647,28,0.988,0,89.1,1,0
BUYER-11295,LOW_RISK,1541,19,0.992,0,89.2,1,0
BUYER-11296,LOW_RISK,648,62,0.976,0,82.1,1,0
BUYER-11297,LOW_RISK,1090,17,0.966,0,83.8,1,0
BUYER-11298,LOW_RISK,1289,29,0.967,0,92.3,1,0
BUYER-11299,LOW_RISK,422,13,0.997,0,83.4,1,1
BUYER-11300,LOW_RISK,1268,65,0.973,0,98.0,1,0
BUYER-11301,LOW_RISK,1156,55,0.979,0,86.4,1,0
BUYER-11302,LOW_RISK,1699,57,0.971,0,97.2,1,0
BUYER-11303,LOW_RISK,338,62,0.99,0,93.7,1,0
BUYER-11304,LOW_RISK,1585,58,0.99,0,97.5,1,0
BUYER-11305,LOW_RISK,1654,52,0.953,0,86.3,1,0
BUYER-11306,LOW_RISK,737,10,0.988,0,82.0,1,0
BUYER-11307,HIGH_RISK,109,8,0.724,1,37.8,0,1
BUYER-11308,LOW_RISK,955,48,0.973,0,88.7,1,0
BUYER-11309,LOW_RISK,1495,60,0.968,0,89.3,1,0
BUYER-11310,LOW_RISK,574,27,0.979,0,89.6,1,0
BUYER-11311,LOW_RISK,796,20,0.988,0,87.4,1,0
BUYER-11312,LOW_RISK,1067,76,0.966,0,82.3,1,0
BUYER-11313,LOW_RISK,1720,29,0.962,0,82.9,1,0
BUYER-11314,HIGH_RISK,167,15,0.681,1,43.9,0,0
BUYER-11315,HIGH_RISK,75,6,0.734,1,42.8,1,0
BUYER-11316,LOW_RISK,1036,22,0.992,0,97.2,1,0
BUYER-11317,LOW_RISK,864,38,0.992,0,96.4,1,0
BUYER-11318,LOW_RISK,630,11,0.966,0,94.4,1,0
BUYER-11319,LOW_RISK,786,31,0.977,0,82.0,1,0
BUYER-11320,HIGH_RISK,266,13,0.7,2,42.8,0,0
BUYER-11321,LOW_RISK,1035,29,0.979,0,83.0,1,1
BUYER-11322,LOW_RISK,1358,58,0.956,0,95.9,1,1
BUYER-11323,LOW_RISK,1160,24,0.993,0,82.8,1,1
BUYER-11324,LOW_RISK,995,25,0.97,0,82.9,1,0
BUYER-11325,HIGH_RISK,236,15,0.765,2,33.0,1,1
BUYER-11326,LOW_RISK,1360,17,0.963,0,83.9,1,0
BUYER-11327,LOW_RISK,1525,70,0.972,0,88.9,1,0
BUYER-11328,LOW_RISK,595,23,0.98,0,97.7,1,0
BUYER-11329,MEDIUM_RISK,452,17,0.805,0,77.3,1,0
BUYER-11330,LOW_RISK,973,16,0.977,0,86.3,1,0
BUYER-11331,MEDIUM_RISK,460,5,0.921,0,58.6,1,0
BUYER-11332,LOW_RISK,1227,38,0.951,0,92.7,1,0
BUYER-11333,MEDIUM_RISK,531,20,0.872,1,72.1,1,0
BUYER-11334,LOW_RISK,1106,79,0.975,0,90.1,1,0
BUYER-11335,LOW_RISK,704,37,0.973,0,91.9,1,0
BUYER-11336,LOW_RISK,1267,60,0.977,0,88.9,1,0
BUYER-11337,LOW_RISK,542,67,0.999,0,96.7,1,0
BUYER-11338,LOW_RISK,563,39,0.951,0,94.5,1,1
BUYER-11339,MEDIUM_RISK,66,21,0.9,0,56.6,1,0
BUYER-11340,LOW_RISK,844,42,0.974,0,87.3,1,0
BUYER-11341,LOW_RISK,906,12,0.956,0,97.9,1,0
BUYER-11342,LOW_RISK,1738,37,0.969,0,95.7,1,0
BUYER-11343,LOW_RISK,1668,21,0.953,0,87.2,1,0
BUYER-11344,MEDIUM_RISK,486,19,0.935,0,61.6,1,0
BUYER-11345,LOW_RISK,1277,30,0.995,0,84.9,1,1
BUYER-11346,HIGH_RISK,165,14,0.758,2,37.2,0,0
BUYER-11347,HIGH_RISK,326,12,0.758,2,45.5,1,0
BUYER-11348,LOW_RISK,423,40,0.972,0,88.7,1,0
BUYER-11349,LOW_RISK,847,17,0.978,0,92.7,1,0
BUYER-11350,MEDIUM_RISK,201,24,0.913,1,60.2,1,1
BUYER-11351,LOW_RISK,396,57,0.995,0,88.5,1,1
BUYER-11352,LOW_RISK,662,70,0.999,0,83.4,1,0
BUYER-11353,LOW_RISK,636,25,0.994,0,95.3,1,0
BUYER-11354,LOW_RISK,308,56,0.955,0,93.6,1,0
BUYER-11355,LOW_RISK,1632,40,0.969,0,91.3,1,0
BUYER-11356,LOW_RISK,227,13,0.964,0,89.0,1,0
BUYER-11357,LOW_RISK,278,48,0.972,0,86.9,1,0
BUYER-11358,MEDIUM_RISK,642,11,0.808,1,63.3,1,0
BUYER-11359,LOW_RISK,1298,18,0.966,0,91.7,1,0
BUYER-11360,LOW_RISK,636,42,0.995,0,89.9,1,0
BUYER-11361,LOW_RISK,1336,21,1.0,0,93.3,1,0
BUYER-11362,LOW_RISK,328,30,0.972,0,95.5,1,0
BUYER-11363,LOW_RISK,1401,16,0.951,0,90.0,1,0
BUYER-11364,LOW_RISK,1052,16,0.982,0,95.2,1,0
BUYER-11365,LOW_RISK,1250,19,0.995,0,95.3,1,0
BUYER-11366,LOW_RISK,811,20,0.971,0,92.2,1,0
BUYER-11367,LOW_RISK,1659,59,0.955,0,89.6,1,1
BUYER-11368,REPEATED_HIGH_RISK,126,4,0.517,5,11.3,1,0
BUYER-11369,LOW_RISK,184,62,0.994,0,89.5,1,0
BUYER-11370,MEDIUM_RISK,600,3,0.848,1,67.5,1,0
BUYER-11371,MEDIUM_RISK,382,20,0.822,1,79.0,1,0
BUYER-11372,LOW_RISK,203,42,0.981,0,89.7,1,0
BUYER-11373,LOW_RISK,1637,51,0.985,0,84.8,1,0
BUYER-11374,LOW_RISK,193,14,0.962,0,85.2,1,0
BUYER-11375,MEDIUM_RISK,404,5,0.904,1,67.5,1,0
BUYER-11376,LOW_RISK,1027,21,0.972,0,91.4,1,1
BUYER-11377,LOW_RISK,1426,65,0.959,0,84.4,1,0
BUYER-11378,LOW_RISK,815,48,0.982,0,89.5,1,0
BUYER-11379,LOW_RISK,720,22,0.981,0,91.4,1,0
BUYER-11380,LOW_RISK,889,74,0.997,0,84.9,1,0
BUYER-11381,LOW_RISK,923,19,0.98,0,82.6,1,0
BUYER-11382,LOW_RISK,200,27,0.993,0,95.0,1,0
BUYER-11383,LOW_RISK,655,37,0.963,0,92.0,1,0
BUYER-11384,LOW_RISK,454,28,0.972,0,94.0,1,0
BUYER-11385,LOW_RISK,1608,70,0.953,0,87.2,1,0
BUYER-11386,LOW_RISK,806,31,0.971,0,84.8,1,0
BUYER-11387,LOW_RISK,1443,56,0.987,0,86.2,1,0
BUYER-11388,LOW_RISK,1601,45,0.963,0,94.6,1,0
BUYER-11389,REPEATED_HIGH_RISK,30,5,0.399,3,10.3,0,1
BUYER-11390,LOW_RISK,821,53,0.974,0,91.6,1,0
BUYER-11391,LOW_RISK,1774,22,0.984,0,87.9,1,0
BUYER-11392,LOW_RISK,390,36,0.981,0,94.2,1,0
BUYER-11393,LOW_RISK,922,57,0.99,0,86.0,1,0
BUYER-11394,LOW_RISK,599,70,0.968,0,90.1,1,0
BUYER-11395,LOW_RISK,621,73,0.962,0,89.4,1,0
BUYER-11396,LOW_RISK,521,50,0.957,0,97.7,1,0
BUYER-11397,LOW_RISK,631,28,0.964,0,86.0,1,0
BUYER-11398,LOW_RISK,476,22,0.987,0,91.1,1,0
BUYER-11399,LOW_RISK,1699,71,0.99,0,96.2,1,0
BUYER-11400,LOW_RISK,847,65,0.958,0,82.1,1,0
BUYER-11401,LOW_RISK,584,38,0.969,0,82.2,1,0
BUYER-11402,LOW_RISK,1632,43,0.993,0,87.2,1,1
BUYER-11403,MEDIUM_RISK,363,19,0.806,0,76.4,1,0
BUYER-11404,LOW_RISK,1781,76,0.959,0,96.3,1,0
BUYER-11405,MEDIUM_RISK,72,18,0.92,0,68.0,1,0
BUYER-11406,LOW_RISK,1243,58,0.959,0,93.8,1,0
BUYER-11407,LOW_RISK,1248,66,0.987,0,91.2,1,0
BUYER-11408,LOW_RISK,1680,67,0.951,0,88.8,1,1
BUYER-11409,LOW_RISK,1721,30,0.982,0,87.8,1,0
BUYER-11410,LOW_RISK,1217,69,0.986,0,88.1,1,0
BUYER-11411,LOW_RISK,1252,17,0.968,0,90.6,1,0
BUYER-11412,LOW_RISK,1565,27,0.971,0,94.1,1,0
BUYER-11413,LOW_RISK,1627,20,0.999,0,97.9,1,0
BUYER-11414,LOW_RISK,944,12,0.953,0,87.9,1,0
BUYER-11415,LOW_RISK,457,67,0.987,0,97.8,1,1
BUYER-11416,LOW_RISK,620,48,0.988,0,95.3,1,0
BUYER-11417,MEDIUM_RISK,322,17,0.867,0,63.1,1,0
BUYER-11418,LOW_RISK,957,79,0.975,0,92.8,1,0
BUYER-11419,LOW_RISK,613,72,0.954,0,97.8,1,0
BUYER-11420,LOW_RISK,1388,78,0.974,0,90.4,1,1
BUYER-11421,LOW_RISK,1593,52,0.962,0,84.9,1,0
BUYER-11422,LOW_RISK,1374,80,0.987,0,83.2,1,0
BUYER-11423,HIGH_RISK,105,13,0.629,2,45.3,1,0
BUYER-11424,LOW_RISK,636,59,0.99,0,87.3,1,0
BUYER-11425,MEDIUM_RISK,402,9,0.906,0,66.7,1,0
BUYER-11426,LOW_RISK,1735,59,0.963,0,86.6,1,0
BUYER-11427,LOW_RISK,413,30,0.981,0,96.8,1,0
BUYER-11428,LOW_RISK,496,31,0.958,0,90.7,1,0
BUYER-11429,LOW_RISK,1525,36,0.989,0,94.3,1,0
BUYER-11430,LOW_RISK,705,44,0.99,0,84.1,1,0
BUYER-11431,LOW_RISK,1338,59,0.956,0,90.3,1,0
BUYER-11432,LOW_RISK,1096,19,0.978,0,96.1,1,0
BUYER-11433,HIGH_RISK,207,2,0.774,1,39.4,1,1
BUYER-11434,LOW_RISK,1393,35,0.98,0,86.2,1,0
BUYER-11435,LOW_RISK,332,14,0.998,0,92.5,1,0
BUYER-11436,LOW_RISK,1263,35,0.976,0,84.4,1,0
BUYER-11437,LOW_RISK,468,19,0.969,0,97.6,1,0
BUYER-11438,MEDIUM_RISK,558,15,0.802,1,71.7,1,0
BUYER-11439,MEDIUM_RISK,526,19,0.852,0,66.9,1,1
BUYER-11440,LOW_RISK,396,17,0.962,0,92.4,1,0
BUYER-11441,LOW_RISK,1478,11,0.968,0,91.6,1,0
BUYER-11442,LOW_RISK,1513,63,0.996,0,87.1,1,0
BUYER-11443,LOW_RISK,250,59,0.981,0,83.2,1,0
BUYER-11444,LOW_RISK,618,50,0.958,0,90.5,1,0
BUYER-11445,LOW_RISK,1438,10,0.984,0,97.1,1,1
BUYER-11446,MEDIUM_RISK,556,19,0.931,0,73.3,1,0
BUYER-11447,MEDIUM_RISK,567,5,0.813,1,76.5,1,0
BUYER-11448,LOW_RISK,1122,22,0.964,0,93.9,1,1
BUYER-11449,LOW_RISK,598,61,0.951,0,94.5,1,0
BUYER-11450,MEDIUM_RISK,453,19,0.804,0,70.6,1,0
BUYER-11451,LOW_RISK,1323,74,0.964,0,94.5,1,0
BUYER-11452,LOW_RISK,737,36,0.99,0,89.8,1,0
BUYER-11453,LOW_RISK,1776,24,0.992,0,84.8,1,1
BUYER-11454,LOW_RISK,1798,73,1.0,0,95.7,1,0
BUYER-11455,REPEATED_HIGH_RISK,61,10,0.497,4,23.5,1,1
BUYER-11456,LOW_RISK,328,19,0.984,0,90.1,1,0
BUYER-11457,LOW_RISK,803,39,0.976,0,86.8,1,0
BUYER-11458,LOW_RISK,672,15,0.989,0,97.7,1,0
BUYER-11459,MEDIUM_RISK,613,18,0.846,0,73.5,1,0
BUYER-11460,MEDIUM_RISK,554,25,0.91,1,59.2,1,1
BUYER-11461,LOW_RISK,1317,25,0.978,0,97.4,1,1
BUYER-11462,LOW_RISK,314,77,0.992,0,89.6,1,0
BUYER-11463,LOW_RISK,1127,31,0.98,0,93.4,1,0
BUYER-11464,LOW_RISK,1598,39,0.955,0,84.6,1,0
BUYER-11465,LOW_RISK,971,55,0.981,0,89.1,1,0
BUYER-11466,LOW_RISK,973,10,0.961,0,84.1,1,0
BUYER-11467,LOW_RISK,615,23,0.957,0,89.8,1,0
BUYER-11468,LOW_RISK,412,67,0.989,0,82.3,1,0
BUYER-11469,LOW_RISK,543,41,0.993,0,89.9,1,0
BUYER-11470,MEDIUM_RISK,352,19,0.876,0,57.2,1,1
BUYER-11471,LOW_RISK,342,78,0.966,0,95.0,1,0
BUYER-11472,LOW_RISK,229,63,0.961,0,95.7,1,0
BUYER-11473,REPEATED_HIGH_RISK,36,8,0.331,6,11.3,0,1
BUYER-11474,LOW_RISK,991,21,0.978,0,91.1,1,0
BUYER-11475,LOW_RISK,199,54,0.961,0,96.9,1,0
BUYER-11476,LOW_RISK,218,18,0.973,0,92.5,1,0
BUYER-11477,LOW_RISK,550,51,0.953,0,88.4,1,0
BUYER-11478,LOW_RISK,1485,31,0.958,0,90.7,1,0
BUYER-11479,LOW_RISK,216,19,0.961,0,89.2,1,0
BUYER-11480,MEDIUM_RISK,62,8,0.804,1,68.6,1,1
BUYER-11481,LOW_RISK,1326,21,0.992,0,87.0,1,0
BUYER-11482,LOW_RISK,333,45,0.969,0,88.2,1,0
BUYER-11483,LOW_RISK,1622,40,0.991,0,82.6,1,0
BUYER-11484,LOW_RISK,1133,73,0.957,0,89.9,1,1
BUYER-11485,LOW_RISK,254,46,0.968,0,93.1,1,0
BUYER-11486,LOW_RISK,1350,80,0.95,0,93.8,1,0
BUYER-11487,LOW_RISK,599,54,0.961,0,97.4,1,0
BUYER-11488,LOW_RISK,922,13,0.956,0,88.4,1,0
BUYER-11489,LOW_RISK,563,63,0.957,0,97.6,1,0
BUYER-11490,LOW_RISK,253,49,0.992,0,91.2,1,0
BUYER-11491,HIGH_RISK,208,3,0.692,1,32.6,1,0
BUYER-11492,LOW_RISK,923,19,0.991,0,97.2,1,1
BUYER-11493,LOW_RISK,385,36,0.961,0,84.0,1,0
BUYER-11494,LOW_RISK,1391,60,0.972,0,82.9,1,0
BUYER-11495,LOW_RISK,1381,29,0.965,0,82.0,1,0
BUYER-11496,LOW_RISK,813,21,0.982,0,85.2,1,0
BUYER-11497,LOW_RISK,1341,63,0.971,0,85.8,1,0
BUYER-11498,LOW_RISK,1333,16,0.961,0,88.1,1,0
BUYER-11499,LOW_RISK,1533,76,0.998,0,87.8,1,0
BUYER-11500,REPEATED_HIGH_RISK,78,5,0.284,3,19.8,0,1
BUYER-11501,LOW_RISK,1212,12,0.985,0,82.4,1,0
BUYER-11502,MEDIUM_RISK,595,12,0.814,0,58.4,1,0
BUYER-11503,LOW_RISK,952,72,0.968,0,83.5,1,0
BUYER-11504,LOW_RISK,815,65,0.976,0,92.4,1,0
BUYER-11505,LOW_RISK,728,60,0.968,0,97.4,1,0
BUYER-11506,MEDIUM_RISK,48,10,0.881,0,73.4,1,0
BUYER-11507,MEDIUM_RISK,409,14,0.872,0,71.2,0,0
BUYER-11508,LOW_RISK,1651,47,0.969,0,93.9,1,0
BUYER-11509,LOW_RISK,1496,30,0.953,0,90.0,1,1
BUYER-11510,LOW_RISK,1742,12,0.957,0,84.7,1,0
BUYER-11511,LOW_RISK,374,58,0.999,0,83.7,1,0
BUYER-11512,LOW_RISK,1249,80,0.997,0,82.1,1,0
BUYER-11513,MEDIUM_RISK,46,22,0.816,0,66.7,1,0
BUYER-11514,LOW_RISK,894,14,0.973,0,87.5,1,0
BUYER-11515,LOW_RISK,1701,30,0.969,0,96.5,1,0
BUYER-11516,LOW_RISK,1149,55,0.99,0,86.5,1,0
BUYER-11517,LOW_RISK,372,60,0.982,0,92.6,1,0
BUYER-11518,LOW_RISK,1559,75,0.981,0,86.5,1,0
BUYER-11519,LOW_RISK,581,65,0.967,0,90.6,1,0
BUYER-11520,MEDIUM_RISK,681,20,0.916,1,70.3,1,0
BUYER-11521,LOW_RISK,1786,31,0.951,0,96.2,1,0
BUYER-11522,LOW_RISK,706,72,0.954,0,82.5,1,1
BUYER-11523,LOW_RISK,645,59,0.989,0,87.4,1,0
BUYER-11524,LOW_RISK,762,72,0.969,0,86.7,1,0
BUYER-11525,LOW_RISK,697,47,0.989,0,93.6,1,0
BUYER-11526,LOW_RISK,1635,70,0.956,0,96.5,1,0
BUYER-11527,LOW_RISK,1076,47,0.967,0,83.0,1,0
BUYER-11528,MEDIUM_RISK,333,14,0.881,0,63.5,1,1
BUYER-11529,LOW_RISK,1326,16,0.952,0,92.1,1,1
BUYER-11530,LOW_RISK,217,64,0.986,0,87.6,1,0
BUYER-11531,HIGH_RISK,255,5,0.785,1,39.2,1,1
BUYER-11532,LOW_RISK,700,27,0.991,0,93.0,1,0
BUYER-11533,MEDIUM_RISK,637,11,0.828,0,70.1,0,0
BUYER-11534,LOW_RISK,257,13,0.978,0,97.0,1,0
BUYER-11535,LOW_RISK,714,51,0.953,0,90.3,1,0
BUYER-11536,MEDIUM_RISK,300,25,0.86,0,62.1,0,0
BUYER-11537,MEDIUM_RISK,72,7,0.917,0,65.0,1,0
BUYER-11538,LOW_RISK,1080,47,0.956,0,82.9,1,0
BUYER-11539,LOW_RISK,1056,11,0.958,0,87.8,1,0
BUYER-11540,LOW_RISK,867,51,0.995,0,85.2,1,0
BUYER-11541,MEDIUM_RISK,112,9,0.836,0,57.2,1,0
BUYER-11542,LOW_RISK,1042,33,1.0,0,90.7,1,0
BUYER-11543,LOW_RISK,1359,54,0.965,0,83.1,1,0
BUYER-11544,LOW_RISK,937,44,0.984,0,83.5,1,0
BUYER-11545,LOW_RISK,686,67,0.981,0,87.6,1,1
BUYER-11546,LOW_RISK,1305,44,0.978,0,90.9,1,0
BUYER-11547,LOW_RISK,1092,34,0.981,0,85.4,1,0
BUYER-11548,HIGH_RISK,327,13,0.677,1,42.7,1,0
BUYER-11549,LOW_RISK,391,13,0.988,0,97.4,1,0
BUYER-11550,HIGH_RISK,293,4,0.752,2,39.2,1,1
BUYER-11551,LOW_RISK,1533,55,0.972,0,83.7,1,0
BUYER-11552,LOW_RISK,304,58,0.964,0,86.4,1,0
BUYER-11553,LOW_RISK,1017,71,0.969,0,89.4,1,0
BUYER-11554,LOW_RISK,908,58,0.958,0,96.4,1,0
BUYER-11555,LOW_RISK,1316,43,0.996,0,82.9,1,0
BUYER-11556,LOW_RISK,1573,19,0.982,0,98.0,1,0
BUYER-11557,MEDIUM_RISK,343,10,0.911,0,74.9,1,0
BUYER-11558,MEDIUM_RISK,617,21,0.879,0,63.5,1,0
BUYER-11559,LOW_RISK,211,31,0.976,0,83.9,1,0
BUYER-11560,MEDIUM_RISK,177,19,0.848,1,63.0,1,0
BUYER-11561,LOW_RISK,399,42,0.962,0,92.8,1,0
BUYER-11562,LOW_RISK,493,51,0.984,0,84.3,1,0
BUYER-11563,MEDIUM_RISK,282,8,0.931,0,71.1,1,0
BUYER-11564,LOW_RISK,1664,79,0.988,0,87.4,1,0
BUYER-11565,LOW_RISK,1335,25,0.977,0,97.4,1,0
BUYER-11566,LOW_RISK,1332,77,0.952,0,87.6,1,0
BUYER-11567,LOW_RISK,1265,36,0.99,0,94.3,1,0
BUYER-11568,LOW_RISK,267,53,0.96,0,97.5,1,0
BUYER-11569,LOW_RISK,1181,38,0.994,0,93.7,1,0
BUYER-11570,LOW_RISK,1288,38,0.991,0,85.6,1,0
BUYER-11571,LOW_RISK,1259,47,0.951,0,93.8,1,0
BUYER-11572,LOW_RISK,1485,70,0.973,0,88.4,1,0
BUYER-11573,LOW_RISK,471,18,0.979,0,92.3,1,0
BUYER-11574,LOW_RISK,1684,12,0.966,0,95.5,1,0
BUYER-11575,LOW_RISK,387,68,0.952,0,87.7,1,0
BUYER-11576,LOW_RISK,1173,47,0.999,0,94.2,1,0
BUYER-11577,LOW_RISK,893,45,0.951,0,89.0,1,0
BUYER-11578,MEDIUM_RISK,149,12,0.835,0,65.9,1,0
BUYER-11579,LOW_RISK,1068,70,0.96,0,92.3,1,0
BUYER-11580,LOW_RISK,683,24,0.989,0,96.8,1,0
BUYER-11581,LOW_RISK,830,57,0.971,0,88.8,1,0
BUYER-11582,LOW_RISK,824,69,0.981,0,91.0,1,0
BUYER-11583,MEDIUM_RISK,214,16,0.832,1,72.2,1,0
BUYER-11584,LOW_RISK,627,31,0.998,0,97.2,1,0
BUYER-11585,LOW_RISK,1181,15,0.96,0,95.8,1,0
BUYER-11586,LOW_RISK,1441,20,0.979,0,97.8,1,0
BUYER-11587,LOW_RISK,848,62,0.97,0,87.1,1,0
BUYER-11588,LOW_RISK,403,43,0.953,0,85.7,1,0
BUYER-11589,LOW_RISK,571,12,0.995,0,88.4,1,0
BUYER-11590,LOW_RISK,1515,39,0.958,0,91.2,1,0
BUYER-11591,LOW_RISK,1218,66,0.969,0,93.1,1,0
BUYER-11592,MEDIUM_RISK,117,23,0.889,0,65.4,1,0
BUYER-11593,LOW_RISK,905,21,0.979,0,89.5,1,0
BUYER-11594,LOW_RISK,195,30,0.984,0,85.0,1,0
BUYER-11595,MEDIUM_RISK,273,16,0.905,1,65.6,1,0
BUYER-11596,LOW_RISK,1672,37,0.973,0,90.5,1,0
BUYER-11597,LOW_RISK,317,37,0.998,0,90.4,1,0
BUYER-11598,LOW_RISK,718,34,0.964,0,85.0,1,0
BUYER-11599,LOW_RISK,1560,71,0.986,0,94.9,1,0
BUYER-11600,LOW_RISK,1715,28,0.971,0,83.0,1,0
BUYER-11601,LOW_RISK,1696,46,0.973,0,96.8,1,0
BUYER-11602,MEDIUM_RISK,204,3,0.862,0,61.1,1,1
BUYER-11603,HIGH_RISK,290,9,0.768,2,44.8,0,0
BUYER-11604,LOW_RISK,1681,54,0.966,0,86.5,1,0
BUYER-11605,LOW_RISK,842,54,0.99,0,88.7,1,0
BUYER-11606,LOW_RISK,805,67,0.995,0,97.8,1,0
BUYER-11607,LOW_RISK,311,22,0.989,0,90.2,1,0
BUYER-11608,LOW_RISK,849,32,0.97,0,85.7,1,0
BUYER-11609,LOW_RISK,1484,12,0.951,0,95.9,1,0
BUYER-11610,LOW_RISK,1250,44,0.961,0,85.1,1,0
BUYER-11611,MEDIUM_RISK,157,12,0.877,1,63.8,1,0
BUYER-11612,LOW_RISK,1218,23,0.97,0,96.4,1,0
BUYER-11613,LOW_RISK,200,76,0.976,0,82.8,1,1
BUYER-11614,HIGH_RISK,362,14,0.779,1,47.3,1,0
BUYER-11615,LOW_RISK,1220,14,0.988,0,92.7,1,0
BUYER-11616,LOW_RISK,756,46,0.997,0,94.9,1,0
BUYER-11617,LOW_RISK,558,77,0.989,0,88.9,1,0
BUYER-11618,LOW_RISK,1137,36,0.963,0,88.0,1,0
BUYER-11619,MEDIUM_RISK,588,17,0.83,1,74.4,1,0
BUYER-11620,LOW_RISK,592,20,0.963,0,85.1,1,0
BUYER-11621,LOW_RISK,371,76,0.954,0,89.2,1,1
BUYER-11622,LOW_RISK,453,29,0.979,0,85.2,1,0
BUYER-11623,LOW_RISK,1704,10,0.965,0,82.1,1,0
BUYER-11624,LOW_RISK,649,10,0.989,0,92.3,1,0
BUYER-11625,LOW_RISK,1792,39,0.964,0,83.8,1,0
BUYER-11626,LOW_RISK,345,61,0.964,0,88.6,1,0
BUYER-11627,LOW_RISK,1369,33,0.986,0,85.2,1,0
BUYER-11628,LOW_RISK,1594,62,0.978,0,83.5,1,1
BUYER-11629,LOW_RISK,658,70,0.982,0,96.2,1,0
BUYER-11630,LOW_RISK,510,72,0.99,0,94.5,1,0
BUYER-11631,MEDIUM_RISK,135,20,0.811,0,63.3,0,0
BUYER-11632,MEDIUM_RISK,242,24,0.881,0,63.8,1,0
BUYER-11633,LOW_RISK,1211,78,0.962,0,96.9,1,0
BUYER-11634,MEDIUM_RISK,120,9,0.856,0,56.5,1,0
BUYER-11635,LOW_RISK,285,40,0.962,0,87.0,1,0
BUYER-11636,LOW_RISK,1666,70,0.988,0,89.3,1,0
BUYER-11637,LOW_RISK,207,29,0.976,0,87.0,1,0
BUYER-11638,LOW_RISK,209,70,0.958,0,96.6,1,0
BUYER-11639,LOW_RISK,1584,42,0.977,0,83.1,1,0
BUYER-11640,LOW_RISK,873,13,0.962,0,83.4,1,0
BUYER-11641,REPEATED_HIGH_RISK,130,10,0.228,4,16.9,1,1
BUYER-11642,MEDIUM_RISK,678,10,0.884,0,68.0,1,0
BUYER-11643,LOW_RISK,1478,38,0.997,0,97.9,1,0
BUYER-11644,LOW_RISK,1771,29,0.998,0,94.7,1,0
BUYER-11645,LOW_RISK,1792,67,0.982,0,90.3,1,0
BUYER-11646,LOW_RISK,740,64,0.979,0,86.0,1,0
BUYER-11647,LOW_RISK,828,41,0.991,0,88.7,1,0
BUYER-11648,LOW_RISK,1237,29,0.962,0,97.5,1,0
BUYER-11649,LOW_RISK,537,15,0.972,0,92.1,1,0
BUYER-11650,LOW_RISK,1227,63,0.955,0,92.9,1,0
BUYER-11651,LOW_RISK,877,65,0.99,0,92.8,1,0
BUYER-11652,LOW_RISK,1794,30,0.962,0,82.8,1,0
BUYER-11653,LOW_RISK,1603,59,0.975,0,82.5,1,0
BUYER-11654,LOW_RISK,1570,45,0.969,0,82.6,1,0
BUYER-11655,MEDIUM_RISK,116,11,0.899,0,56.9,1,0
BUYER-11656,LOW_RISK,488,10,0.963,0,89.0,1,0
BUYER-11657,HIGH_RISK,96,2,0.788,1,35.4,1,1
BUYER-11658,REPEATED_HIGH_RISK,114,4,0.308,6,14.2,1,1
BUYER-11659,LOW_RISK,855,61,0.959,0,95.1,1,0
BUYER-11660,LOW_RISK,1295,64,0.985,0,89.7,1,0
BUYER-11661,MEDIUM_RISK,256,7,0.912,0,66.0,1,0
BUYER-11662,REPEATED_HIGH_RISK,111,2,0.467,4,20.2,1,1
BUYER-11663,LOW_RISK,1511,52,0.982,0,93.3,1,0
BUYER-11664,LOW_RISK,1014,16,0.971,0,94.4,1,0
BUYER-11665,LOW_RISK,777,19,0.985,0,91.5,1,0
BUYER-11666,LOW_RISK,694,38,0.998,0,88.6,1,0
BUYER-11667,LOW_RISK,1630,41,0.984,0,89.6,1,0
BUYER-11668,MEDIUM_RISK,410,16,0.909,1,76.7,0,0
BUYER-11669,LOW_RISK,1218,44,0.968,0,87.5,1,0
BUYER-11670,LOW_RISK,1107,71,0.986,0,96.2,1,0
BUYER-11671,LOW_RISK,921,27,0.984,0,86.4,1,0
BUYER-11672,LOW_RISK,874,74,0.962,0,83.2,1,0
BUYER-11673,LOW_RISK,1574,75,0.996,0,85.1,1,0
BUYER-11674,MEDIUM_RISK,328,12,0.876,1,68.6,0,0
BUYER-11675,LOW_RISK,520,34,0.988,0,96.2,1,0
BUYER-11676,LOW_RISK,952,14,0.964,0,86.3,1,0
BUYER-11677,LOW_RISK,844,10,0.959,0,95.3,1,0
BUYER-11678,LOW_RISK,978,73,0.982,0,84.5,1,0
BUYER-11679,LOW_RISK,1161,76,0.959,0,87.3,1,0
BUYER-11680,LOW_RISK,1383,79,0.996,0,96.6,1,0
BUYER-11681,LOW_RISK,1734,23,0.986,0,97.4,1,0
BUYER-11682,LOW_RISK,1077,62,0.96,0,84.6,1,0
BUYER-11683,LOW_RISK,777,10,0.961,0,94.7,1,0
BUYER-11684,LOW_RISK,1667,13,0.965,0,89.9,1,0
BUYER-11685,HIGH_RISK,61,12,0.63,2,42.4,0,0
BUYER-11686,LOW_RISK,1304,11,0.976,0,88.0,1,0
BUYER-11687,LOW_RISK,833,25,0.951,0,88.6,1,0
BUYER-11688,LOW_RISK,388,69,0.996,0,82.0,1,0
BUYER-11689,LOW_RISK,1195,74,0.96,0,94.7,1,0
BUYER-11690,LOW_RISK,1569,20,0.962,0,92.0,1,0
BUYER-11691,LOW_RISK,246,31,0.984,0,94.7,1,0
BUYER-11692,LOW_RISK,1384,47,0.959,0,96.4,1,0
BUYER-11693,LOW_RISK,315,61,0.969,0,87.8,1,0
BUYER-11694,MEDIUM_RISK,357,18,0.842,0,64.1,1,0
BUYER-11695,LOW_RISK,1479,29,0.978,0,97.6,1,0
BUYER-11696,LOW_RISK,1583,73,0.983,0,94.1,1,0
BUYER-11697,LOW_RISK,1786,53,0.97,0,95.9,1,0
BUYER-11698,MEDIUM_RISK,375,13,0.867,0,67.6,1,0
BUYER-11699,MEDIUM_RISK,670,12,0.816,0,68.7,1,1
BUYER-11700,LOW_RISK,193,13,0.987,0,96.8,1,0
BUYER-11701,LOW_RISK,418,62,0.994,0,94.9,1,0
BUYER-11702,LOW_RISK,316,53,0.96,0,83.3,1,0
BUYER-11703,LOW_RISK,955,61,0.951,0,93.1,1,0
BUYER-11704,LOW_RISK,780,47,0.985,0,88.0,1,0
BUYER-11705,LOW_RISK,1128,21,0.976,0,86.7,1,0
BUYER-11706,LOW_RISK,651,59,0.993,0,97.6,1,0
BUYER-11707,HIGH_RISK,183,9,0.663,1,45.5,1,1
BUYER-11708,REPEATED_HIGH_RISK,74,8,0.498,6,19.1,1,0
BUYER-11709,LOW_RISK,729,33,0.971,0,88.0,1,0
BUYER-11710,LOW_RISK,662,77,0.977,0,95.0,1,0
BUYER-11711,MEDIUM_RISK,347,22,0.899,0,77.9,1,0
BUYER-11712,LOW_RISK,1385,61,0.969,0,82.8,1,0
BUYER-11713,LOW_RISK,1622,24,0.976,0,94.1,1,0
BUYER-11714,LOW_RISK,1239,14,0.964,0,86.6,1,0
BUYER-11715,LOW_RISK,220,34,0.971,0,85.6,1,0
BUYER-11716,LOW_RISK,806,77,0.972,0,87.3,1,0
BUYER-11717,LOW_RISK,462,59,0.956,0,91.0,1,0
BUYER-11718,LOW_RISK,673,67,0.981,0,95.9,1,0
BUYER-11719,LOW_RISK,503,36,0.994,0,91.6,1,0
BUYER-11720,LOW_RISK,1588,47,0.965,0,97.1,1,1
BUYER-11721,LOW_RISK,323,30,0.954,0,85.2,1,0
BUYER-11722,MEDIUM_RISK,361,13,0.916,0,69.6,1,0
BUYER-11723,LOW_RISK,1401,13,0.996,0,89.6,1,0
BUYER-11724,LOW_RISK,881,61,0.969,0,95.6,1,0
BUYER-11725,LOW_RISK,1727,72,0.957,0,86.0,1,0
BUYER-11726,LOW_RISK,961,36,0.997,0,87.6,1,0
BUYER-11727,LOW_RISK,1259,35,0.972,0,83.2,1,0
BUYER-11728,LOW_RISK,1574,57,0.955,0,94.6,1,0
BUYER-11729,LOW_RISK,763,22,0.962,0,89.8,1,0
BUYER-11730,LOW_RISK,1169,58,1.0,0,91.7,1,0
BUYER-11731,LOW_RISK,1367,35,0.987,0,93.5,1,0
BUYER-11732,LOW_RISK,451,44,0.994,0,88.1,1,0
BUYER-11733,LOW_RISK,626,69,0.954,0,88.7,1,0
BUYER-11734,LOW_RISK,822,52,0.989,0,91.3,1,0
BUYER-11735,LOW_RISK,422,26,0.952,0,91.7,1,0
BUYER-11736,LOW_RISK,865,43,0.984,0,96.8,1,0
BUYER-11737,LOW_RISK,1282,45,0.995,0,85.3,1,0
BUYER-11738,LOW_RISK,1688,77,0.957,0,95.4,1,0
BUYER-11739,LOW_RISK,1095,61,0.979,0,97.3,1,0
BUYER-11740,LOW_RISK,662,59,0.969,0,86.3,1,0
BUYER-11741,LOW_RISK,1298,76,0.971,0,90.1,1,0
BUYER-11742,LOW_RISK,1374,60,0.98,0,82.1,1,0
BUYER-11743,LOW_RISK,1748,71,0.976,0,85.7,1,1
BUYER-11744,REPEATED_HIGH_RISK,27,6,0.246,4,14.5,1,0
BUYER-11745,LOW_RISK,258,46,0.98,0,93.0,1,0
BUYER-11746,LOW_RISK,1797,47,0.963,0,86.5,1,0
BUYER-11747,LOW_RISK,1118,16,0.973,0,87.8,1,0
BUYER-11748,LOW_RISK,738,53,0.986,0,89.7,1,0
BUYER-11749,LOW_RISK,1023,18,0.953,0,87.3,1,0
BUYER-11750,LOW_RISK,1122,30,0.977,0,86.4,1,0
BUYER-11751,LOW_RISK,292,68,0.966,0,83.4,1,0
BUYER-11752,MEDIUM_RISK,658,10,0.886,0,77.4,1,0
BUYER-11753,LOW_RISK,961,10,0.962,0,90.7,1,1
BUYER-11754,LOW_RISK,1324,13,0.961,0,88.6,1,0
BUYER-11755,LOW_RISK,1405,24,0.984,0,82.3,1,0
BUYER-11756,LOW_RISK,1515,57,0.977,0,89.7,1,0
BUYER-11757,LOW_RISK,180,70,0.968,0,83.7,1,0
BUYER-11758,MEDIUM_RISK,619,23,0.894,1,60.2,1,0
BUYER-11759,MEDIUM_RISK,645,23,0.824,0,62.7,1,0
BUYER-11760,LOW_RISK,1105,71,0.985,0,86.9,1,0
BUYER-11761,LOW_RISK,1565,60,0.991,0,83.5,1,0
BUYER-11762,LOW_RISK,1161,71,0.953,0,88.5,1,0
BUYER-11763,LOW_RISK,1012,62,0.987,0,93.8,1,0
BUYER-11764,LOW_RISK,1260,62,0.954,0,96.4,1,0
BUYER-11765,LOW_RISK,643,60,0.96,0,90.5,1,0
BUYER-11766,LOW_RISK,675,11,0.997,0,84.3,1,0
BUYER-11767,LOW_RISK,1019,26,0.965,0,95.1,1,0
BUYER-11768,LOW_RISK,1236,63,0.965,0,91.8,1,0
BUYER-11769,LOW_RISK,1004,60,0.968,0,95.2,1,0
BUYER-11770,LOW_RISK,1341,72,0.973,0,94.4,1,0
BUYER-11771,LOW_RISK,640,60,0.965,0,97.4,1,0
BUYER-11772,LOW_RISK,688,42,0.998,0,92.4,1,0
BUYER-11773,LOW_RISK,768,23,0.957,0,92.4,1,0
BUYER-11774,LOW_RISK,958,31,0.952,0,90.7,1,0
BUYER-11775,REPEATED_HIGH_RISK,15,3,0.466,4,25.9,1,0
BUYER-11776,LOW_RISK,1219,30,0.977,0,96.7,1,0
BUYER-11777,LOW_RISK,1797,30,0.991,0,87.7,1,0
BUYER-11778,LOW_RISK,969,51,0.951,0,92.1,1,0
BUYER-11779,MEDIUM_RISK,438,19,0.86,0,65.1,1,0
BUYER-11780,LOW_RISK,260,14,0.996,0,91.6,1,0
BUYER-11781,LOW_RISK,627,34,0.954,0,96.5,1,0
BUYER-11782,LOW_RISK,452,48,0.951,0,86.4,1,0
BUYER-11783,LOW_RISK,431,50,0.982,0,87.2,1,0
BUYER-11784,LOW_RISK,1592,44,0.985,0,84.3,1,0
BUYER-11785,LOW_RISK,1046,76,0.971,0,95.5,1,0
BUYER-11786,MEDIUM_RISK,697,8,0.867,0,74.5,1,0
BUYER-11787,MEDIUM_RISK,614,9,0.913,0,60.4,0,0
BUYER-11788,LOW_RISK,853,65,0.997,0,91.8,1,0
BUYER-11789,LOW_RISK,496,12,0.955,0,86.3,1,0
BUYER-11790,LOW_RISK,836,67,0.97,0,88.1,1,0
BUYER-11791,LOW_RISK,1028,32,0.994,0,95.5,1,0
BUYER-11792,LOW_RISK,1644,56,0.953,0,88.6,1,0
BUYER-11793,REPEATED_HIGH_RISK,23,2,0.281,5,9.3,0,1
BUYER-11794,LOW_RISK,1512,72,0.994,0,92.7,1,0
BUYER-11795,LOW_RISK,1487,62,0.968,0,84.2,1,0
BUYER-11796,MEDIUM_RISK,291,23,0.94,0,63.9,1,1
BUYER-11797,LOW_RISK,921,46,0.971,0,83.0,1,0
BUYER-11798,LOW_RISK,1529,17,0.961,0,94.1,1,0
BUYER-11799,LOW_RISK,754,62,0.973,0,84.8,1,0
BUYER-11800,LOW_RISK,713,48,0.984,0,83.2,1,0
BUYER-11801,LOW_RISK,1412,75,0.981,0,93.3,1,0
BUYER-11802,LOW_RISK,1224,24,0.995,0,92.9,1,0
BUYER-11803,LOW_RISK,863,37,0.967,0,95.0,1,0
BUYER-11804,REPEATED_HIGH_RISK,74,4,0.33,6,10.5,1,0
BUYER-11805,REPEATED_HIGH_RISK,143,8,0.506,3,17.9,1,1
BUYER-11806,LOW_RISK,1226,20,0.992,0,86.0,1,0
BUYER-11807,LOW_RISK,1217,46,0.998,0,89.3,1,0
BUYER-11808,LOW_RISK,862,19,0.962,0,94.2,1,0
BUYER-11809,LOW_RISK,1766,15,0.973,0,86.4,1,0
BUYER-11810,LOW_RISK,360,74,0.993,0,87.1,1,0
BUYER-11811,HIGH_RISK,206,13,0.767,2,47.0,1,0
BUYER-11812,HIGH_RISK,85,12,0.649,2,44.9,1,0
BUYER-11813,LOW_RISK,1555,50,0.988,0,88.7,1,0
BUYER-11814,LOW_RISK,899,19,0.957,0,88.4,1,0
BUYER-11815,LOW_RISK,227,65,0.955,0,92.0,1,0
BUYER-11816,LOW_RISK,1782,54,0.989,0,89.3,1,0
BUYER-11817,LOW_RISK,1489,66,0.958,0,85.8,1,0
BUYER-11818,LOW_RISK,182,39,0.956,0,90.6,1,0
BUYER-11819,LOW_RISK,955,49,0.961,0,94.2,1,0
BUYER-11820,LOW_RISK,1782,42,0.964,0,95.3,1,0
BUYER-11821,MEDIUM_RISK,160,20,0.802,0,62.7,1,0
BUYER-11822,LOW_RISK,1557,12,0.953,0,97.8,1,0
BUYER-11823,LOW_RISK,1776,36,0.955,0,87.7,1,0
BUYER-11824,LOW_RISK,277,70,0.978,0,85.9,1,0
BUYER-11825,LOW_RISK,880,34,0.979,0,95.6,1,0
BUYER-11826,LOW_RISK,671,44,0.982,0,94.2,1,0
BUYER-11827,LOW_RISK,608,33,0.987,0,84.5,1,0
BUYER-11828,MEDIUM_RISK,427,7,0.804,0,62.9,1,1
BUYER-11829,LOW_RISK,926,57,0.985,0,97.0,1,0
BUYER-11830,LOW_RISK,1664,58,0.991,0,96.2,1,0
BUYER-11831,LOW_RISK,797,73,0.969,0,94.7,1,0
BUYER-11832,LOW_RISK,1681,66,0.977,0,85.5,1,0
BUYER-11833,LOW_RISK,649,41,0.98,0,94.4,1,0
BUYER-11834,MEDIUM_RISK,242,5,0.804,1,71.4,1,0
BUYER-11835,LOW_RISK,342,79,0.975,0,87.7,1,0
BUYER-11836,LOW_RISK,1091,80,0.972,0,96.7,1,0
BUYER-11837,LOW_RISK,1788,77,0.997,0,82.2,1,0
BUYER-11838,LOW_RISK,1338,53,0.974,0,93.6,1,0
BUYER-11839,LOW_RISK,1223,41,0.98,0,90.3,1,0
BUYER-11840,LOW_RISK,204,19,0.978,0,91.0,1,0
BUYER-11841,LOW_RISK,920,76,0.965,0,94.1,1,0
BUYER-11842,LOW_RISK,1480,12,0.992,0,94.1,1,0
BUYER-11843,MEDIUM_RISK,379,16,0.822,1,62.7,1,0
BUYER-11844,LOW_RISK,1708,58,0.982,0,82.1,1,0
BUYER-11845,REPEATED_HIGH_RISK,60,4,0.37,6,15.1,1,0
BUYER-11846,LOW_RISK,1105,52,0.953,0,91.3,1,0
BUYER-11847,MEDIUM_RISK,62,24,0.819,0,66.7,1,0
BUYER-11848,LOW_RISK,1537,26,0.952,0,88.4,1,0
BUYER-11849,LOW_RISK,1378,16,0.994,0,97.7,1,0
BUYER-11850,HIGH_RISK,121,11,0.604,2,38.8,0,1
BUYER-11851,LOW_RISK,711,78,0.963,0,97.9,1,0
BUYER-11852,MEDIUM_RISK,224,22,0.823,0,58.6,1,0
BUYER-11853,MEDIUM_RISK,674,11,0.915,0,73.7,1,1
BUYER-11854,LOW_RISK,206,71,0.962,0,83.6,1,0
BUYER-11855,LOW_RISK,1170,20,0.995,0,92.4,1,0
BUYER-11856,LOW_RISK,1713,10,0.956,0,84.9,1,0
BUYER-11857,LOW_RISK,1730,35,0.988,0,89.8,1,0
BUYER-11858,LOW_RISK,548,19,0.987,0,91.9,1,0
BUYER-11859,LOW_RISK,1470,42,0.996,0,96.3,1,0
BUYER-11860,LOW_RISK,349,60,0.971,0,88.7,1,0
BUYER-11861,MEDIUM_RISK,525,5,0.939,1,66.7,1,0
BUYER-11862,LOW_RISK,1353,38,0.967,0,89.1,1,0
BUYER-11863,LOW_RISK,1040,56,0.957,0,93.2,1,0
BUYER-11864,MEDIUM_RISK,55,20,0.835,0,77.9,1,0
BUYER-11865,LOW_RISK,1740,34,0.951,0,82.1,1,0
BUYER-11866,LOW_RISK,1688,59,0.954,0,95.9,1,0
BUYER-11867,LOW_RISK,633,32,0.955,0,84.5,1,0
BUYER-11868,LOW_RISK,1344,15,0.953,0,97.3,1,0
BUYER-11869,LOW_RISK,784,18,0.99,0,88.1,1,0
BUYER-11870,LOW_RISK,953,44,0.961,0,82.6,1,1
BUYER-11871,REPEATED_HIGH_RISK,103,2,0.505,4,19.1,0,1
BUYER-11872,LOW_RISK,1538,40,0.955,0,89.9,1,0
BUYER-11873,LOW_RISK,614,26,0.993,0,86.8,1,0
BUYER-11874,LOW_RISK,1694,42,0.999,0,89.6,1,0
BUYER-11875,MEDIUM_RISK,69,15,0.807,0,64.4,1,1
BUYER-11876,MEDIUM_RISK,470,17,0.934,0,60.7,1,0
BUYER-11877,LOW_RISK,1108,77,0.977,0,91.9,1,0
BUYER-11878,LOW_RISK,328,42,0.956,0,83.9,1,0
BUYER-11879,LOW_RISK,302,68,0.958,0,91.7,1,0
BUYER-11880,MEDIUM_RISK,545,24,0.836,1,69.9,1,0
BUYER-11881,LOW_RISK,1271,15,0.986,0,92.5,1,0
BUYER-11882,LOW_RISK,1114,17,0.987,0,94.3,1,1
BUYER-11883,LOW_RISK,735,69,0.982,0,92.8,1,0
BUYER-11884,LOW_RISK,1695,52,0.977,0,87.9,1,0
BUYER-11885,LOW_RISK,1728,56,0.972,0,82.3,1,1
BUYER-11886,LOW_RISK,641,38,0.97,0,89.4,1,0
BUYER-11887,LOW_RISK,1671,50,0.982,0,94.0,1,0
BUYER-11888,LOW_RISK,752,72,0.997,0,97.6,1,0
BUYER-11889,LOW_RISK,222,37,0.987,0,97.1,1,0
BUYER-11890,LOW_RISK,1263,46,0.977,0,95.6,1,0
BUYER-11891,LOW_RISK,824,30,0.961,0,82.7,1,1
BUYER-11892,LOW_RISK,189,46,0.966,0,85.4,1,0
BUYER-11893,LOW_RISK,721,37,0.951,0,91.8,1,0
BUYER-11894,LOW_RISK,1295,32,0.951,0,89.4,1,0
BUYER-11895,LOW_RISK,246,10,0.951,0,88.3,1,0
BUYER-11896,LOW_RISK,1755,69,0.967,0,86.2,1,0
BUYER-11897,LOW_RISK,891,35,0.991,0,94.4,1,0
BUYER-11898,MEDIUM_RISK,474,12,0.911,0,57.1,1,0
BUYER-11899,LOW_RISK,1049,36,0.976,0,87.5,1,0
BUYER-11900,LOW_RISK,393,70,0.993,0,84.3,1,0
BUYER-11901,LOW_RISK,1479,35,0.953,0,95.5,1,0
BUYER-11902,HIGH_RISK,193,10,0.631,1,40.1,1,0
BUYER-11903,LOW_RISK,538,59,0.998,0,93.0,1,0
BUYER-11904,LOW_RISK,239,79,0.988,0,82.8,1,0
BUYER-11905,LOW_RISK,1713,43,0.978,0,97.6,1,0
BUYER-11906,LOW_RISK,1485,11,0.977,0,93.1,1,0
BUYER-11907,LOW_RISK,1641,64,0.994,0,83.3,1,0
BUYER-11908,LOW_RISK,520,57,0.975,0,86.8,1,0
BUYER-11909,LOW_RISK,1617,39,0.953,0,97.7,1,0
BUYER-11910,LOW_RISK,1575,69,0.996,0,84.0,1,0
BUYER-11911,MEDIUM_RISK,132,7,0.862,0,71.9,1,0
BUYER-11912,LOW_RISK,1237,23,0.95,0,90.5,1,1
BUYER-11913,LOW_RISK,374,68,1.0,0,96.4,1,0
BUYER-11914,MEDIUM_RISK,268,14,0.818,0,63.0,1,0
BUYER-11915,MEDIUM_RISK,458,18,0.828,1,70.7,1,0
BUYER-11916,REPEATED_HIGH_RISK,36,3,0.205,3,26.7,0,1
BUYER-11917,MEDIUM_RISK,576,16,0.874,0,65.4,1,0
BUYER-11918,REPEATED_HIGH_RISK,114,6,0.238,6,25.7,0,1
BUYER-11919,LOW_RISK,896,49,0.971,0,91.1,1,1
BUYER-11920,MEDIUM_RISK,226,23,0.865,0,78.4,1,0
BUYER-11921,MEDIUM_RISK,381,8,0.844,1,65.7,1,0
BUYER-11922,LOW_RISK,957,78,0.979,0,91.1,1,0
BUYER-11923,LOW_RISK,1602,72,0.986,0,95.0,1,0
BUYER-11924,HIGH_RISK,128,12,0.758,2,38.4,1,1
BUYER-11925,LOW_RISK,974,59,0.952,0,93.6,1,0
BUYER-11926,MEDIUM_RISK,696,10,0.892,0,72.8,1,0
BUYER-11927,LOW_RISK,241,22,0.963,0,93.6,1,0
BUYER-11928,LOW_RISK,1439,55,0.986,0,97.5,1,0
BUYER-11929,LOW_RISK,1570,66,0.99,0,95.0,1,0
BUYER-11930,LOW_RISK,899,22,0.981,0,97.1,1,0
BUYER-11931,LOW_RISK,1671,38,0.957,0,82.9,1,0
BUYER-11932,LOW_RISK,808,72,0.996,0,84.4,1,0
BUYER-11933,LOW_RISK,1649,63,0.954,0,83.5,1,0
BUYER-11934,LOW_RISK,1487,54,0.984,0,92.1,1,0
BUYER-11935,LOW_RISK,650,39,0.99,0,90.1,1,0
BUYER-11936,LOW_RISK,776,21,0.97,0,96.8,1,0
BUYER-11937,LOW_RISK,1579,12,0.972,0,90.8,1,0
BUYER-11938,LOW_RISK,1744,75,0.954,0,93.5,1,0
BUYER-11939,LOW_RISK,1673,62,0.97,0,92.6,1,0
BUYER-11940,LOW_RISK,575,13,0.999,0,91.2,1,0
BUYER-11941,LOW_RISK,298,54,0.997,0,92.2,1,0
BUYER-11942,LOW_RISK,621,43,0.997,0,86.4,1,0
BUYER-11943,LOW_RISK,1342,36,0.97,0,87.1,1,0
BUYER-11944,MEDIUM_RISK,570,4,0.897,0,77.4,1,0
BUYER-11945,MEDIUM_RISK,540,17,0.886,0,77.1,1,0
BUYER-11946,MEDIUM_RISK,284,12,0.868,0,62.1,1,0
BUYER-11947,LOW_RISK,1616,43,0.955,0,88.8,1,0
BUYER-11948,LOW_RISK,973,28,0.955,0,90.6,1,0
BUYER-11949,LOW_RISK,1706,47,0.962,0,91.9,1,0
BUYER-11950,LOW_RISK,765,73,0.965,0,91.6,1,1
BUYER-11951,REPEATED_HIGH_RISK,58,4,0.349,4,22.6,0,1
BUYER-11952,LOW_RISK,1250,71,0.951,0,93.5,1,0
BUYER-11953,LOW_RISK,1487,32,0.979,0,87.4,1,1
BUYER-11954,LOW_RISK,1041,31,0.978,0,91.4,1,0
BUYER-11955,MEDIUM_RISK,599,12,0.849,1,67.6,0,0
BUYER-11956,MEDIUM_RISK,188,15,0.82,0,66.4,0,0
BUYER-11957,LOW_RISK,601,38,0.955,0,96.8,1,0
BUYER-11958,HIGH_RISK,187,10,0.618,2,43.4,1,0
BUYER-11959,LOW_RISK,1327,69,0.97,0,88.4,1,0
BUYER-11960,MEDIUM_RISK,302,3,0.836,0,57.5,1,0
BUYER-11961,HIGH_RISK,241,15,0.741,2,36.4,1,0
BUYER-11962,MEDIUM_RISK,508,16,0.848,0,59.4,1,1
BUYER-11963,LOW_RISK,1755,26,0.965,0,95.5,1,0
BUYER-11964,LOW_RISK,1001,76,0.99,0,97.0,1,0
BUYER-11965,LOW_RISK,415,62,0.98,0,83.1,1,0
BUYER-11966,LOW_RISK,939,19,0.973,0,86.0,1,0
BUYER-11967,MEDIUM_RISK,177,23,0.877,0,62.9,1,0
BUYER-11968,LOW_RISK,1495,68,0.951,0,92.0,1,0
BUYER-11969,LOW_RISK,849,10,0.981,0,87.7,1,0
BUYER-11970,LOW_RISK,1080,43,0.984,0,93.3,1,0
BUYER-11971,LOW_RISK,269,72,0.971,0,87.0,1,0
BUYER-11972,LOW_RISK,1121,76,0.965,0,85.6,1,0
BUYER-11973,LOW_RISK,1544,41,0.956,0,89.3,1,1
BUYER-11974,LOW_RISK,275,73,0.977,0,85.8,1,0
BUYER-11975,LOW_RISK,897,46,0.977,0,92.2,1,0
BUYER-11976,MEDIUM_RISK,160,11,0.851,0,61.9,1,0
BUYER-11977,LOW_RISK,1730,79,0.977,0,88.2,1,1
BUYER-11978,MEDIUM_RISK,45,24,0.826,1,63.8,1,0
BUYER-11979,LOW_RISK,688,49,0.955,0,88.8,1,0
BUYER-11980,LOW_RISK,902,49,0.97,0,94.9,1,0
BUYER-11981,LOW_RISK,382,23,0.982,0,91.3,1,0
BUYER-11982,LOW_RISK,403,14,0.983,0,86.7,1,0
BUYER-11983,LOW_RISK,1768,69,0.993,0,91.1,1,0
BUYER-11984,LOW_RISK,1532,20,0.981,0,95.3,1,0
BUYER-11985,LOW_RISK,1217,40,0.997,0,87.0,1,0
BUYER-11986,LOW_RISK,692,46,0.978,0,96.3,1,0
BUYER-11987,LOW_RISK,196,22,0.957,0,89.6,1,0
BUYER-11988,LOW_RISK,457,66,0.999,0,93.2,1,0
BUYER-11989,LOW_RISK,838,59,0.982,0,97.9,1,0
BUYER-11990,HIGH_RISK,114,15,0.758,1,32.1,0,1
BUYER-11991,LOW_RISK,1389,22,0.984,0,86.5,1,0
BUYER-11992,LOW_RISK,1178,42,0.951,0,90.4,1,0
BUYER-11993,HIGH_RISK,351,5,0.605,1,45.6,1,0
BUYER-11994,LOW_RISK,1729,78,0.98,0,84.6,1,0
BUYER-11995,HIGH_RISK,304,12,0.608,2,38.8,1,1
BUYER-11996,LOW_RISK,378,59,0.966,0,94.0,1,0
BUYER-11997,MEDIUM_RISK,63,7,0.897,0,60.9,1,0
BUYER-11998,LOW_RISK,1041,42,0.966,0,95.1,1,0
BUYER-11999,MEDIUM_RISK,685,13,0.878,0,78.2,1,0
BUYER-12000,LOW_RISK,1254,11,0.996,0,85.8,1,0
